ISO-10303-21;
HEADER;
FILE_DESCRIPTION(('Open CASCADE Model'),'2;1');
FILE_NAME('Open CASCADE Shape Model','2026-08-17T12:41:35',('Author'),(
    'Open CASCADE'),'Open CASCADE STEP processor 7.9','Open CASCADE 7.9'
  ,'Unknown');
FILE_SCHEMA(('AUTOMOTIVE_DESIGN { 1 0 10303 214 1 1 1 1 }'));
ENDSEC;
DATA;
#1 = APPLICATION_PROTOCOL_DEFINITION('international standard',
  'automotive_design',2000,#2);
#2 = APPLICATION_CONTEXT(
  'core data for automotive mechanical design processes');
#3 = SHAPE_DEFINITION_REPRESENTATION(#4,#10);
#4 = PRODUCT_DEFINITION_SHAPE('','',#5);
#5 = PRODUCT_DEFINITION('design','',#6,#9);
#6 = PRODUCT_DEFINITION_FORMATION('','',#7);
#7 = PRODUCT('FH34SRJ-10S-0.5SH','FH34SRJ-10S-0.5SH','',(#8));
#8 = PRODUCT_CONTEXT('',#2,'mechanical');
#9 = PRODUCT_DEFINITION_CONTEXT('part definition',#2,'design');
#10 = SHAPE_REPRESENTATION('',(#11,#15),#19);
#11 = AXIS2_PLACEMENT_3D('',#12,#13,#14);
#12 = CARTESIAN_POINT('',(0.,0.,0.));
#13 = DIRECTION('',(0.,0.,1.));
#14 = DIRECTION('',(1.,0.,-0.));
#15 = AXIS2_PLACEMENT_3D('',#16,#17,#18);
#16 = CARTESIAN_POINT('',(0.,0.,0.));
#17 = DIRECTION('',(0.,0.,1.));
#18 = DIRECTION('',(1.,0.,-0.));
#19 = ( GEOMETRIC_REPRESENTATION_CONTEXT(3) 
GLOBAL_UNCERTAINTY_ASSIGNED_CONTEXT((#23)) GLOBAL_UNIT_ASSIGNED_CONTEXT(
(#20,#21,#22)) REPRESENTATION_CONTEXT('Context #1',
  '3D Context with UNIT and UNCERTAINTY') );
#20 = ( LENGTH_UNIT() NAMED_UNIT(*) SI_UNIT(.MILLI.,.METRE.) );
#21 = ( NAMED_UNIT(*) PLANE_ANGLE_UNIT() SI_UNIT($,.RADIAN.) );
#22 = ( NAMED_UNIT(*) SI_UNIT($,.STERADIAN.) SOLID_ANGLE_UNIT() );
#23 = UNCERTAINTY_MEASURE_WITH_UNIT(LENGTH_MEASURE(1.E-07),#20,
  'distance_accuracy_value','confusion accuracy');
#24 = PRODUCT_RELATED_PRODUCT_CATEGORY('part',$,(#7));
#25 = SHAPE_DEFINITION_REPRESENTATION(#26,#32);
#26 = PRODUCT_DEFINITION_SHAPE('','',#27);
#27 = PRODUCT_DEFINITION('design','',#28,#31);
#28 = PRODUCT_DEFINITION_FORMATION('','',#29);
#29 = PRODUCT('Connector','Connector','',(#30));
#30 = PRODUCT_CONTEXT('',#2,'mechanical');
#31 = PRODUCT_DEFINITION_CONTEXT('part definition',#2,'design');
#32 = ADVANCED_BREP_SHAPE_REPRESENTATION('',(#11,#33),#19271);
#33 = MANIFOLD_SOLID_BREP('',#34);
#34 = CLOSED_SHELL('',(#35,#183,#264,#402,#584,#704,#826,#902,#1017,
    #1116,#1231,#1353,#1429,#1544,#1671,#1892,#2205,#2274,#2486,#2664,
    #2972,#3043,#3112,#3300,#3327,#3354,#3381,#3408,#3435,#3462,#3469,
    #3757,#3867,#3977,#4092,#4168,#4272,#4343,#4414,#4514,#4648,#4719,
    #4790,#4900,#5005,#5081,#5130,#5230,#5257,#5304,#5311,#5338,#5365,
    #5392,#5419,#5446,#5473,#5480,#5529,#5743,#5865,#5912,#5962,#6125,
    #6245,#6321,#6397,#6473,#6559,#6635,#6711,#6787,#6873,#6949,#7035,
    #7111,#7182,#7258,#7305,#7373,#7441,#7468,#7475,#7504,#7580,#7651,
    #7698,#7707,#7756,#7783,#7854,#7976,#8154,#8417,#8466,#8576,#8647,
    #8696,#8792,#8924,#9063,#9322,#10048,#10120,#10147,#10196,#10267,
    #10317,#10366,#10420,#10535,#10584,#10655,#10704,#10800,#10827,
    #10854,#10881,#10928,#10935,#10986,#11042,#11073,#11122,#11423,
    #11540,#11587,#11594,#11648,#11675,#11702,#11709,#11780,#11787,
    #11843,#11850,#11921,#11948,#11979,#12061,#12137,#12215,#12286,
    #12364,#12435,#12462,#12490,#12631,#12751,#12827,#12903,#12979,
    #13065,#13141,#13217,#13293,#13379,#13455,#13541,#13617,#13688,
    #13764,#13811,#13879,#13947,#13974,#13981,#14010,#14135,#14443,
    #14950,#15020,#15047,#15185,#15212,#15239,#15266,#15317,#15344,
    #15351,#15358,#15365,#15372,#15379,#15428,#15478,#15527,#15576,
    #15625,#15674,#15724,#15751,#16025,#16096,#16306,#16333,#16360,
    #16387,#16414,#16441,#16468,#16495,#16502,#16776,#16876,#16945,
    #17135,#17162,#17189,#17216,#17243,#17270,#17297,#17324,#17331,
    #17380,#17387,#17396,#17403,#17412,#17512,#17764,#17835,#18045,
    #18094,#18167,#18194,#18221,#18292,#18341,#18412,#18443,#18492,
    #18682,#18709,#18736,#18763,#18790,#18817,#18844,#18871,#18878,
    #18885,#18912,#18939,#18966,#18993,#19020,#19047,#19074,#19081,
    #19088,#19159,#19186,#19235,#19246,#19257));
#35 = ADVANCED_FACE('',(#36),#50,.T.);
#36 = FACE_BOUND('',#37,.T.);
#37 = EDGE_LOOP('',(#38,#73,#101,#129,#157));
#38 = ORIENTED_EDGE('',*,*,#39,.F.);
#39 = EDGE_CURVE('',#40,#42,#44,.T.);
#40 = VERTEX_POINT('',#41);
#41 = CARTESIAN_POINT('',(-3.3,0.9,1.));
#42 = VERTEX_POINT('',#43);
#43 = CARTESIAN_POINT('',(-3.4,1.,1.));
#44 = SURFACE_CURVE('',#45,(#49,#61),.PCURVE_S1.);
#45 = LINE('',#46,#47);
#46 = CARTESIAN_POINT('',(13.5,-15.9,1.));
#47 = VECTOR('',#48,1.);
#48 = DIRECTION('',(-0.707106781187,0.707106781187,0.));
#49 = PCURVE('',#50,#55);
#50 = PLANE('',#51);
#51 = AXIS2_PLACEMENT_3D('',#52,#53,#54);
#52 = CARTESIAN_POINT('',(-3.35,0.95,0.675));
#53 = DIRECTION('',(0.707106781187,0.707106781187,-2.372388238963E-16));
#54 = DIRECTION('',(-0.707106781187,0.707106781187,-1.096688116283E-16)
  );
#55 = DEFINITIONAL_REPRESENTATION('',(#56),#60);
#56 = LINE('',#57,#58);
#57 = CARTESIAN_POINT('',(-23.82949852598,0.325));
#58 = VECTOR('',#59,1.);
#59 = DIRECTION('',(1.,1.096688116283E-16));
#60 = ( GEOMETRIC_REPRESENTATION_CONTEXT(2) 
PARAMETRIC_REPRESENTATION_CONTEXT() REPRESENTATION_CONTEXT('2D SPACE',''
  ) );
#61 = PCURVE('',#62,#67);
#62 = PLANE('',#63);
#63 = AXIS2_PLACEMENT_3D('',#64,#65,#66);
#64 = CARTESIAN_POINT('',(-41.67662438884,-1.493867268294,1.));
#65 = DIRECTION('',(2.289834988289E-16,2.289834988289E-16,1.));
#66 = DIRECTION('',(0.,-1.,2.289834988289E-16));
#67 = DEFINITIONAL_REPRESENTATION('',(#68),#72);
#68 = LINE('',#69,#70);
#69 = CARTESIAN_POINT('',(14.406132731706,55.176624388842));
#70 = VECTOR('',#71,1.);
#71 = DIRECTION('',(-0.707106781187,-0.707106781187));
#72 = ( GEOMETRIC_REPRESENTATION_CONTEXT(2) 
PARAMETRIC_REPRESENTATION_CONTEXT() REPRESENTATION_CONTEXT('2D SPACE',''
  ) );
#73 = ORIENTED_EDGE('',*,*,#74,.T.);
#74 = EDGE_CURVE('',#40,#75,#77,.T.);
#75 = VERTEX_POINT('',#76);
#76 = CARTESIAN_POINT('',(-3.3,0.9,0.84));
#77 = SURFACE_CURVE('',#78,(#82,#89),.PCURVE_S1.);
#78 = LINE('',#79,#80);
#79 = CARTESIAN_POINT('',(-3.3,0.9,0.841614));
#80 = VECTOR('',#81,1.);
#81 = DIRECTION('',(-2.289834988289E-16,-1.065228634467E-16,-1.));
#82 = PCURVE('',#50,#83);
#83 = DEFINITIONAL_REPRESENTATION('',(#84),#88);
#84 = LINE('',#85,#86);
#85 = CARTESIAN_POINT('',(-7.071067811865E-02,0.166614));
#86 = VECTOR('',#87,1.);
#87 = DIRECTION('',(1.962615573355E-16,-1.));
#88 = ( GEOMETRIC_REPRESENTATION_CONTEXT(2) 
PARAMETRIC_REPRESENTATION_CONTEXT() REPRESENTATION_CONTEXT('2D SPACE',''
  ) );
#89 = PCURVE('',#90,#95);
#90 = PLANE('',#91);
#91 = AXIS2_PLACEMENT_3D('',#92,#93,#94);
#92 = CARTESIAN_POINT('',(-3.3,0.694863,0.841614));
#93 = DIRECTION('',(1.,-5.243344273594E-32,-2.289834988289E-16));
#94 = DIRECTION('',(2.804146475864E-32,1.,-1.065228634467E-16));
#95 = DEFINITIONAL_REPRESENTATION('',(#96),#100);
#96 = LINE('',#97,#98);
#97 = CARTESIAN_POINT('',(0.205137,2.185178063887E-17));
#98 = VECTOR('',#99,1.);
#99 = DIRECTION('',(0.,-1.));
#100 = ( GEOMETRIC_REPRESENTATION_CONTEXT(2) 
PARAMETRIC_REPRESENTATION_CONTEXT() REPRESENTATION_CONTEXT('2D SPACE',''
  ) );
#101 = ORIENTED_EDGE('',*,*,#102,.T.);
#102 = EDGE_CURVE('',#75,#103,#105,.T.);
#103 = VERTEX_POINT('',#104);
#104 = CARTESIAN_POINT('',(-3.3,0.9,0.31));
#105 = SURFACE_CURVE('',#106,(#110,#117),.PCURVE_S1.);
#106 = LINE('',#107,#108);
#107 = CARTESIAN_POINT('',(-3.3,0.9,0.841614));
#108 = VECTOR('',#109,1.);
#109 = DIRECTION('',(-2.289834988289E-16,-1.065228634467E-16,-1.));
#110 = PCURVE('',#50,#111);
#111 = DEFINITIONAL_REPRESENTATION('',(#112),#116);
#112 = LINE('',#113,#114);
#113 = CARTESIAN_POINT('',(-7.071067811865E-02,0.166614));
#114 = VECTOR('',#115,1.);
#115 = DIRECTION('',(1.962615573355E-16,-1.));
#116 = ( GEOMETRIC_REPRESENTATION_CONTEXT(2) 
PARAMETRIC_REPRESENTATION_CONTEXT() REPRESENTATION_CONTEXT('2D SPACE',''
  ) );
#117 = PCURVE('',#118,#123);
#118 = PLANE('',#119);
#119 = AXIS2_PLACEMENT_3D('',#120,#121,#122);
#120 = CARTESIAN_POINT('',(-2.25,0.9,0.29));
#121 = DIRECTION('',(-2.804146475864E-32,-1.,1.065228634467E-16));
#122 = DIRECTION('',(-1.,5.243344273594E-32,2.289834988289E-16));
#123 = DEFINITIONAL_REPRESENTATION('',(#124),#128);
#124 = LINE('',#125,#126);
#125 = CARTESIAN_POINT('',(1.05,-0.551614));
#126 = VECTOR('',#127,1.);
#127 = DIRECTION('',(0.,1.));
#128 = ( GEOMETRIC_REPRESENTATION_CONTEXT(2) 
PARAMETRIC_REPRESENTATION_CONTEXT() REPRESENTATION_CONTEXT('2D SPACE',''
  ) );
#129 = ORIENTED_EDGE('',*,*,#130,.T.);
#130 = EDGE_CURVE('',#103,#131,#133,.T.);
#131 = VERTEX_POINT('',#132);
#132 = CARTESIAN_POINT('',(-3.4,1.,0.31));
#133 = SURFACE_CURVE('',#134,(#138,#145),.PCURVE_S1.);
#134 = LINE('',#135,#136);
#135 = CARTESIAN_POINT('',(4.5,-6.9,0.31));
#136 = VECTOR('',#137,1.);
#137 = DIRECTION('',(-0.707106781187,0.707106781187,5.551115123126E-17)
  );
#138 = PCURVE('',#50,#139);
#139 = DEFINITIONAL_REPRESENTATION('',(#140),#144);
#140 = LINE('',#141,#142);
#141 = CARTESIAN_POINT('',(-11.10157646462,-0.365));
#142 = VECTOR('',#143,1.);
#143 = DIRECTION('',(1.,1.651799628595E-16));
#144 = ( GEOMETRIC_REPRESENTATION_CONTEXT(2) 
PARAMETRIC_REPRESENTATION_CONTEXT() REPRESENTATION_CONTEXT('2D SPACE',''
  ) );
#145 = PCURVE('',#146,#151);
#146 = PLANE('',#147);
#147 = AXIS2_PLACEMENT_3D('',#148,#149,#150);
#148 = CARTESIAN_POINT('',(-3.3,0.29,0.31));
#149 = DIRECTION('',(2.289834988289E-16,1.065228634467E-16,1.));
#150 = DIRECTION('',(2.804146475864E-32,1.,-1.065228634467E-16));
#151 = DEFINITIONAL_REPRESENTATION('',(#152),#156);
#152 = LINE('',#153,#154);
#153 = CARTESIAN_POINT('',(-7.19,-7.8));
#154 = VECTOR('',#155,1.);
#155 = DIRECTION('',(0.707106781187,0.707106781187));
#156 = ( GEOMETRIC_REPRESENTATION_CONTEXT(2) 
PARAMETRIC_REPRESENTATION_CONTEXT() REPRESENTATION_CONTEXT('2D SPACE',''
  ) );
#157 = ORIENTED_EDGE('',*,*,#158,.F.);
#158 = EDGE_CURVE('',#42,#131,#159,.T.);
#159 = SURFACE_CURVE('',#160,(#164,#171),.PCURVE_S1.);
#160 = LINE('',#161,#162);
#161 = CARTESIAN_POINT('',(-3.4,1.,0.841614));
#162 = VECTOR('',#163,1.);
#163 = DIRECTION('',(-2.289834988289E-16,-1.065228634467E-16,-1.));
#164 = PCURVE('',#50,#165);
#165 = DEFINITIONAL_REPRESENTATION('',(#166),#170);
#166 = LINE('',#167,#168);
#167 = CARTESIAN_POINT('',(7.071067811865E-02,0.166614));
#168 = VECTOR('',#169,1.);
#169 = DIRECTION('',(1.962615573355E-16,-1.));
#170 = ( GEOMETRIC_REPRESENTATION_CONTEXT(2) 
PARAMETRIC_REPRESENTATION_CONTEXT() REPRESENTATION_CONTEXT('2D SPACE',''
  ) );
#171 = PCURVE('',#172,#177);
#172 = PLANE('',#173);
#173 = AXIS2_PLACEMENT_3D('',#174,#175,#176);
#174 = CARTESIAN_POINT('',(2.825,1.,0.31));
#175 = DIRECTION('',(2.804146475864E-32,1.,-1.065228634467E-16));
#176 = DIRECTION('',(-2.289834988289E-16,-1.065228634467E-16,-1.));
#177 = DEFINITIONAL_REPRESENTATION('',(#178),#182);
#178 = LINE('',#179,#180);
#179 = CARTESIAN_POINT('',(-0.531614,6.225));
#180 = VECTOR('',#181,1.);
#181 = DIRECTION('',(1.,0.));
#182 = ( GEOMETRIC_REPRESENTATION_CONTEXT(2) 
PARAMETRIC_REPRESENTATION_CONTEXT() REPRESENTATION_CONTEXT('2D SPACE',''
  ) );
#183 = ADVANCED_FACE('',(#184),#118,.F.);
#184 = FACE_BOUND('',#185,.T.);
#185 = EDGE_LOOP('',(#186,#216,#237,#238));
#186 = ORIENTED_EDGE('',*,*,#187,.T.);
#187 = EDGE_CURVE('',#188,#190,#192,.T.);
#188 = VERTEX_POINT('',#189);
#189 = CARTESIAN_POINT('',(-3.27,0.9,0.84));
#190 = VERTEX_POINT('',#191);
#191 = CARTESIAN_POINT('',(-3.27,0.9,0.31));
#192 = SURFACE_CURVE('',#193,(#197,#204),.PCURVE_S1.);
#193 = LINE('',#194,#195);
#194 = CARTESIAN_POINT('',(-3.27,0.9,0.841614));
#195 = VECTOR('',#196,1.);
#196 = DIRECTION('',(-2.289834988289E-16,-1.065228634467E-16,-1.));
#197 = PCURVE('',#118,#198);
#198 = DEFINITIONAL_REPRESENTATION('',(#199),#203);
#199 = LINE('',#200,#201);
#200 = CARTESIAN_POINT('',(1.02,-0.551614));
#201 = VECTOR('',#202,1.);
#202 = DIRECTION('',(0.,1.));
#203 = ( GEOMETRIC_REPRESENTATION_CONTEXT(2) 
PARAMETRIC_REPRESENTATION_CONTEXT() REPRESENTATION_CONTEXT('2D SPACE',''
  ) );
#204 = PCURVE('',#205,#210);
#205 = PLANE('',#206);
#206 = AXIS2_PLACEMENT_3D('',#207,#208,#209);
#207 = CARTESIAN_POINT('',(-3.27,1.045602317761,-0.794708));
#208 = DIRECTION('',(1.,-5.243344273594E-32,-2.289834988289E-16));
#209 = DIRECTION('',(2.804146475864E-32,1.,-1.065228634467E-16));
#210 = DEFINITIONAL_REPRESENTATION('',(#211),#215);
#211 = LINE('',#212,#213);
#212 = CARTESIAN_POINT('',(-0.145602317761,1.636322));
#213 = VECTOR('',#214,1.);
#214 = DIRECTION('',(0.,-1.));
#215 = ( GEOMETRIC_REPRESENTATION_CONTEXT(2) 
PARAMETRIC_REPRESENTATION_CONTEXT() REPRESENTATION_CONTEXT('2D SPACE',''
  ) );
#216 = ORIENTED_EDGE('',*,*,#217,.T.);
#217 = EDGE_CURVE('',#190,#103,#218,.T.);
#218 = SURFACE_CURVE('',#219,(#223,#230),.PCURVE_S1.);
#219 = LINE('',#220,#221);
#220 = CARTESIAN_POINT('',(-4.,0.9,0.31));
#221 = VECTOR('',#222,1.);
#222 = DIRECTION('',(-1.,5.243344273594E-32,2.289834988289E-16));
#223 = PCURVE('',#118,#224);
#224 = DEFINITIONAL_REPRESENTATION('',(#225),#229);
#225 = LINE('',#226,#227);
#226 = CARTESIAN_POINT('',(1.75,-2.E-02));
#227 = VECTOR('',#228,1.);
#228 = DIRECTION('',(1.,0.));
#229 = ( GEOMETRIC_REPRESENTATION_CONTEXT(2) 
PARAMETRIC_REPRESENTATION_CONTEXT() REPRESENTATION_CONTEXT('2D SPACE',''
  ) );
#230 = PCURVE('',#146,#231);
#231 = DEFINITIONAL_REPRESENTATION('',(#232),#236);
#232 = LINE('',#233,#234);
#233 = CARTESIAN_POINT('',(0.61,0.7));
#234 = VECTOR('',#235,1.);
#235 = DIRECTION('',(-9.031806508344E-47,1.));
#236 = ( GEOMETRIC_REPRESENTATION_CONTEXT(2) 
PARAMETRIC_REPRESENTATION_CONTEXT() REPRESENTATION_CONTEXT('2D SPACE',''
  ) );
#237 = ORIENTED_EDGE('',*,*,#102,.F.);
#238 = ORIENTED_EDGE('',*,*,#239,.F.);
#239 = EDGE_CURVE('',#188,#75,#240,.T.);
#240 = SURFACE_CURVE('',#241,(#245,#252),.PCURVE_S1.);
#241 = LINE('',#242,#243);
#242 = CARTESIAN_POINT('',(-4.,0.9,0.84));
#243 = VECTOR('',#244,1.);
#244 = DIRECTION('',(-1.,5.243344273594E-32,2.289834988289E-16));
#245 = PCURVE('',#118,#246);
#246 = DEFINITIONAL_REPRESENTATION('',(#247),#251);
#247 = LINE('',#248,#249);
#248 = CARTESIAN_POINT('',(1.75,-0.55));
#249 = VECTOR('',#250,1.);
#250 = DIRECTION('',(1.,0.));
#251 = ( GEOMETRIC_REPRESENTATION_CONTEXT(2) 
PARAMETRIC_REPRESENTATION_CONTEXT() REPRESENTATION_CONTEXT('2D SPACE',''
  ) );
#252 = PCURVE('',#253,#258);
#253 = PLANE('',#254);
#254 = AXIS2_PLACEMENT_3D('',#255,#256,#257);
#255 = CARTESIAN_POINT('',(-4.325,-6.999999999979E-02,0.84));
#256 = DIRECTION('',(2.289834988289E-16,2.289834988289E-16,1.));
#257 = DIRECTION('',(0.,1.,-2.289834988289E-16));
#258 = DEFINITIONAL_REPRESENTATION('',(#259),#263);
#259 = LINE('',#260,#261);
#260 = CARTESIAN_POINT('',(0.97,-0.325));
#261 = VECTOR('',#262,1.);
#262 = DIRECTION('',(-2.080052407982E-46,1.));
#263 = ( GEOMETRIC_REPRESENTATION_CONTEXT(2) 
PARAMETRIC_REPRESENTATION_CONTEXT() REPRESENTATION_CONTEXT('2D SPACE',''
  ) );
#264 = ADVANCED_FACE('',(#265),#279,.T.);
#265 = FACE_BOUND('',#266,.T.);
#266 = EDGE_LOOP('',(#267,#302,#330,#353));
#267 = ORIENTED_EDGE('',*,*,#268,.T.);
#268 = EDGE_CURVE('',#269,#271,#273,.T.);
#269 = VERTEX_POINT('',#270);
#270 = CARTESIAN_POINT('',(-3.22,0.51,0.94));
#271 = VERTEX_POINT('',#272);
#272 = CARTESIAN_POINT('',(-3.22,1.9,0.94));
#273 = SURFACE_CURVE('',#274,(#278,#290),.PCURVE_S1.);
#274 = LINE('',#275,#276);
#275 = CARTESIAN_POINT('',(-3.22,0.694863,0.94));
#276 = VECTOR('',#277,1.);
#277 = DIRECTION('',(2.804146475864E-32,1.,-1.065228634467E-16));
#278 = PCURVE('',#279,#284);
#279 = PLANE('',#280);
#280 = AXIS2_PLACEMENT_3D('',#281,#282,#283);
#281 = CARTESIAN_POINT('',(-3.245,1.603724317761,0.915));
#282 = DIRECTION('',(-0.707106781187,7.532303909457E-17,0.707106781187)
  );
#283 = DIRECTION('',(0.707106781187,7.532303909457E-17,0.707106781187));
#284 = DEFINITIONAL_REPRESENTATION('',(#285),#289);
#285 = LINE('',#286,#287);
#286 = CARTESIAN_POINT('',(3.535533905933E-02,-0.908861317761));
#287 = VECTOR('',#288,1.);
#288 = DIRECTION('',(-1.109335647967E-31,1.));
#289 = ( GEOMETRIC_REPRESENTATION_CONTEXT(2) 
PARAMETRIC_REPRESENTATION_CONTEXT() REPRESENTATION_CONTEXT('2D SPACE',''
  ) );
#290 = PCURVE('',#291,#296);
#291 = PLANE('',#292);
#292 = AXIS2_PLACEMENT_3D('',#293,#294,#295);
#293 = CARTESIAN_POINT('',(6.25,0.533724317761,0.94));
#294 = DIRECTION('',(-2.289834988289E-16,-2.289834988289E-16,-1.));
#295 = DIRECTION('',(0.,1.,-2.289834988289E-16));
#296 = DEFINITIONAL_REPRESENTATION('',(#297),#301);
#297 = LINE('',#298,#299);
#298 = CARTESIAN_POINT('',(0.161138682239,-9.47));
#299 = VECTOR('',#300,1.);
#300 = DIRECTION('',(1.,-1.094764425254E-46));
#301 = ( GEOMETRIC_REPRESENTATION_CONTEXT(2) 
PARAMETRIC_REPRESENTATION_CONTEXT() REPRESENTATION_CONTEXT('2D SPACE',''
  ) );
#302 = ORIENTED_EDGE('',*,*,#303,.T.);
#303 = EDGE_CURVE('',#271,#304,#306,.T.);
#304 = VERTEX_POINT('',#305);
#305 = CARTESIAN_POINT('',(-3.27,1.9,0.89));
#306 = SURFACE_CURVE('',#307,(#311,#318),.PCURVE_S1.);
#307 = LINE('',#308,#309);
#308 = CARTESIAN_POINT('',(-3.318386,1.9,0.841614));
#309 = VECTOR('',#310,1.);
#310 = DIRECTION('',(-0.707106781187,-1.619157848018E-16,-0.707106781187
    ));
#311 = PCURVE('',#279,#312);
#312 = DEFINITIONAL_REPRESENTATION('',(#313),#317);
#313 = LINE('',#314,#315);
#314 = CARTESIAN_POINT('',(-0.103783476488,0.296275682239));
#315 = VECTOR('',#316,1.);
#316 = DIRECTION('',(-1.,-8.659274570719E-17));
#317 = ( GEOMETRIC_REPRESENTATION_CONTEXT(2) 
PARAMETRIC_REPRESENTATION_CONTEXT() REPRESENTATION_CONTEXT('2D SPACE',''
  ) );
#318 = PCURVE('',#319,#324);
#319 = PLANE('',#320);
#320 = AXIS2_PLACEMENT_3D('',#321,#322,#323);
#321 = CARTESIAN_POINT('',(5.67,1.9,0.94));
#322 = DIRECTION('',(6.753181414995E-18,-1.,1.065228634467E-16));
#323 = DIRECTION('',(-1.,-6.753181414995E-18,2.289834988289E-16));
#324 = DEFINITIONAL_REPRESENTATION('',(#325),#329);
#325 = LINE('',#326,#327);
#326 = CARTESIAN_POINT('',(8.988386,9.8386E-02));
#327 = VECTOR('',#328,1.);
#328 = DIRECTION('',(0.707106781187,0.707106781187));
#329 = ( GEOMETRIC_REPRESENTATION_CONTEXT(2) 
PARAMETRIC_REPRESENTATION_CONTEXT() REPRESENTATION_CONTEXT('2D SPACE',''
  ) );
#330 = ORIENTED_EDGE('',*,*,#331,.T.);
#331 = EDGE_CURVE('',#304,#332,#334,.T.);
#332 = VERTEX_POINT('',#333);
#333 = CARTESIAN_POINT('',(-3.27,0.46,0.89));
#334 = SURFACE_CURVE('',#335,(#339,#346),.PCURVE_S1.);
#335 = LINE('',#336,#337);
#336 = CARTESIAN_POINT('',(-3.27,0.694863,0.89));
#337 = VECTOR('',#338,1.);
#338 = DIRECTION('',(-2.804146475864E-32,-1.,1.065228634467E-16));
#339 = PCURVE('',#279,#340);
#340 = DEFINITIONAL_REPRESENTATION('',(#341),#345);
#341 = LINE('',#342,#343);
#342 = CARTESIAN_POINT('',(-3.535533905933E-02,-0.908861317761));
#343 = VECTOR('',#344,1.);
#344 = DIRECTION('',(1.109335647967E-31,-1.));
#345 = ( GEOMETRIC_REPRESENTATION_CONTEXT(2) 
PARAMETRIC_REPRESENTATION_CONTEXT() REPRESENTATION_CONTEXT('2D SPACE',''
  ) );
#346 = PCURVE('',#205,#347);
#347 = DEFINITIONAL_REPRESENTATION('',(#348),#352);
#348 = LINE('',#349,#350);
#349 = CARTESIAN_POINT('',(-0.350739317761,1.684708));
#350 = VECTOR('',#351,1.);
#351 = DIRECTION('',(-1.,0.));
#352 = ( GEOMETRIC_REPRESENTATION_CONTEXT(2) 
PARAMETRIC_REPRESENTATION_CONTEXT() REPRESENTATION_CONTEXT('2D SPACE',''
  ) );
#353 = ORIENTED_EDGE('',*,*,#354,.T.);
#354 = EDGE_CURVE('',#332,#269,#355,.T.);
#355 = SURFACE_CURVE('',#356,(#361,#368),.PCURVE_S1.);
#356 = ELLIPSE('',#357,7.071067811865E-02,5.E-02);
#357 = AXIS2_PLACEMENT_3D('',#358,#359,#360);
#358 = CARTESIAN_POINT('',(-3.27,0.51,0.89));
#359 = DIRECTION('',(-0.707106781187,7.532303909457E-17,0.707106781187)
  );
#360 = DIRECTION('',(0.707106781187,7.532303909457E-17,0.707106781187));
#361 = PCURVE('',#279,#362);
#362 = DEFINITIONAL_REPRESENTATION('',(#363),#367);
#363 = ELLIPSE('',#364,7.071067811865E-02,5.E-02);
#364 = AXIS2_PLACEMENT_2D('',#365,#366);
#365 = CARTESIAN_POINT('',(-3.535533905933E-02,-1.093724317761));
#366 = DIRECTION('',(1.,-9.860761315263E-32));
#367 = ( GEOMETRIC_REPRESENTATION_CONTEXT(2) 
PARAMETRIC_REPRESENTATION_CONTEXT() REPRESENTATION_CONTEXT('2D SPACE',''
  ) );
#368 = PCURVE('',#369,#374);
#369 = CYLINDRICAL_SURFACE('',#370,5.E-02);
#370 = AXIS2_PLACEMENT_3D('',#371,#372,#373);
#371 = CARTESIAN_POINT('',(1.75,0.51,0.89));
#372 = DIRECTION('',(-1.,5.243344273594E-32,2.289834988289E-16));
#373 = DIRECTION('',(2.804146475864E-32,1.,-1.065228634467E-16));
#374 = DEFINITIONAL_REPRESENTATION('',(#375),#401);
#375 = B_SPLINE_CURVE_WITH_KNOTS('',3,(#376,#377,#378,#379,#380,#381,
    #382,#383,#384,#385,#386,#387,#388,#389,#390,#391,#392,#393,#394,
    #395,#396,#397,#398,#399,#400),.UNSPECIFIED.,.F.,.F.,(4,1,1,1,1,1,1,
    1,1,1,1,1,1,1,1,1,1,1,1,1,1,1,4),(4.712388980385,4.783788813421,
    4.855188646457,4.926588479493,4.997988312529,5.069388145565,
    5.140787978601,5.212187811638,5.283587644674,5.35498747771,
    5.426387310746,5.497787143782,5.569186976818,5.640586809854,
    5.711986642891,5.783386475927,5.854786308963,5.926186141999,
    5.997585975035,6.068985808071,6.140385641107,6.211785474143,
    6.28318530718),.QUASI_UNIFORM_KNOTS.);
#376 = CARTESIAN_POINT('',(3.14159265359,5.02));
#377 = CARTESIAN_POINT('',(3.165392597935,5.018809993522));
#378 = CARTESIAN_POINT('',(3.212992486626,5.016430013242));
#379 = CARTESIAN_POINT('',(3.284392319662,5.012878208411));
#380 = CARTESIAN_POINT('',(3.355792152698,5.009362701631));
#381 = CARTESIAN_POINT('',(3.427191985734,5.0059013982));
#382 = CARTESIAN_POINT('',(3.49859181877,5.002511938517));
#383 = CARTESIAN_POINT('',(3.569991651807,4.999211593852));
#384 = CARTESIAN_POINT('',(3.641391484843,4.996017182175));
#385 = CARTESIAN_POINT('',(3.712791317879,4.992944981431));
#386 = CARTESIAN_POINT('',(3.784191150915,4.990010646863));
#387 = CARTESIAN_POINT('',(3.855590983951,4.987229131163));
#388 = CARTESIAN_POINT('',(3.926990816987,4.9846146083));
#389 = CARTESIAN_POINT('',(3.998390650023,4.982180401281));
#390 = CARTESIAN_POINT('',(4.06979048306,4.97993891427));
#391 = CARTESIAN_POINT('',(4.141190316096,4.977901569361));
#392 = CARTESIAN_POINT('',(4.212590149132,4.976078748435));
#393 = CARTESIAN_POINT('',(4.283989982168,4.974479740028));
#394 = CARTESIAN_POINT('',(4.355389815204,4.973112692846));
#395 = CARTESIAN_POINT('',(4.42678964824,4.971984571087));
#396 = CARTESIAN_POINT('',(4.498189481276,4.97110113072));
#397 = CARTESIAN_POINT('',(4.569589314312,4.970466846242));
#398 = CARTESIAN_POINT('',(4.640989147349,4.970085051748));
#399 = CARTESIAN_POINT('',(4.688589036039,4.969999892172));
#400 = CARTESIAN_POINT('',(4.712388980385,4.97));
#401 = ( GEOMETRIC_REPRESENTATION_CONTEXT(2) 
PARAMETRIC_REPRESENTATION_CONTEXT() REPRESENTATION_CONTEXT('2D SPACE',''
  ) );
#402 = ADVANCED_FACE('',(#403),#205,.F.);
#403 = FACE_BOUND('',#404,.T.);
#404 = EDGE_LOOP('',(#405,#433,#434,#457,#485,#513,#541,#562,#563));
#405 = ORIENTED_EDGE('',*,*,#406,.F.);
#406 = EDGE_CURVE('',#332,#407,#409,.T.);
#407 = VERTEX_POINT('',#408);
#408 = CARTESIAN_POINT('',(-3.27,0.46,0.84));
#409 = SURFACE_CURVE('',#410,(#414,#421),.PCURVE_S1.);
#410 = LINE('',#411,#412);
#411 = CARTESIAN_POINT('',(-3.27,0.46,0.841614));
#412 = VECTOR('',#413,1.);
#413 = DIRECTION('',(-2.289834988289E-16,-1.065228634467E-16,-1.));
#414 = PCURVE('',#205,#415);
#415 = DEFINITIONAL_REPRESENTATION('',(#416),#420);
#416 = LINE('',#417,#418);
#417 = CARTESIAN_POINT('',(-0.585602317761,1.636322));
#418 = VECTOR('',#419,1.);
#419 = DIRECTION('',(0.,-1.));
#420 = ( GEOMETRIC_REPRESENTATION_CONTEXT(2) 
PARAMETRIC_REPRESENTATION_CONTEXT() REPRESENTATION_CONTEXT('2D SPACE',''
  ) );
#421 = PCURVE('',#422,#427);
#422 = PLANE('',#423);
#423 = AXIS2_PLACEMENT_3D('',#424,#425,#426);
#424 = CARTESIAN_POINT('',(5.75,0.46,0.89));
#425 = DIRECTION('',(2.804146475864E-32,1.,-1.065228634467E-16));
#426 = DIRECTION('',(2.289834988289E-16,1.065228634467E-16,1.));
#427 = DEFINITIONAL_REPRESENTATION('',(#428),#432);
#428 = LINE('',#429,#430);
#429 = CARTESIAN_POINT('',(-4.8386E-02,-9.02));
#430 = VECTOR('',#431,1.);
#431 = DIRECTION('',(-1.,0.));
#432 = ( GEOMETRIC_REPRESENTATION_CONTEXT(2) 
PARAMETRIC_REPRESENTATION_CONTEXT() REPRESENTATION_CONTEXT('2D SPACE',''
  ) );
#433 = ORIENTED_EDGE('',*,*,#331,.F.);
#434 = ORIENTED_EDGE('',*,*,#435,.F.);
#435 = EDGE_CURVE('',#436,#304,#438,.T.);
#436 = VERTEX_POINT('',#437);
#437 = CARTESIAN_POINT('',(-3.27,1.9,0.6));
#438 = SURFACE_CURVE('',#439,(#443,#450),.PCURVE_S1.);
#439 = LINE('',#440,#441);
#440 = CARTESIAN_POINT('',(-3.27,1.9,0.841614));
#441 = VECTOR('',#442,1.);
#442 = DIRECTION('',(2.289834988289E-16,2.289834988289E-16,1.));
#443 = PCURVE('',#205,#444);
#444 = DEFINITIONAL_REPRESENTATION('',(#445),#449);
#445 = LINE('',#446,#447);
#446 = CARTESIAN_POINT('',(0.854397682239,1.636322));
#447 = VECTOR('',#448,1.);
#448 = DIRECTION('',(1.224606353822E-16,1.));
#449 = ( GEOMETRIC_REPRESENTATION_CONTEXT(2) 
PARAMETRIC_REPRESENTATION_CONTEXT() REPRESENTATION_CONTEXT('2D SPACE',''
  ) );
#450 = PCURVE('',#319,#451);
#451 = DEFINITIONAL_REPRESENTATION('',(#452),#456);
#452 = LINE('',#453,#454);
#453 = CARTESIAN_POINT('',(8.94,9.8386E-02));
#454 = VECTOR('',#455,1.);
#455 = DIRECTION('',(0.,-1.));
#456 = ( GEOMETRIC_REPRESENTATION_CONTEXT(2) 
PARAMETRIC_REPRESENTATION_CONTEXT() REPRESENTATION_CONTEXT('2D SPACE',''
  ) );
#457 = ORIENTED_EDGE('',*,*,#458,.F.);
#458 = EDGE_CURVE('',#459,#436,#461,.T.);
#459 = VERTEX_POINT('',#460);
#460 = CARTESIAN_POINT('',(-3.27,1.65,0.47));
#461 = SURFACE_CURVE('',#462,(#466,#473),.PCURVE_S1.);
#462 = LINE('',#463,#464);
#463 = CARTESIAN_POINT('',(-3.27,0.694863,-2.667124E-02));
#464 = VECTOR('',#465,1.);
#465 = DIRECTION('',(1.056421638306E-16,0.887216801235,0.461352736642));
#466 = PCURVE('',#205,#467);
#467 = DEFINITIONAL_REPRESENTATION('',(#468),#472);
#468 = LINE('',#469,#470);
#469 = CARTESIAN_POINT('',(-0.350739317761,0.76803676));
#470 = VECTOR('',#471,1.);
#471 = DIRECTION('',(0.887216801235,0.461352736642));
#472 = ( GEOMETRIC_REPRESENTATION_CONTEXT(2) 
PARAMETRIC_REPRESENTATION_CONTEXT() REPRESENTATION_CONTEXT('2D SPACE',''
  ) );
#473 = PCURVE('',#474,#479);
#474 = PLANE('',#475);
#475 = AXIS2_PLACEMENT_3D('',#476,#477,#478);
#476 = CARTESIAN_POINT('',(-7.65,1.9,0.6));
#477 = DIRECTION('',(2.031580073665E-16,-0.461352736642,0.887216801235)
  );
#478 = DIRECTION('',(-1.056421638306E-16,-0.887216801235,-0.461352736642
    ));
#479 = DEFINITIONAL_REPRESENTATION('',(#480),#484);
#480 = LINE('',#481,#482);
#481 = CARTESIAN_POINT('',(1.358334285738,4.38));
#482 = VECTOR('',#483,1.);
#483 = DIRECTION('',(-1.,1.232595164408E-32));
#484 = ( GEOMETRIC_REPRESENTATION_CONTEXT(2) 
PARAMETRIC_REPRESENTATION_CONTEXT() REPRESENTATION_CONTEXT('2D SPACE',''
  ) );
#485 = ORIENTED_EDGE('',*,*,#486,.F.);
#486 = EDGE_CURVE('',#487,#459,#489,.T.);
#487 = VERTEX_POINT('',#488);
#488 = CARTESIAN_POINT('',(-3.27,1.65,0.31));
#489 = SURFACE_CURVE('',#490,(#494,#501),.PCURVE_S1.);
#490 = LINE('',#491,#492);
#491 = CARTESIAN_POINT('',(-3.27,1.65,0.841614));
#492 = VECTOR('',#493,1.);
#493 = DIRECTION('',(2.289834988289E-16,1.065228634467E-16,1.));
#494 = PCURVE('',#205,#495);
#495 = DEFINITIONAL_REPRESENTATION('',(#496),#500);
#496 = LINE('',#497,#498);
#497 = CARTESIAN_POINT('',(0.604397682239,1.636322));
#498 = VECTOR('',#499,1.);
#499 = DIRECTION('',(0.,1.));
#500 = ( GEOMETRIC_REPRESENTATION_CONTEXT(2) 
PARAMETRIC_REPRESENTATION_CONTEXT() REPRESENTATION_CONTEXT('2D SPACE',''
  ) );
#501 = PCURVE('',#502,#507);
#502 = PLANE('',#503);
#503 = AXIS2_PLACEMENT_3D('',#504,#505,#506);
#504 = CARTESIAN_POINT('',(-1.25,1.65,0.47));
#505 = DIRECTION('',(2.804146475864E-32,1.,-1.065228634467E-16));
#506 = DIRECTION('',(2.289834988289E-16,1.065228634467E-16,1.));
#507 = DEFINITIONAL_REPRESENTATION('',(#508),#512);
#508 = LINE('',#509,#510);
#509 = CARTESIAN_POINT('',(0.371614,-2.02));
#510 = VECTOR('',#511,1.);
#511 = DIRECTION('',(1.,0.));
#512 = ( GEOMETRIC_REPRESENTATION_CONTEXT(2) 
PARAMETRIC_REPRESENTATION_CONTEXT() REPRESENTATION_CONTEXT('2D SPACE',''
  ) );
#513 = ORIENTED_EDGE('',*,*,#514,.T.);
#514 = EDGE_CURVE('',#487,#515,#517,.T.);
#515 = VERTEX_POINT('',#516);
#516 = CARTESIAN_POINT('',(-3.27,1.,0.31));
#517 = SURFACE_CURVE('',#518,(#522,#529),.PCURVE_S1.);
#518 = LINE('',#519,#520);
#519 = CARTESIAN_POINT('',(-3.27,1.045602317761,0.31));
#520 = VECTOR('',#521,1.);
#521 = DIRECTION('',(-2.804146475864E-32,-1.,1.065228634467E-16));
#522 = PCURVE('',#205,#523);
#523 = DEFINITIONAL_REPRESENTATION('',(#524),#528);
#524 = LINE('',#525,#526);
#525 = CARTESIAN_POINT('',(-1.176766594325E-16,1.104708));
#526 = VECTOR('',#527,1.);
#527 = DIRECTION('',(-1.,0.));
#528 = ( GEOMETRIC_REPRESENTATION_CONTEXT(2) 
PARAMETRIC_REPRESENTATION_CONTEXT() REPRESENTATION_CONTEXT('2D SPACE',''
  ) );
#529 = PCURVE('',#530,#535);
#530 = PLANE('',#531);
#531 = AXIS2_PLACEMENT_3D('',#532,#533,#534);
#532 = CARTESIAN_POINT('',(1.35,1.673724317761,0.31));
#533 = DIRECTION('',(2.289834988289E-16,1.065228634467E-16,1.));
#534 = DIRECTION('',(-1.,5.243344273594E-32,2.289834988289E-16));
#535 = DEFINITIONAL_REPRESENTATION('',(#536),#540);
#536 = LINE('',#537,#538);
#537 = CARTESIAN_POINT('',(4.62,0.628122));
#538 = VECTOR('',#539,1.);
#539 = DIRECTION('',(9.031806508344E-47,1.));
#540 = ( GEOMETRIC_REPRESENTATION_CONTEXT(2) 
PARAMETRIC_REPRESENTATION_CONTEXT() REPRESENTATION_CONTEXT('2D SPACE',''
  ) );
#541 = ORIENTED_EDGE('',*,*,#542,.T.);
#542 = EDGE_CURVE('',#515,#190,#543,.T.);
#543 = SURFACE_CURVE('',#544,(#548,#555),.PCURVE_S1.);
#544 = LINE('',#545,#546);
#545 = CARTESIAN_POINT('',(-3.27,0.694863,0.31));
#546 = VECTOR('',#547,1.);
#547 = DIRECTION('',(-2.804146475864E-32,-1.,1.065228634467E-16));
#548 = PCURVE('',#205,#549);
#549 = DEFINITIONAL_REPRESENTATION('',(#550),#554);
#550 = LINE('',#551,#552);
#551 = CARTESIAN_POINT('',(-0.350739317761,1.104708));
#552 = VECTOR('',#553,1.);
#553 = DIRECTION('',(-1.,0.));
#554 = ( GEOMETRIC_REPRESENTATION_CONTEXT(2) 
PARAMETRIC_REPRESENTATION_CONTEXT() REPRESENTATION_CONTEXT('2D SPACE',''
  ) );
#555 = PCURVE('',#146,#556);
#556 = DEFINITIONAL_REPRESENTATION('',(#557),#561);
#557 = LINE('',#558,#559);
#558 = CARTESIAN_POINT('',(0.404863,-3.E-02));
#559 = VECTOR('',#560,1.);
#560 = DIRECTION('',(-1.,2.736911063134E-48));
#561 = ( GEOMETRIC_REPRESENTATION_CONTEXT(2) 
PARAMETRIC_REPRESENTATION_CONTEXT() REPRESENTATION_CONTEXT('2D SPACE',''
  ) );
#562 = ORIENTED_EDGE('',*,*,#187,.F.);
#563 = ORIENTED_EDGE('',*,*,#564,.F.);
#564 = EDGE_CURVE('',#407,#188,#565,.T.);
#565 = SURFACE_CURVE('',#566,(#570,#577),.PCURVE_S1.);
#566 = LINE('',#567,#568);
#567 = CARTESIAN_POINT('',(-3.27,0.694863,0.84));
#568 = VECTOR('',#569,1.);
#569 = DIRECTION('',(2.804146475864E-32,1.,-1.065228634467E-16));
#570 = PCURVE('',#205,#571);
#571 = DEFINITIONAL_REPRESENTATION('',(#572),#576);
#572 = LINE('',#573,#574);
#573 = CARTESIAN_POINT('',(-0.350739317761,1.634708));
#574 = VECTOR('',#575,1.);
#575 = DIRECTION('',(1.,0.));
#576 = ( GEOMETRIC_REPRESENTATION_CONTEXT(2) 
PARAMETRIC_REPRESENTATION_CONTEXT() REPRESENTATION_CONTEXT('2D SPACE',''
  ) );
#577 = PCURVE('',#253,#578);
#578 = DEFINITIONAL_REPRESENTATION('',(#579),#583);
#579 = LINE('',#580,#581);
#580 = CARTESIAN_POINT('',(0.764863,-1.055));
#581 = VECTOR('',#582,1.);
#582 = DIRECTION('',(1.,1.094764425254E-46));
#583 = ( GEOMETRIC_REPRESENTATION_CONTEXT(2) 
PARAMETRIC_REPRESENTATION_CONTEXT() REPRESENTATION_CONTEXT('2D SPACE',''
  ) );
#584 = ADVANCED_FACE('',(#585),#599,.T.);
#585 = FACE_BOUND('',#586,.T.);
#586 = EDGE_LOOP('',(#587,#622,#650,#678));
#587 = ORIENTED_EDGE('',*,*,#588,.F.);
#588 = EDGE_CURVE('',#589,#591,#593,.T.);
#589 = VERTEX_POINT('',#590);
#590 = CARTESIAN_POINT('',(-1.6,1.,8.E-02));
#591 = VERTEX_POINT('',#592);
#592 = CARTESIAN_POINT('',(-1.6,0.92,8.E-02));
#593 = SURFACE_CURVE('',#594,(#598,#610),.PCURVE_S1.);
#594 = LINE('',#595,#596);
#595 = CARTESIAN_POINT('',(-1.6,0.694863,8.E-02));
#596 = VECTOR('',#597,1.);
#597 = DIRECTION('',(-1.224606353822E-16,-1.,2.289834988289E-16));
#598 = PCURVE('',#599,#604);
#599 = PLANE('',#600);
#600 = AXIS2_PLACEMENT_3D('',#601,#602,#603);
#601 = CARTESIAN_POINT('',(-1.575,0.85,5.5E-02));
#602 = DIRECTION('',(-0.707106781187,-7.532303909457E-17,-0.707106781187
    ));
#603 = DIRECTION('',(0.707106781187,6.231304445401E-16,-0.707106781187)
  );
#604 = DEFINITIONAL_REPRESENTATION('',(#605),#609);
#605 = LINE('',#606,#607);
#606 = CARTESIAN_POINT('',(-3.535533905933E-02,0.155137));
#607 = VECTOR('',#608,1.);
#608 = DIRECTION('',(-8.716389750491E-16,1.));
#609 = ( GEOMETRIC_REPRESENTATION_CONTEXT(2) 
PARAMETRIC_REPRESENTATION_CONTEXT() REPRESENTATION_CONTEXT('2D SPACE',''
  ) );
#610 = PCURVE('',#611,#616);
#611 = PLANE('',#612);
#612 = AXIS2_PLACEMENT_3D('',#613,#614,#615);
#613 = CARTESIAN_POINT('',(-1.8375,1.,8.E-02));
#614 = DIRECTION('',(-2.289834988289E-16,-2.289834988289E-16,-1.));
#615 = DIRECTION('',(0.,-1.,2.289834988289E-16));
#616 = DEFINITIONAL_REPRESENTATION('',(#617),#621);
#617 = LINE('',#618,#619);
#618 = CARTESIAN_POINT('',(0.305137,-0.2375));
#619 = VECTOR('',#620,1.);
#620 = DIRECTION('',(1.,1.224606353822E-16));
#621 = ( GEOMETRIC_REPRESENTATION_CONTEXT(2) 
PARAMETRIC_REPRESENTATION_CONTEXT() REPRESENTATION_CONTEXT('2D SPACE',''
  ) );
#622 = ORIENTED_EDGE('',*,*,#623,.F.);
#623 = EDGE_CURVE('',#624,#589,#626,.T.);
#624 = VERTEX_POINT('',#625);
#625 = CARTESIAN_POINT('',(-1.55,1.,3.E-02));
#626 = SURFACE_CURVE('',#627,(#631,#638),.PCURVE_S1.);
#627 = LINE('',#628,#629);
#628 = CARTESIAN_POINT('',(-17.,1.,15.48));
#629 = VECTOR('',#630,1.);
#630 = DIRECTION('',(-0.707106781187,1.064046335705E-16,0.707106781187)
  );
#631 = PCURVE('',#599,#632);
#632 = DEFINITIONAL_REPRESENTATION('',(#633),#637);
#633 = LINE('',#634,#635);
#634 = CARTESIAN_POINT('',(-21.8142441996,-0.15));
#635 = VECTOR('',#636,1.);
#636 = DIRECTION('',(-1.,-7.295350781106E-16));
#637 = ( GEOMETRIC_REPRESENTATION_CONTEXT(2) 
PARAMETRIC_REPRESENTATION_CONTEXT() REPRESENTATION_CONTEXT('2D SPACE',''
  ) );
#638 = PCURVE('',#639,#644);
#639 = PLANE('',#640);
#640 = AXIS2_PLACEMENT_3D('',#641,#642,#643);
#641 = CARTESIAN_POINT('',(2.325,1.,0.31));
#642 = DIRECTION('',(2.804146475864E-32,1.,-1.065228634467E-16));
#643 = DIRECTION('',(-2.289834988289E-16,-1.065228634467E-16,-1.));
#644 = DEFINITIONAL_REPRESENTATION('',(#645),#649);
#645 = LINE('',#646,#647);
#646 = CARTESIAN_POINT('',(-15.17,19.325));
#647 = VECTOR('',#648,1.);
#648 = DIRECTION('',(-0.707106781187,0.707106781187));
#649 = ( GEOMETRIC_REPRESENTATION_CONTEXT(2) 
PARAMETRIC_REPRESENTATION_CONTEXT() REPRESENTATION_CONTEXT('2D SPACE',''
  ) );
#650 = ORIENTED_EDGE('',*,*,#651,.F.);
#651 = EDGE_CURVE('',#652,#624,#654,.T.);
#652 = VERTEX_POINT('',#653);
#653 = CARTESIAN_POINT('',(-1.55,0.7,3.E-02));
#654 = SURFACE_CURVE('',#655,(#659,#666),.PCURVE_S1.);
#655 = LINE('',#656,#657);
#656 = CARTESIAN_POINT('',(-1.55,0.694863,3.E-02));
#657 = VECTOR('',#658,1.);
#658 = DIRECTION('',(1.932570076653E-32,1.,-1.065228634467E-16));
#659 = PCURVE('',#599,#660);
#660 = DEFINITIONAL_REPRESENTATION('',(#661),#665);
#661 = LINE('',#662,#663);
#662 = CARTESIAN_POINT('',(3.535533905933E-02,0.155137));
#663 = VECTOR('',#664,1.);
#664 = DIRECTION('',(6.984534836347E-16,-1.));
#665 = ( GEOMETRIC_REPRESENTATION_CONTEXT(2) 
PARAMETRIC_REPRESENTATION_CONTEXT() REPRESENTATION_CONTEXT('2D SPACE',''
  ) );
#666 = PCURVE('',#667,#672);
#667 = PLANE('',#668);
#668 = AXIS2_PLACEMENT_3D('',#669,#670,#671);
#669 = CARTESIAN_POINT('',(-47.1025,1.,3.000000000001E-02));
#670 = DIRECTION('',(-2.289834988289E-16,-1.065228634467E-16,-1.));
#671 = DIRECTION('',(-2.804146475864E-32,-1.,1.065228634467E-16));
#672 = DEFINITIONAL_REPRESENTATION('',(#673),#677);
#673 = LINE('',#674,#675);
#674 = CARTESIAN_POINT('',(0.305137,-45.5525));
#675 = VECTOR('',#676,1.);
#676 = DIRECTION('',(-1.,8.715763992105E-33));
#677 = ( GEOMETRIC_REPRESENTATION_CONTEXT(2) 
PARAMETRIC_REPRESENTATION_CONTEXT() REPRESENTATION_CONTEXT('2D SPACE',''
  ) );
#678 = ORIENTED_EDGE('',*,*,#679,.T.);
#679 = EDGE_CURVE('',#652,#591,#680,.T.);
#680 = SURFACE_CURVE('',#681,(#685,#692),.PCURVE_S1.);
#681 = LINE('',#682,#683);
#682 = CARTESIAN_POINT('',(-1.5488325,0.694863,2.88325E-02));
#683 = VECTOR('',#684,1.);
#684 = DIRECTION('',(-0.216371161204,0.952033109297,0.216371161204));
#685 = PCURVE('',#599,#686);
#686 = DEFINITIONAL_REPRESENTATION('',(#687),#691);
#687 = LINE('',#688,#689);
#688 = CARTESIAN_POINT('',(3.70064333934E-02,0.155137));
#689 = VECTOR('',#690,1.);
#690 = DIRECTION('',(-0.305995030681,-0.952033109297));
#691 = ( GEOMETRIC_REPRESENTATION_CONTEXT(2) 
PARAMETRIC_REPRESENTATION_CONTEXT() REPRESENTATION_CONTEXT('2D SPACE',''
  ) );
#692 = PCURVE('',#693,#698);
#693 = PLANE('',#694);
#694 = AXIS2_PLACEMENT_3D('',#695,#696,#697);
#695 = CARTESIAN_POINT('',(-1.8375,0.92,8.E-02));
#696 = DIRECTION('',(-2.232893331422E-16,0.221621103589,-0.975132855791)
  );
#697 = DIRECTION('',(-5.074757571413E-17,-0.975132855791,-0.221621103589
    ));
#698 = DEFINITIONAL_REPRESENTATION('',(#699),#703);
#699 = LINE('',#700,#701);
#700 = CARTESIAN_POINT('',(0.230878283572,-0.2886675));
#701 = VECTOR('',#702,1.);
#702 = DIRECTION('',(-0.976311180208,0.216371161204));
#703 = ( GEOMETRIC_REPRESENTATION_CONTEXT(2) 
PARAMETRIC_REPRESENTATION_CONTEXT() REPRESENTATION_CONTEXT('2D SPACE',''
  ) );
#704 = ADVANCED_FACE('',(#705),#719,.T.);
#705 = FACE_BOUND('',#706,.T.);
#706 = EDGE_LOOP('',(#707,#742,#771,#799));
#707 = ORIENTED_EDGE('',*,*,#708,.T.);
#708 = EDGE_CURVE('',#709,#711,#713,.T.);
#709 = VERTEX_POINT('',#710);
#710 = CARTESIAN_POINT('',(-0.825,0.92,3.619548911246E-02));
#711 = VERTEX_POINT('',#712);
#712 = CARTESIAN_POINT('',(-0.675,0.92,3.619548911246E-02));
#713 = SURFACE_CURVE('',#714,(#718,#730),.PCURVE_S1.);
#714 = LINE('',#715,#716);
#715 = CARTESIAN_POINT('',(-0.825,0.92,3.619548911246E-02));
#716 = VECTOR('',#717,1.);
#717 = DIRECTION('',(1.,-5.243344273594E-32,-2.289834988289E-16));
#718 = PCURVE('',#719,#724);
#719 = CYLINDRICAL_SURFACE('',#720,3.E-02);
#720 = AXIS2_PLACEMENT_3D('',#721,#722,#723);
#721 = CARTESIAN_POINT('',(-0.825,0.95,3.619548911246E-02));
#722 = DIRECTION('',(1.,-5.243344273594E-32,-2.289834988289E-16));
#723 = DIRECTION('',(-2.080052407982E-46,1.,-2.289834988289E-16));
#724 = DEFINITIONAL_REPRESENTATION('',(#725),#729);
#725 = LINE('',#726,#727);
#726 = CARTESIAN_POINT('',(3.14159265359,0.));
#727 = VECTOR('',#728,1.);
#728 = DIRECTION('',(0.,1.));
#729 = ( GEOMETRIC_REPRESENTATION_CONTEXT(2) 
PARAMETRIC_REPRESENTATION_CONTEXT() REPRESENTATION_CONTEXT('2D SPACE',''
  ) );
#730 = PCURVE('',#731,#736);
#731 = PLANE('',#732);
#732 = AXIS2_PLACEMENT_3D('',#733,#734,#735);
#733 = CARTESIAN_POINT('',(-0.825,0.92,-6.661338147751E-16));
#734 = DIRECTION('',(0.,-1.,2.289834988289E-16));
#735 = DIRECTION('',(2.289834988289E-16,2.289834988289E-16,1.));
#736 = DEFINITIONAL_REPRESENTATION('',(#737),#741);
#737 = LINE('',#738,#739);
#738 = CARTESIAN_POINT('',(3.619548911246E-02,8.288169738796E-18));
#739 = VECTOR('',#740,1.);
#740 = DIRECTION('',(0.,-1.));
#741 = ( GEOMETRIC_REPRESENTATION_CONTEXT(2) 
PARAMETRIC_REPRESENTATION_CONTEXT() REPRESENTATION_CONTEXT('2D SPACE',''
  ) );
#742 = ORIENTED_EDGE('',*,*,#743,.F.);
#743 = EDGE_CURVE('',#744,#711,#746,.T.);
#744 = VERTEX_POINT('',#745);
#745 = CARTESIAN_POINT('',(-0.675,0.943186633611,6.541154699934E-02));
#746 = SURFACE_CURVE('',#747,(#752,#759),.PCURVE_S1.);
#747 = CIRCLE('',#748,3.E-02);
#748 = AXIS2_PLACEMENT_3D('',#749,#750,#751);
#749 = CARTESIAN_POINT('',(-0.675,0.95,3.619548911246E-02));
#750 = DIRECTION('',(1.,-5.243344273594E-32,-2.289834988289E-16));
#751 = DIRECTION('',(-2.080052407982E-46,1.,-2.289834988289E-16));
#752 = PCURVE('',#719,#753);
#753 = DEFINITIONAL_REPRESENTATION('',(#754),#758);
#754 = LINE('',#755,#756);
#755 = CARTESIAN_POINT('',(-8.881784197001E-16,0.15));
#756 = VECTOR('',#757,1.);
#757 = DIRECTION('',(1.,0.));
#758 = ( GEOMETRIC_REPRESENTATION_CONTEXT(2) 
PARAMETRIC_REPRESENTATION_CONTEXT() REPRESENTATION_CONTEXT('2D SPACE',''
  ) );
#759 = PCURVE('',#760,#765);
#760 = PLANE('',#761);
#761 = AXIS2_PLACEMENT_3D('',#762,#763,#764);
#762 = CARTESIAN_POINT('',(-0.675,1.245779075398,0.170500231015));
#763 = DIRECTION('',(1.,-5.243344273594E-32,-2.289834988289E-16));
#764 = DIRECTION('',(5.243344273594E-32,1.,0.));
#765 = DEFINITIONAL_REPRESENTATION('',(#766),#770);
#766 = CIRCLE('',#767,3.E-02);
#767 = AXIS2_PLACEMENT_2D('',#768,#769);
#768 = CARTESIAN_POINT('',(-0.295779075398,-0.134304741903));
#769 = DIRECTION('',(1.,-2.289834988289E-16));
#770 = ( GEOMETRIC_REPRESENTATION_CONTEXT(2) 
PARAMETRIC_REPRESENTATION_CONTEXT() REPRESENTATION_CONTEXT('2D SPACE',''
  ) );
#771 = ORIENTED_EDGE('',*,*,#772,.F.);
#772 = EDGE_CURVE('',#773,#744,#775,.T.);
#773 = VERTEX_POINT('',#774);
#774 = CARTESIAN_POINT('',(-0.825,0.943186633611,6.541154699934E-02));
#775 = SURFACE_CURVE('',#776,(#780,#787),.PCURVE_S1.);
#776 = LINE('',#777,#778);
#777 = CARTESIAN_POINT('',(-0.825,0.943186633611,6.541154699934E-02));
#778 = VECTOR('',#779,1.);
#779 = DIRECTION('',(1.,-5.243344273594E-32,-2.289834988289E-16));
#780 = PCURVE('',#719,#781);
#781 = DEFINITIONAL_REPRESENTATION('',(#782),#786);
#782 = LINE('',#783,#784);
#783 = CARTESIAN_POINT('',(1.799907705522,0.));
#784 = VECTOR('',#785,1.);
#785 = DIRECTION('',(0.,1.));
#786 = ( GEOMETRIC_REPRESENTATION_CONTEXT(2) 
PARAMETRIC_REPRESENTATION_CONTEXT() REPRESENTATION_CONTEXT('2D SPACE',''
  ) );
#787 = PCURVE('',#788,#793);
#788 = PLANE('',#789);
#789 = AXIS2_PLACEMENT_3D('',#790,#791,#792);
#790 = CARTESIAN_POINT('',(-0.825,0.943186633611,6.541154699934E-02));
#791 = DIRECTION('',(2.229998385642E-16,-0.227112212966,0.973868596229)
  );
#792 = DIRECTION('',(5.200494915182E-17,0.973868596229,0.227112212966));
#793 = DEFINITIONAL_REPRESENTATION('',(#794),#798);
#794 = LINE('',#795,#796);
#795 = CARTESIAN_POINT('',(0.,0.));
#796 = VECTOR('',#797,1.);
#797 = DIRECTION('',(-9.244463733059E-32,-1.));
#798 = ( GEOMETRIC_REPRESENTATION_CONTEXT(2) 
PARAMETRIC_REPRESENTATION_CONTEXT() REPRESENTATION_CONTEXT('2D SPACE',''
  ) );
#799 = ORIENTED_EDGE('',*,*,#800,.T.);
#800 = EDGE_CURVE('',#773,#709,#801,.T.);
#801 = SURFACE_CURVE('',#802,(#807,#814),.PCURVE_S1.);
#802 = CIRCLE('',#803,3.E-02);
#803 = AXIS2_PLACEMENT_3D('',#804,#805,#806);
#804 = CARTESIAN_POINT('',(-0.825,0.95,3.619548911246E-02));
#805 = DIRECTION('',(1.,-5.243344273594E-32,-2.289834988289E-16));
#806 = DIRECTION('',(-2.080052407982E-46,1.,-2.289834988289E-16));
#807 = PCURVE('',#719,#808);
#808 = DEFINITIONAL_REPRESENTATION('',(#809),#813);
#809 = LINE('',#810,#811);
#810 = CARTESIAN_POINT('',(-6.661338147751E-16,0.));
#811 = VECTOR('',#812,1.);
#812 = DIRECTION('',(1.,0.));
#813 = ( GEOMETRIC_REPRESENTATION_CONTEXT(2) 
PARAMETRIC_REPRESENTATION_CONTEXT() REPRESENTATION_CONTEXT('2D SPACE',''
  ) );
#814 = PCURVE('',#815,#820);
#815 = PLANE('',#816);
#816 = AXIS2_PLACEMENT_3D('',#817,#818,#819);
#817 = CARTESIAN_POINT('',(-0.825,1.245779075398,0.170500231015));
#818 = DIRECTION('',(1.,-5.243344273594E-32,-2.289834988289E-16));
#819 = DIRECTION('',(5.243344273594E-32,1.,0.));
#820 = DEFINITIONAL_REPRESENTATION('',(#821),#825);
#821 = CIRCLE('',#822,3.E-02);
#822 = AXIS2_PLACEMENT_2D('',#823,#824);
#823 = CARTESIAN_POINT('',(-0.295779075398,-0.134304741903));
#824 = DIRECTION('',(1.,-2.289834988289E-16));
#825 = ( GEOMETRIC_REPRESENTATION_CONTEXT(2) 
PARAMETRIC_REPRESENTATION_CONTEXT() REPRESENTATION_CONTEXT('2D SPACE',''
  ) );
#826 = ADVANCED_FACE('',(#827),#90,.T.);
#827 = FACE_BOUND('',#828,.T.);
#828 = EDGE_LOOP('',(#829,#830,#853,#881));
#829 = ORIENTED_EDGE('',*,*,#74,.F.);
#830 = ORIENTED_EDGE('',*,*,#831,.F.);
#831 = EDGE_CURVE('',#832,#40,#834,.T.);
#832 = VERTEX_POINT('',#833);
#833 = CARTESIAN_POINT('',(-3.3,-2.E-02,1.));
#834 = SURFACE_CURVE('',#835,(#839,#846),.PCURVE_S1.);
#835 = LINE('',#836,#837);
#836 = CARTESIAN_POINT('',(-3.3,0.694863,1.));
#837 = VECTOR('',#838,1.);
#838 = DIRECTION('',(0.,1.,-2.289834988289E-16));
#839 = PCURVE('',#90,#840);
#840 = DEFINITIONAL_REPRESENTATION('',(#841),#845);
#841 = LINE('',#842,#843);
#842 = CARTESIAN_POINT('',(-1.687173024987E-17,0.158386));
#843 = VECTOR('',#844,1.);
#844 = DIRECTION('',(1.,-1.224606353822E-16));
#845 = ( GEOMETRIC_REPRESENTATION_CONTEXT(2) 
PARAMETRIC_REPRESENTATION_CONTEXT() REPRESENTATION_CONTEXT('2D SPACE',''
  ) );
#846 = PCURVE('',#62,#847);
#847 = DEFINITIONAL_REPRESENTATION('',(#848),#852);
#848 = LINE('',#849,#850);
#849 = CARTESIAN_POINT('',(-2.188730268294,38.376624388842));
#850 = VECTOR('',#851,1.);
#851 = DIRECTION('',(-1.,0.));
#852 = ( GEOMETRIC_REPRESENTATION_CONTEXT(2) 
PARAMETRIC_REPRESENTATION_CONTEXT() REPRESENTATION_CONTEXT('2D SPACE',''
  ) );
#853 = ORIENTED_EDGE('',*,*,#854,.F.);
#854 = EDGE_CURVE('',#855,#832,#857,.T.);
#855 = VERTEX_POINT('',#856);
#856 = CARTESIAN_POINT('',(-3.3,-2.E-02,0.84));
#857 = SURFACE_CURVE('',#858,(#862,#869),.PCURVE_S1.);
#858 = LINE('',#859,#860);
#859 = CARTESIAN_POINT('',(-3.3,-2.E-02,0.841614));
#860 = VECTOR('',#861,1.);
#861 = DIRECTION('',(2.289834988289E-16,1.065228634467E-16,1.));
#862 = PCURVE('',#90,#863);
#863 = DEFINITIONAL_REPRESENTATION('',(#864),#868);
#864 = LINE('',#865,#866);
#865 = CARTESIAN_POINT('',(-0.714863,-7.61492537321E-17));
#866 = VECTOR('',#867,1.);
#867 = DIRECTION('',(0.,1.));
#868 = ( GEOMETRIC_REPRESENTATION_CONTEXT(2) 
PARAMETRIC_REPRESENTATION_CONTEXT() REPRESENTATION_CONTEXT('2D SPACE',''
  ) );
#869 = PCURVE('',#870,#875);
#870 = PLANE('',#871);
#871 = AXIS2_PLACEMENT_3D('',#872,#873,#874);
#872 = CARTESIAN_POINT('',(7.3,-2.E-02,1.05));
#873 = DIRECTION('',(-2.804146475864E-32,-1.,1.065228634467E-16));
#874 = DIRECTION('',(-2.289834988289E-16,-1.065228634467E-16,-1.));
#875 = DEFINITIONAL_REPRESENTATION('',(#876),#880);
#876 = LINE('',#877,#878);
#877 = CARTESIAN_POINT('',(0.208386,-10.6));
#878 = VECTOR('',#879,1.);
#879 = DIRECTION('',(-1.,0.));
#880 = ( GEOMETRIC_REPRESENTATION_CONTEXT(2) 
PARAMETRIC_REPRESENTATION_CONTEXT() REPRESENTATION_CONTEXT('2D SPACE',''
  ) );
#881 = ORIENTED_EDGE('',*,*,#882,.F.);
#882 = EDGE_CURVE('',#75,#855,#883,.T.);
#883 = SURFACE_CURVE('',#884,(#888,#895),.PCURVE_S1.);
#884 = LINE('',#885,#886);
#885 = CARTESIAN_POINT('',(-3.3,0.694863,0.84));
#886 = VECTOR('',#887,1.);
#887 = DIRECTION('',(-2.804146475864E-32,-1.,1.065228634467E-16));
#888 = PCURVE('',#90,#889);
#889 = DEFINITIONAL_REPRESENTATION('',(#890),#894);
#890 = LINE('',#891,#892);
#891 = CARTESIAN_POINT('',(-9.99028794261E-16,-1.61399999999E-03));
#892 = VECTOR('',#893,1.);
#893 = DIRECTION('',(-1.,0.));
#894 = ( GEOMETRIC_REPRESENTATION_CONTEXT(2) 
PARAMETRIC_REPRESENTATION_CONTEXT() REPRESENTATION_CONTEXT('2D SPACE',''
  ) );
#895 = PCURVE('',#253,#896);
#896 = DEFINITIONAL_REPRESENTATION('',(#897),#901);
#897 = LINE('',#898,#899);
#898 = CARTESIAN_POINT('',(0.764863,-1.025));
#899 = VECTOR('',#900,1.);
#900 = DIRECTION('',(-1.,-1.094764425254E-46));
#901 = ( GEOMETRIC_REPRESENTATION_CONTEXT(2) 
PARAMETRIC_REPRESENTATION_CONTEXT() REPRESENTATION_CONTEXT('2D SPACE',''
  ) );
#902 = ADVANCED_FACE('',(#903),#917,.T.);
#903 = FACE_BOUND('',#904,.T.);
#904 = EDGE_LOOP('',(#905,#940,#963,#991));
#905 = ORIENTED_EDGE('',*,*,#906,.T.);
#906 = EDGE_CURVE('',#907,#909,#911,.T.);
#907 = VERTEX_POINT('',#908);
#908 = CARTESIAN_POINT('',(-3.5,-0.8,8.E-02));
#909 = VERTEX_POINT('',#910);
#910 = CARTESIAN_POINT('',(-3.5,1.,8.E-02));
#911 = SURFACE_CURVE('',#912,(#916,#928),.PCURVE_S1.);
#912 = LINE('',#913,#914);
#913 = CARTESIAN_POINT('',(-3.5,1.744235,8.E-02));
#914 = VECTOR('',#915,1.);
#915 = DIRECTION('',(2.804146475864E-32,1.,-1.065228634467E-16));
#916 = PCURVE('',#917,#922);
#917 = PLANE('',#918);
#918 = AXIS2_PLACEMENT_3D('',#919,#920,#921);
#919 = CARTESIAN_POINT('',(-3.5,1.,8.E-02));
#920 = DIRECTION('',(-2.289834988289E-16,-1.065228634467E-16,-1.));
#921 = DIRECTION('',(-2.804146475864E-32,-1.,1.065228634467E-16));
#922 = DEFINITIONAL_REPRESENTATION('',(#923),#927);
#923 = LINE('',#924,#925);
#924 = CARTESIAN_POINT('',(-0.744235,1.995609680515E-32));
#925 = VECTOR('',#926,1.);
#926 = DIRECTION('',(-1.,-2.736911063134E-48));
#927 = ( GEOMETRIC_REPRESENTATION_CONTEXT(2) 
PARAMETRIC_REPRESENTATION_CONTEXT() REPRESENTATION_CONTEXT('2D SPACE',''
  ) );
#928 = PCURVE('',#929,#934);
#929 = PLANE('',#930);
#930 = AXIS2_PLACEMENT_3D('',#931,#932,#933);
#931 = CARTESIAN_POINT('',(-3.5,0.694863,0.841614));
#932 = DIRECTION('',(1.,-5.243344273594E-32,-2.289834988289E-16));
#933 = DIRECTION('',(2.804146475864E-32,1.,-1.065228634467E-16));
#934 = DEFINITIONAL_REPRESENTATION('',(#935),#939);
#935 = LINE('',#936,#937);
#936 = CARTESIAN_POINT('',(1.049372,-0.761614));
#937 = VECTOR('',#938,1.);
#938 = DIRECTION('',(1.,0.));
#939 = ( GEOMETRIC_REPRESENTATION_CONTEXT(2) 
PARAMETRIC_REPRESENTATION_CONTEXT() REPRESENTATION_CONTEXT('2D SPACE',''
  ) );
#940 = ORIENTED_EDGE('',*,*,#941,.F.);
#941 = EDGE_CURVE('',#942,#909,#944,.T.);
#942 = VERTEX_POINT('',#943);
#943 = CARTESIAN_POINT('',(-2.9525,1.,8.E-02));
#944 = SURFACE_CURVE('',#945,(#949,#956),.PCURVE_S1.);
#945 = LINE('',#946,#947);
#946 = CARTESIAN_POINT('',(13.5,1.,8.E-02));
#947 = VECTOR('',#948,1.);
#948 = DIRECTION('',(-1.,5.243344273594E-32,2.289834988289E-16));
#949 = PCURVE('',#917,#950);
#950 = DEFINITIONAL_REPRESENTATION('',(#951),#955);
#951 = LINE('',#952,#953);
#952 = CARTESIAN_POINT('',(-8.921076773588E-31,-17.));
#953 = VECTOR('',#954,1.);
#954 = DIRECTION('',(9.031806508344E-47,1.));
#955 = ( GEOMETRIC_REPRESENTATION_CONTEXT(2) 
PARAMETRIC_REPRESENTATION_CONTEXT() REPRESENTATION_CONTEXT('2D SPACE',''
  ) );
#956 = PCURVE('',#172,#957);
#957 = DEFINITIONAL_REPRESENTATION('',(#958),#962);
#958 = LINE('',#959,#960);
#959 = CARTESIAN_POINT('',(0.23,-10.675));
#960 = VECTOR('',#961,1.);
#961 = DIRECTION('',(0.,1.));
#962 = ( GEOMETRIC_REPRESENTATION_CONTEXT(2) 
PARAMETRIC_REPRESENTATION_CONTEXT() REPRESENTATION_CONTEXT('2D SPACE',''
  ) );
#963 = ORIENTED_EDGE('',*,*,#964,.F.);
#964 = EDGE_CURVE('',#965,#942,#967,.T.);
#965 = VERTEX_POINT('',#966);
#966 = CARTESIAN_POINT('',(-2.9525,-0.8,8.E-02));
#967 = SURFACE_CURVE('',#968,(#972,#979),.PCURVE_S1.);
#968 = LINE('',#969,#970);
#969 = CARTESIAN_POINT('',(-2.9525,-1.9,8.E-02));
#970 = VECTOR('',#971,1.);
#971 = DIRECTION('',(2.804146475864E-32,1.,-1.065228634467E-16));
#972 = PCURVE('',#917,#973);
#973 = DEFINITIONAL_REPRESENTATION('',(#974),#978);
#974 = LINE('',#975,#976);
#975 = CARTESIAN_POINT('',(2.9,-0.5475));
#976 = VECTOR('',#977,1.);
#977 = DIRECTION('',(-1.,-2.736911063134E-48));
#978 = ( GEOMETRIC_REPRESENTATION_CONTEXT(2) 
PARAMETRIC_REPRESENTATION_CONTEXT() REPRESENTATION_CONTEXT('2D SPACE',''
  ) );
#979 = PCURVE('',#980,#985);
#980 = PLANE('',#981);
#981 = AXIS2_PLACEMENT_3D('',#982,#983,#984);
#982 = CARTESIAN_POINT('',(-2.9525,-1.9,3.E-02));
#983 = DIRECTION('',(1.,-5.243344273594E-32,-2.289834988289E-16));
#984 = DIRECTION('',(-2.289834988289E-16,-1.065228634467E-16,-1.));
#985 = DEFINITIONAL_REPRESENTATION('',(#986),#990);
#986 = LINE('',#987,#988);
#987 = CARTESIAN_POINT('',(-5.E-02,-5.326143172335E-18));
#988 = VECTOR('',#989,1.);
#989 = DIRECTION('',(0.,1.));
#990 = ( GEOMETRIC_REPRESENTATION_CONTEXT(2) 
PARAMETRIC_REPRESENTATION_CONTEXT() REPRESENTATION_CONTEXT('2D SPACE',''
  ) );
#991 = ORIENTED_EDGE('',*,*,#992,.T.);
#992 = EDGE_CURVE('',#965,#907,#993,.T.);
#993 = SURFACE_CURVE('',#994,(#998,#1005),.PCURVE_S1.);
#994 = LINE('',#995,#996);
#995 = CARTESIAN_POINT('',(-3.1025,-0.8,8.E-02));
#996 = VECTOR('',#997,1.);
#997 = DIRECTION('',(-1.,5.243344273594E-32,2.289834988289E-16));
#998 = PCURVE('',#917,#999);
#999 = DEFINITIONAL_REPRESENTATION('',(#1000),#1004);
#1000 = LINE('',#1001,#1002);
#1001 = CARTESIAN_POINT('',(1.8,-0.3975));
#1002 = VECTOR('',#1003,1.);
#1003 = DIRECTION('',(9.031806508344E-47,1.));
#1004 = ( GEOMETRIC_REPRESENTATION_CONTEXT(2) 
PARAMETRIC_REPRESENTATION_CONTEXT() REPRESENTATION_CONTEXT('2D SPACE',''
  ) );
#1005 = PCURVE('',#1006,#1011);
#1006 = PLANE('',#1007);
#1007 = AXIS2_PLACEMENT_3D('',#1008,#1009,#1010);
#1008 = CARTESIAN_POINT('',(-2.93367832869,-0.8,0.556369515365));
#1009 = DIRECTION('',(-2.804146475864E-32,-1.,1.065228634467E-16));
#1010 = DIRECTION('',(-2.289834988289E-16,-1.065228634467E-16,-1.));
#1011 = DEFINITIONAL_REPRESENTATION('',(#1012),#1016);
#1012 = LINE('',#1013,#1014);
#1013 = CARTESIAN_POINT('',(0.476369515365,-0.16882167131));
#1014 = VECTOR('',#1015,1.);
#1015 = DIRECTION('',(0.,-1.));
#1016 = ( GEOMETRIC_REPRESENTATION_CONTEXT(2) 
PARAMETRIC_REPRESENTATION_CONTEXT() REPRESENTATION_CONTEXT('2D SPACE',''
  ) );
#1017 = ADVANCED_FACE('',(#1018),#369,.T.);
#1018 = FACE_BOUND('',#1019,.T.);
#1019 = EDGE_LOOP('',(#1020,#1043,#1044,#1067));
#1020 = ORIENTED_EDGE('',*,*,#1021,.T.);
#1021 = EDGE_CURVE('',#1022,#269,#1024,.T.);
#1022 = VERTEX_POINT('',#1023);
#1023 = CARTESIAN_POINT('',(3.22,0.51,0.94));
#1024 = SURFACE_CURVE('',#1025,(#1029,#1036),.PCURVE_S1.);
#1025 = LINE('',#1026,#1027);
#1026 = CARTESIAN_POINT('',(8.25,0.51,0.94));
#1027 = VECTOR('',#1028,1.);
#1028 = DIRECTION('',(-1.,5.243344273594E-32,2.289834988289E-16));
#1029 = PCURVE('',#369,#1030);
#1030 = DEFINITIONAL_REPRESENTATION('',(#1031),#1035);
#1031 = LINE('',#1032,#1033);
#1032 = CARTESIAN_POINT('',(4.712388980385,-6.5));
#1033 = VECTOR('',#1034,1.);
#1034 = DIRECTION('',(0.,1.));
#1035 = ( GEOMETRIC_REPRESENTATION_CONTEXT(2) 
PARAMETRIC_REPRESENTATION_CONTEXT() REPRESENTATION_CONTEXT('2D SPACE',''
  ) );
#1036 = PCURVE('',#291,#1037);
#1037 = DEFINITIONAL_REPRESENTATION('',(#1038),#1042);
#1038 = LINE('',#1039,#1040);
#1039 = CARTESIAN_POINT('',(-2.372431776125E-02,2.));
#1040 = VECTOR('',#1041,1.);
#1041 = DIRECTION('',(-2.080052407982E-46,-1.));
#1042 = ( GEOMETRIC_REPRESENTATION_CONTEXT(2) 
PARAMETRIC_REPRESENTATION_CONTEXT() REPRESENTATION_CONTEXT('2D SPACE',''
  ) );
#1043 = ORIENTED_EDGE('',*,*,#354,.F.);
#1044 = ORIENTED_EDGE('',*,*,#1045,.F.);
#1045 = EDGE_CURVE('',#1046,#332,#1048,.T.);
#1046 = VERTEX_POINT('',#1047);
#1047 = CARTESIAN_POINT('',(3.27,0.46,0.89));
#1048 = SURFACE_CURVE('',#1049,(#1053,#1060),.PCURVE_S1.);
#1049 = LINE('',#1050,#1051);
#1050 = CARTESIAN_POINT('',(1.75,0.46,0.89));
#1051 = VECTOR('',#1052,1.);
#1052 = DIRECTION('',(-1.,5.243344273594E-32,2.289834988289E-16));
#1053 = PCURVE('',#369,#1054);
#1054 = DEFINITIONAL_REPRESENTATION('',(#1055),#1059);
#1055 = LINE('',#1056,#1057);
#1056 = CARTESIAN_POINT('',(3.14159265359,-2.22044604925E-16));
#1057 = VECTOR('',#1058,1.);
#1058 = DIRECTION('',(0.,1.));
#1059 = ( GEOMETRIC_REPRESENTATION_CONTEXT(2) 
PARAMETRIC_REPRESENTATION_CONTEXT() REPRESENTATION_CONTEXT('2D SPACE',''
  ) );
#1060 = PCURVE('',#422,#1061);
#1061 = DEFINITIONAL_REPRESENTATION('',(#1062),#1066);
#1062 = LINE('',#1063,#1064);
#1063 = CARTESIAN_POINT('',(8.326672684688E-17,-4.));
#1064 = VECTOR('',#1065,1.);
#1065 = DIRECTION('',(0.,-1.));
#1066 = ( GEOMETRIC_REPRESENTATION_CONTEXT(2) 
PARAMETRIC_REPRESENTATION_CONTEXT() REPRESENTATION_CONTEXT('2D SPACE',''
  ) );
#1067 = ORIENTED_EDGE('',*,*,#1068,.T.);
#1068 = EDGE_CURVE('',#1046,#1022,#1069,.T.);
#1069 = SURFACE_CURVE('',#1070,(#1075,#1104),.PCURVE_S1.);
#1070 = ELLIPSE('',#1071,7.071067811865E-02,5.E-02);
#1071 = AXIS2_PLACEMENT_3D('',#1072,#1073,#1074);
#1072 = CARTESIAN_POINT('',(3.27,0.51,0.89));
#1073 = DIRECTION('',(-0.707106781187,-7.532303909457E-17,
    -0.707106781187));
#1074 = DIRECTION('',(-0.707106781187,7.532303909457E-17,0.707106781187)
  );
#1075 = PCURVE('',#369,#1076);
#1076 = DEFINITIONAL_REPRESENTATION('',(#1077),#1103);
#1077 = B_SPLINE_CURVE_WITH_KNOTS('',3,(#1078,#1079,#1080,#1081,#1082,
    #1083,#1084,#1085,#1086,#1087,#1088,#1089,#1090,#1091,#1092,#1093,
    #1094,#1095,#1096,#1097,#1098,#1099,#1100,#1101,#1102),
  .UNSPECIFIED.,.F.,.F.,(4,1,1,1,1,1,1,1,1,1,1,1,1,1,1,1,1,1,1,1,1,1,4),
  (4.712388980385,4.783788813421,4.855188646457,4.926588479493,
    4.997988312529,5.069388145565,5.140787978601,5.212187811638,
    5.283587644674,5.35498747771,5.426387310746,5.497787143782,
    5.569186976818,5.640586809854,5.711986642891,5.783386475927,
    5.854786308963,5.926186141999,5.997585975035,6.068985808071,
    6.140385641107,6.211785474143,6.28318530718),.QUASI_UNIFORM_KNOTS.);
#1078 = CARTESIAN_POINT('',(3.14159265359,-1.52));
#1079 = CARTESIAN_POINT('',(3.165392597935,-1.518809993522));
#1080 = CARTESIAN_POINT('',(3.212992486626,-1.516430013242));
#1081 = CARTESIAN_POINT('',(3.284392319662,-1.512878208411));
#1082 = CARTESIAN_POINT('',(3.355792152698,-1.509362701631));
#1083 = CARTESIAN_POINT('',(3.427191985734,-1.5059013982));
#1084 = CARTESIAN_POINT('',(3.49859181877,-1.502511938517));
#1085 = CARTESIAN_POINT('',(3.569991651807,-1.499211593852));
#1086 = CARTESIAN_POINT('',(3.641391484843,-1.496017182175));
#1087 = CARTESIAN_POINT('',(3.712791317879,-1.492944981431));
#1088 = CARTESIAN_POINT('',(3.784191150915,-1.490010646863));
#1089 = CARTESIAN_POINT('',(3.855590983951,-1.487229131163));
#1090 = CARTESIAN_POINT('',(3.926990816987,-1.4846146083));
#1091 = CARTESIAN_POINT('',(3.998390650023,-1.482180401281));
#1092 = CARTESIAN_POINT('',(4.069790483059,-1.47993891427));
#1093 = CARTESIAN_POINT('',(4.141190316096,-1.477901569361));
#1094 = CARTESIAN_POINT('',(4.212590149132,-1.476078748435));
#1095 = CARTESIAN_POINT('',(4.283989982168,-1.474479740028));
#1096 = CARTESIAN_POINT('',(4.355389815204,-1.473112692846));
#1097 = CARTESIAN_POINT('',(4.42678964824,-1.471984571087));
#1098 = CARTESIAN_POINT('',(4.498189481276,-1.47110113072));
#1099 = CARTESIAN_POINT('',(4.569589314312,-1.470466846242));
#1100 = CARTESIAN_POINT('',(4.640989147349,-1.470085051748));
#1101 = CARTESIAN_POINT('',(4.688589036039,-1.469999892172));
#1102 = CARTESIAN_POINT('',(4.712388980385,-1.47));
#1103 = ( GEOMETRIC_REPRESENTATION_CONTEXT(2) 
PARAMETRIC_REPRESENTATION_CONTEXT() REPRESENTATION_CONTEXT('2D SPACE',''
  ) );
#1104 = PCURVE('',#1105,#1110);
#1105 = PLANE('',#1106);
#1106 = AXIS2_PLACEMENT_3D('',#1107,#1108,#1109);
#1107 = CARTESIAN_POINT('',(3.245,1.603724317761,0.915));
#1108 = DIRECTION('',(-0.707106781187,-7.532303909457E-17,
    -0.707106781187));
#1109 = DIRECTION('',(-0.707106781187,7.532303909457E-17,0.707106781187)
  );
#1110 = DEFINITIONAL_REPRESENTATION('',(#1111),#1115);
#1111 = ELLIPSE('',#1112,7.071067811865E-02,5.E-02);
#1112 = AXIS2_PLACEMENT_2D('',#1113,#1114);
#1113 = CARTESIAN_POINT('',(-3.535533905933E-02,-1.093724317761));
#1114 = DIRECTION('',(1.,0.));
#1115 = ( GEOMETRIC_REPRESENTATION_CONTEXT(2) 
PARAMETRIC_REPRESENTATION_CONTEXT() REPRESENTATION_CONTEXT('2D SPACE',''
  ) );
#1116 = ADVANCED_FACE('',(#1117),#1131,.T.);
#1117 = FACE_BOUND('',#1118,.T.);
#1118 = EDGE_LOOP('',(#1119,#1149,#1177,#1205));
#1119 = ORIENTED_EDGE('',*,*,#1120,.T.);
#1120 = EDGE_CURVE('',#1121,#1123,#1125,.T.);
#1121 = VERTEX_POINT('',#1122);
#1122 = CARTESIAN_POINT('',(-1.05,0.7,3.E-02));
#1123 = VERTEX_POINT('',#1124);
#1124 = CARTESIAN_POINT('',(-1.45,0.7,3.E-02));
#1125 = SURFACE_CURVE('',#1126,(#1130,#1142),.PCURVE_S1.);
#1126 = LINE('',#1127,#1128);
#1127 = CARTESIAN_POINT('',(1.,0.7,3.E-02));
#1128 = VECTOR('',#1129,1.);
#1129 = DIRECTION('',(-1.,5.243344273594E-32,2.289834988289E-16));
#1130 = PCURVE('',#1131,#1136);
#1131 = PLANE('',#1132);
#1132 = AXIS2_PLACEMENT_3D('',#1133,#1134,#1135);
#1133 = CARTESIAN_POINT('',(-1.3375,0.92,8.E-02));
#1134 = DIRECTION('',(-2.232893331422E-16,0.221621103589,-0.975132855791
    ));
#1135 = DIRECTION('',(-5.074757571413E-17,-0.975132855791,
    -0.221621103589));
#1136 = DEFINITIONAL_REPRESENTATION('',(#1137),#1141);
#1137 = LINE('',#1138,#1139);
#1138 = CARTESIAN_POINT('',(0.225610283454,-2.3375));
#1139 = VECTOR('',#1140,1.);
#1140 = DIRECTION('',(-1.848892746612E-31,1.));
#1141 = ( GEOMETRIC_REPRESENTATION_CONTEXT(2) 
PARAMETRIC_REPRESENTATION_CONTEXT() REPRESENTATION_CONTEXT('2D SPACE',''
  ) );
#1142 = PCURVE('',#667,#1143);
#1143 = DEFINITIONAL_REPRESENTATION('',(#1144),#1148);
#1144 = LINE('',#1145,#1146);
#1145 = CARTESIAN_POINT('',(0.3,-48.1025));
#1146 = VECTOR('',#1147,1.);
#1147 = DIRECTION('',(9.031806508344E-47,1.));
#1148 = ( GEOMETRIC_REPRESENTATION_CONTEXT(2) 
PARAMETRIC_REPRESENTATION_CONTEXT() REPRESENTATION_CONTEXT('2D SPACE',''
  ) );
#1149 = ORIENTED_EDGE('',*,*,#1150,.F.);
#1150 = EDGE_CURVE('',#1151,#1123,#1153,.T.);
#1151 = VERTEX_POINT('',#1152);
#1152 = CARTESIAN_POINT('',(-1.4,0.92,8.E-02));
#1153 = SURFACE_CURVE('',#1154,(#1158,#1165),.PCURVE_S1.);
#1154 = LINE('',#1155,#1156);
#1155 = CARTESIAN_POINT('',(-1.4511675,0.694863,2.88325E-02));
#1156 = VECTOR('',#1157,1.);
#1157 = DIRECTION('',(-0.216371161204,-0.952033109297,-0.216371161204));
#1158 = PCURVE('',#1131,#1159);
#1159 = DEFINITIONAL_REPRESENTATION('',(#1160),#1164);
#1160 = LINE('',#1161,#1162);
#1161 = CARTESIAN_POINT('',(0.230878283572,0.1136675));
#1162 = VECTOR('',#1163,1.);
#1163 = DIRECTION('',(0.976311180208,0.216371161204));
#1164 = ( GEOMETRIC_REPRESENTATION_CONTEXT(2) 
PARAMETRIC_REPRESENTATION_CONTEXT() REPRESENTATION_CONTEXT('2D SPACE',''
  ) );
#1165 = PCURVE('',#1166,#1171);
#1166 = PLANE('',#1167);
#1167 = AXIS2_PLACEMENT_3D('',#1168,#1169,#1170);
#1168 = CARTESIAN_POINT('',(-1.425,0.85,5.5E-02));
#1169 = DIRECTION('',(0.707106781187,-7.532303909457E-17,-0.707106781187
    ));
#1170 = DIRECTION('',(-0.707106781187,6.231304445401E-16,-0.707106781187
    ));
#1171 = DEFINITIONAL_REPRESENTATION('',(#1172),#1176);
#1172 = LINE('',#1173,#1174);
#1173 = CARTESIAN_POINT('',(3.70064333934E-02,-0.155137));
#1174 = VECTOR('',#1175,1.);
#1175 = DIRECTION('',(0.305995030681,-0.952033109297));
#1176 = ( GEOMETRIC_REPRESENTATION_CONTEXT(2) 
PARAMETRIC_REPRESENTATION_CONTEXT() REPRESENTATION_CONTEXT('2D SPACE',''
  ) );
#1177 = ORIENTED_EDGE('',*,*,#1178,.F.);
#1178 = EDGE_CURVE('',#1179,#1151,#1181,.T.);
#1179 = VERTEX_POINT('',#1180);
#1180 = CARTESIAN_POINT('',(-1.1,0.92,8.E-02));
#1181 = SURFACE_CURVE('',#1182,(#1186,#1193),.PCURVE_S1.);
#1182 = LINE('',#1183,#1184);
#1183 = CARTESIAN_POINT('',(-17.,0.92,8.E-02));
#1184 = VECTOR('',#1185,1.);
#1185 = DIRECTION('',(-1.,5.243344273594E-32,2.289834988289E-16));
#1186 = PCURVE('',#1131,#1187);
#1187 = DEFINITIONAL_REPRESENTATION('',(#1188),#1192);
#1188 = LINE('',#1189,#1190);
#1189 = CARTESIAN_POINT('',(-1.749253556813E-18,15.6625));
#1190 = VECTOR('',#1191,1.);
#1191 = DIRECTION('',(-1.848892746612E-31,1.));
#1192 = ( GEOMETRIC_REPRESENTATION_CONTEXT(2) 
PARAMETRIC_REPRESENTATION_CONTEXT() REPRESENTATION_CONTEXT('2D SPACE',''
  ) );
#1193 = PCURVE('',#1194,#1199);
#1194 = PLANE('',#1195);
#1195 = AXIS2_PLACEMENT_3D('',#1196,#1197,#1198);
#1196 = CARTESIAN_POINT('',(-1.3375,1.,8.E-02));
#1197 = DIRECTION('',(-2.289834988289E-16,-2.289834988289E-16,-1.));
#1198 = DIRECTION('',(0.,-1.,2.289834988289E-16));
#1199 = DEFINITIONAL_REPRESENTATION('',(#1200),#1204);
#1200 = LINE('',#1201,#1202);
#1201 = CARTESIAN_POINT('',(8.E-02,15.6625));
#1202 = VECTOR('',#1203,1.);
#1203 = DIRECTION('',(2.080052407982E-46,1.));
#1204 = ( GEOMETRIC_REPRESENTATION_CONTEXT(2) 
PARAMETRIC_REPRESENTATION_CONTEXT() REPRESENTATION_CONTEXT('2D SPACE',''
  ) );
#1205 = ORIENTED_EDGE('',*,*,#1206,.F.);
#1206 = EDGE_CURVE('',#1121,#1179,#1207,.T.);
#1207 = SURFACE_CURVE('',#1208,(#1212,#1219),.PCURVE_S1.);
#1208 = LINE('',#1209,#1210);
#1209 = CARTESIAN_POINT('',(-1.0488325,0.694863,2.88325E-02));
#1210 = VECTOR('',#1211,1.);
#1211 = DIRECTION('',(-0.216371161204,0.952033109297,0.216371161204));
#1212 = PCURVE('',#1131,#1213);
#1213 = DEFINITIONAL_REPRESENTATION('',(#1214),#1218);
#1214 = LINE('',#1215,#1216);
#1215 = CARTESIAN_POINT('',(0.230878283572,-0.2886675));
#1216 = VECTOR('',#1217,1.);
#1217 = DIRECTION('',(-0.976311180208,0.216371161204));
#1218 = ( GEOMETRIC_REPRESENTATION_CONTEXT(2) 
PARAMETRIC_REPRESENTATION_CONTEXT() REPRESENTATION_CONTEXT('2D SPACE',''
  ) );
#1219 = PCURVE('',#1220,#1225);
#1220 = PLANE('',#1221);
#1221 = AXIS2_PLACEMENT_3D('',#1222,#1223,#1224);
#1222 = CARTESIAN_POINT('',(-1.075,0.85,5.5E-02));
#1223 = DIRECTION('',(-0.707106781187,-7.532303909457E-17,
    -0.707106781187));
#1224 = DIRECTION('',(0.707106781187,6.231304445401E-16,-0.707106781187)
  );
#1225 = DEFINITIONAL_REPRESENTATION('',(#1226),#1230);
#1226 = LINE('',#1227,#1228);
#1227 = CARTESIAN_POINT('',(3.70064333934E-02,0.155137));
#1228 = VECTOR('',#1229,1.);
#1229 = DIRECTION('',(-0.305995030681,-0.952033109297));
#1230 = ( GEOMETRIC_REPRESENTATION_CONTEXT(2) 
PARAMETRIC_REPRESENTATION_CONTEXT() REPRESENTATION_CONTEXT('2D SPACE',''
  ) );
#1231 = ADVANCED_FACE('',(#1232),#1246,.T.);
#1232 = FACE_BOUND('',#1233,.T.);
#1233 = EDGE_LOOP('',(#1234,#1269,#1298,#1326));
#1234 = ORIENTED_EDGE('',*,*,#1235,.T.);
#1235 = EDGE_CURVE('',#1236,#1238,#1240,.T.);
#1236 = VERTEX_POINT('',#1237);
#1237 = CARTESIAN_POINT('',(-1.325,0.92,3.619548911246E-02));
#1238 = VERTEX_POINT('',#1239);
#1239 = CARTESIAN_POINT('',(-1.175,0.92,3.619548911246E-02));
#1240 = SURFACE_CURVE('',#1241,(#1245,#1257),.PCURVE_S1.);
#1241 = LINE('',#1242,#1243);
#1242 = CARTESIAN_POINT('',(-1.325,0.92,3.619548911246E-02));
#1243 = VECTOR('',#1244,1.);
#1244 = DIRECTION('',(1.,-5.243344273594E-32,-2.289834988289E-16));
#1245 = PCURVE('',#1246,#1251);
#1246 = CYLINDRICAL_SURFACE('',#1247,3.E-02);
#1247 = AXIS2_PLACEMENT_3D('',#1248,#1249,#1250);
#1248 = CARTESIAN_POINT('',(-1.325,0.95,3.619548911246E-02));
#1249 = DIRECTION('',(1.,-5.243344273594E-32,-2.289834988289E-16));
#1250 = DIRECTION('',(-2.080052407982E-46,1.,-2.289834988289E-16));
#1251 = DEFINITIONAL_REPRESENTATION('',(#1252),#1256);
#1252 = LINE('',#1253,#1254);
#1253 = CARTESIAN_POINT('',(3.14159265359,0.));
#1254 = VECTOR('',#1255,1.);
#1255 = DIRECTION('',(0.,1.));
#1256 = ( GEOMETRIC_REPRESENTATION_CONTEXT(2) 
PARAMETRIC_REPRESENTATION_CONTEXT() REPRESENTATION_CONTEXT('2D SPACE',''
  ) );
#1257 = PCURVE('',#1258,#1263);
#1258 = PLANE('',#1259);
#1259 = AXIS2_PLACEMENT_3D('',#1260,#1261,#1262);
#1260 = CARTESIAN_POINT('',(-1.325,0.92,-5.551115123126E-16));
#1261 = DIRECTION('',(0.,-1.,2.289834988289E-16));
#1262 = DIRECTION('',(2.289834988289E-16,2.289834988289E-16,1.));
#1263 = DEFINITIONAL_REPRESENTATION('',(#1264),#1268);
#1264 = LINE('',#1265,#1266);
#1265 = CARTESIAN_POINT('',(3.619548911246E-02,8.288169738796E-18));
#1266 = VECTOR('',#1267,1.);
#1267 = DIRECTION('',(0.,-1.));
#1268 = ( GEOMETRIC_REPRESENTATION_CONTEXT(2) 
PARAMETRIC_REPRESENTATION_CONTEXT() REPRESENTATION_CONTEXT('2D SPACE',''
  ) );
#1269 = ORIENTED_EDGE('',*,*,#1270,.F.);
#1270 = EDGE_CURVE('',#1271,#1238,#1273,.T.);
#1271 = VERTEX_POINT('',#1272);
#1272 = CARTESIAN_POINT('',(-1.175,0.943186633611,6.541154699934E-02));
#1273 = SURFACE_CURVE('',#1274,(#1279,#1286),.PCURVE_S1.);
#1274 = CIRCLE('',#1275,3.E-02);
#1275 = AXIS2_PLACEMENT_3D('',#1276,#1277,#1278);
#1276 = CARTESIAN_POINT('',(-1.175,0.95,3.619548911246E-02));
#1277 = DIRECTION('',(1.,-5.243344273594E-32,-2.289834988289E-16));
#1278 = DIRECTION('',(-2.080052407982E-46,1.,-2.289834988289E-16));
#1279 = PCURVE('',#1246,#1280);
#1280 = DEFINITIONAL_REPRESENTATION('',(#1281),#1285);
#1281 = LINE('',#1282,#1283);
#1282 = CARTESIAN_POINT('',(-8.881784197001E-16,0.15));
#1283 = VECTOR('',#1284,1.);
#1284 = DIRECTION('',(1.,0.));
#1285 = ( GEOMETRIC_REPRESENTATION_CONTEXT(2) 
PARAMETRIC_REPRESENTATION_CONTEXT() REPRESENTATION_CONTEXT('2D SPACE',''
  ) );
#1286 = PCURVE('',#1287,#1292);
#1287 = PLANE('',#1288);
#1288 = AXIS2_PLACEMENT_3D('',#1289,#1290,#1291);
#1289 = CARTESIAN_POINT('',(-1.175,1.245779075398,0.170500231015));
#1290 = DIRECTION('',(1.,-5.243344273594E-32,-2.289834988289E-16));
#1291 = DIRECTION('',(5.243344273594E-32,1.,0.));
#1292 = DEFINITIONAL_REPRESENTATION('',(#1293),#1297);
#1293 = CIRCLE('',#1294,3.E-02);
#1294 = AXIS2_PLACEMENT_2D('',#1295,#1296);
#1295 = CARTESIAN_POINT('',(-0.295779075398,-0.134304741903));
#1296 = DIRECTION('',(1.,-2.289834988289E-16));
#1297 = ( GEOMETRIC_REPRESENTATION_CONTEXT(2) 
PARAMETRIC_REPRESENTATION_CONTEXT() REPRESENTATION_CONTEXT('2D SPACE',''
  ) );
#1298 = ORIENTED_EDGE('',*,*,#1299,.F.);
#1299 = EDGE_CURVE('',#1300,#1271,#1302,.T.);
#1300 = VERTEX_POINT('',#1301);
#1301 = CARTESIAN_POINT('',(-1.325,0.943186633611,6.541154699934E-02));
#1302 = SURFACE_CURVE('',#1303,(#1307,#1314),.PCURVE_S1.);
#1303 = LINE('',#1304,#1305);
#1304 = CARTESIAN_POINT('',(-1.325,0.943186633611,6.541154699934E-02));
#1305 = VECTOR('',#1306,1.);
#1306 = DIRECTION('',(1.,-5.243344273594E-32,-2.289834988289E-16));
#1307 = PCURVE('',#1246,#1308);
#1308 = DEFINITIONAL_REPRESENTATION('',(#1309),#1313);
#1309 = LINE('',#1310,#1311);
#1310 = CARTESIAN_POINT('',(1.799907705522,0.));
#1311 = VECTOR('',#1312,1.);
#1312 = DIRECTION('',(0.,1.));
#1313 = ( GEOMETRIC_REPRESENTATION_CONTEXT(2) 
PARAMETRIC_REPRESENTATION_CONTEXT() REPRESENTATION_CONTEXT('2D SPACE',''
  ) );
#1314 = PCURVE('',#1315,#1320);
#1315 = PLANE('',#1316);
#1316 = AXIS2_PLACEMENT_3D('',#1317,#1318,#1319);
#1317 = CARTESIAN_POINT('',(-1.325,0.943186633611,6.541154699934E-02));
#1318 = DIRECTION('',(2.229998385642E-16,-0.227112212966,0.973868596229)
  );
#1319 = DIRECTION('',(5.200494915182E-17,0.973868596229,0.227112212966)
  );
#1320 = DEFINITIONAL_REPRESENTATION('',(#1321),#1325);
#1321 = LINE('',#1322,#1323);
#1322 = CARTESIAN_POINT('',(0.,0.));
#1323 = VECTOR('',#1324,1.);
#1324 = DIRECTION('',(-9.244463733059E-32,-1.));
#1325 = ( GEOMETRIC_REPRESENTATION_CONTEXT(2) 
PARAMETRIC_REPRESENTATION_CONTEXT() REPRESENTATION_CONTEXT('2D SPACE',''
  ) );
#1326 = ORIENTED_EDGE('',*,*,#1327,.T.);
#1327 = EDGE_CURVE('',#1300,#1236,#1328,.T.);
#1328 = SURFACE_CURVE('',#1329,(#1334,#1341),.PCURVE_S1.);
#1329 = CIRCLE('',#1330,3.E-02);
#1330 = AXIS2_PLACEMENT_3D('',#1331,#1332,#1333);
#1331 = CARTESIAN_POINT('',(-1.325,0.95,3.619548911246E-02));
#1332 = DIRECTION('',(1.,-5.243344273594E-32,-2.289834988289E-16));
#1333 = DIRECTION('',(-2.080052407982E-46,1.,-2.289834988289E-16));
#1334 = PCURVE('',#1246,#1335);
#1335 = DEFINITIONAL_REPRESENTATION('',(#1336),#1340);
#1336 = LINE('',#1337,#1338);
#1337 = CARTESIAN_POINT('',(-6.661338147751E-16,0.));
#1338 = VECTOR('',#1339,1.);
#1339 = DIRECTION('',(1.,0.));
#1340 = ( GEOMETRIC_REPRESENTATION_CONTEXT(2) 
PARAMETRIC_REPRESENTATION_CONTEXT() REPRESENTATION_CONTEXT('2D SPACE',''
  ) );
#1341 = PCURVE('',#1342,#1347);
#1342 = PLANE('',#1343);
#1343 = AXIS2_PLACEMENT_3D('',#1344,#1345,#1346);
#1344 = CARTESIAN_POINT('',(-1.325,1.245779075398,0.170500231015));
#1345 = DIRECTION('',(1.,-5.243344273594E-32,-2.289834988289E-16));
#1346 = DIRECTION('',(5.243344273594E-32,1.,0.));
#1347 = DEFINITIONAL_REPRESENTATION('',(#1348),#1352);
#1348 = CIRCLE('',#1349,3.E-02);
#1349 = AXIS2_PLACEMENT_2D('',#1350,#1351);
#1350 = CARTESIAN_POINT('',(-0.295779075398,-0.134304741903));
#1351 = DIRECTION('',(1.,-2.289834988289E-16));
#1352 = ( GEOMETRIC_REPRESENTATION_CONTEXT(2) 
PARAMETRIC_REPRESENTATION_CONTEXT() REPRESENTATION_CONTEXT('2D SPACE',''
  ) );
#1353 = ADVANCED_FACE('',(#1354),#731,.T.);
#1354 = FACE_BOUND('',#1355,.T.);
#1355 = EDGE_LOOP('',(#1356,#1379,#1407,#1428));
#1356 = ORIENTED_EDGE('',*,*,#1357,.F.);
#1357 = EDGE_CURVE('',#1358,#709,#1360,.T.);
#1358 = VERTEX_POINT('',#1359);
#1359 = CARTESIAN_POINT('',(-0.825,0.92,-6.661338147751E-16));
#1360 = SURFACE_CURVE('',#1361,(#1365,#1372),.PCURVE_S1.);
#1361 = LINE('',#1362,#1363);
#1362 = CARTESIAN_POINT('',(-0.825,0.92,-6.661338147751E-16));
#1363 = VECTOR('',#1364,1.);
#1364 = DIRECTION('',(2.289834988289E-16,2.289834988289E-16,1.));
#1365 = PCURVE('',#731,#1366);
#1366 = DEFINITIONAL_REPRESENTATION('',(#1367),#1371);
#1367 = LINE('',#1368,#1369);
#1368 = CARTESIAN_POINT('',(0.,0.));
#1369 = VECTOR('',#1370,1.);
#1370 = DIRECTION('',(1.,0.));
#1371 = ( GEOMETRIC_REPRESENTATION_CONTEXT(2) 
PARAMETRIC_REPRESENTATION_CONTEXT() REPRESENTATION_CONTEXT('2D SPACE',''
  ) );
#1372 = PCURVE('',#815,#1373);
#1373 = DEFINITIONAL_REPRESENTATION('',(#1374),#1378);
#1374 = LINE('',#1375,#1376);
#1375 = CARTESIAN_POINT('',(-0.325779075398,-0.170500231015));
#1376 = VECTOR('',#1377,1.);
#1377 = DIRECTION('',(2.289834988289E-16,1.));
#1378 = ( GEOMETRIC_REPRESENTATION_CONTEXT(2) 
PARAMETRIC_REPRESENTATION_CONTEXT() REPRESENTATION_CONTEXT('2D SPACE',''
  ) );
#1379 = ORIENTED_EDGE('',*,*,#1380,.T.);
#1380 = EDGE_CURVE('',#1358,#1381,#1383,.T.);
#1381 = VERTEX_POINT('',#1382);
#1382 = CARTESIAN_POINT('',(-0.675,0.92,-6.661338147751E-16));
#1383 = SURFACE_CURVE('',#1384,(#1388,#1395),.PCURVE_S1.);
#1384 = LINE('',#1385,#1386);
#1385 = CARTESIAN_POINT('',(-0.825,0.92,-6.661338147751E-16));
#1386 = VECTOR('',#1387,1.);
#1387 = DIRECTION('',(1.,-5.243344273594E-32,-2.289834988289E-16));
#1388 = PCURVE('',#731,#1389);
#1389 = DEFINITIONAL_REPRESENTATION('',(#1390),#1394);
#1390 = LINE('',#1391,#1392);
#1391 = CARTESIAN_POINT('',(0.,0.));
#1392 = VECTOR('',#1393,1.);
#1393 = DIRECTION('',(0.,-1.));
#1394 = ( GEOMETRIC_REPRESENTATION_CONTEXT(2) 
PARAMETRIC_REPRESENTATION_CONTEXT() REPRESENTATION_CONTEXT('2D SPACE',''
  ) );
#1395 = PCURVE('',#1396,#1401);
#1396 = PLANE('',#1397);
#1397 = AXIS2_PLACEMENT_3D('',#1398,#1399,#1400);
#1398 = CARTESIAN_POINT('',(-0.825,1.25,-7.771561172376E-16));
#1399 = DIRECTION('',(-2.289834988289E-16,-2.289834988289E-16,-1.));
#1400 = DIRECTION('',(0.,-1.,2.289834988289E-16));
#1401 = DEFINITIONAL_REPRESENTATION('',(#1402),#1406);
#1402 = LINE('',#1403,#1404);
#1403 = CARTESIAN_POINT('',(0.33,5.473822126269E-48));
#1404 = VECTOR('',#1405,1.);
#1405 = DIRECTION('',(-2.080052407982E-46,-1.));
#1406 = ( GEOMETRIC_REPRESENTATION_CONTEXT(2) 
PARAMETRIC_REPRESENTATION_CONTEXT() REPRESENTATION_CONTEXT('2D SPACE',''
  ) );
#1407 = ORIENTED_EDGE('',*,*,#1408,.T.);
#1408 = EDGE_CURVE('',#1381,#711,#1409,.T.);
#1409 = SURFACE_CURVE('',#1410,(#1414,#1421),.PCURVE_S1.);
#1410 = LINE('',#1411,#1412);
#1411 = CARTESIAN_POINT('',(-0.675,0.92,0.841614));
#1412 = VECTOR('',#1413,1.);
#1413 = DIRECTION('',(2.289834988289E-16,2.289834988289E-16,1.));
#1414 = PCURVE('',#731,#1415);
#1415 = DEFINITIONAL_REPRESENTATION('',(#1416),#1420);
#1416 = LINE('',#1417,#1418);
#1417 = CARTESIAN_POINT('',(0.841614,-0.15));
#1418 = VECTOR('',#1419,1.);
#1419 = DIRECTION('',(1.,0.));
#1420 = ( GEOMETRIC_REPRESENTATION_CONTEXT(2) 
PARAMETRIC_REPRESENTATION_CONTEXT() REPRESENTATION_CONTEXT('2D SPACE',''
  ) );
#1421 = PCURVE('',#760,#1422);
#1422 = DEFINITIONAL_REPRESENTATION('',(#1423),#1427);
#1423 = LINE('',#1424,#1425);
#1424 = CARTESIAN_POINT('',(-0.325779075398,0.671113768985));
#1425 = VECTOR('',#1426,1.);
#1426 = DIRECTION('',(2.289834988289E-16,1.));
#1427 = ( GEOMETRIC_REPRESENTATION_CONTEXT(2) 
PARAMETRIC_REPRESENTATION_CONTEXT() REPRESENTATION_CONTEXT('2D SPACE',''
  ) );
#1428 = ORIENTED_EDGE('',*,*,#708,.F.);
#1429 = ADVANCED_FACE('',(#1430),#1444,.T.);
#1430 = FACE_BOUND('',#1431,.T.);
#1431 = EDGE_LOOP('',(#1432,#1467,#1495,#1518));
#1432 = ORIENTED_EDGE('',*,*,#1433,.F.);
#1433 = EDGE_CURVE('',#1434,#1436,#1438,.T.);
#1434 = VERTEX_POINT('',#1435);
#1435 = CARTESIAN_POINT('',(1.1,0.92,8.E-02));
#1436 = VERTEX_POINT('',#1437);
#1437 = CARTESIAN_POINT('',(1.1,1.,8.E-02));
#1438 = SURFACE_CURVE('',#1439,(#1443,#1455),.PCURVE_S1.);
#1439 = LINE('',#1440,#1441);
#1440 = CARTESIAN_POINT('',(1.1,0.694863,8.E-02));
#1441 = VECTOR('',#1442,1.);
#1442 = DIRECTION('',(-1.224606353822E-16,1.,-2.289834988289E-16));
#1443 = PCURVE('',#1444,#1449);
#1444 = PLANE('',#1445);
#1445 = AXIS2_PLACEMENT_3D('',#1446,#1447,#1448);
#1446 = CARTESIAN_POINT('',(1.075,0.85,5.5E-02));
#1447 = DIRECTION('',(0.707106781187,-7.532303909457E-17,-0.707106781187
    ));
#1448 = DIRECTION('',(-0.707106781187,6.231304445401E-16,-0.707106781187
    ));
#1449 = DEFINITIONAL_REPRESENTATION('',(#1450),#1454);
#1450 = LINE('',#1451,#1452);
#1451 = CARTESIAN_POINT('',(-3.535533905933E-02,-0.155137));
#1452 = VECTOR('',#1453,1.);
#1453 = DIRECTION('',(8.716389750491E-16,1.));
#1454 = ( GEOMETRIC_REPRESENTATION_CONTEXT(2) 
PARAMETRIC_REPRESENTATION_CONTEXT() REPRESENTATION_CONTEXT('2D SPACE',''
  ) );
#1455 = PCURVE('',#1456,#1461);
#1456 = PLANE('',#1457);
#1457 = AXIS2_PLACEMENT_3D('',#1458,#1459,#1460);
#1458 = CARTESIAN_POINT('',(1.1625,1.,8.E-02));
#1459 = DIRECTION('',(-2.289834988289E-16,-2.289834988289E-16,-1.));
#1460 = DIRECTION('',(0.,-1.,2.289834988289E-16));
#1461 = DEFINITIONAL_REPRESENTATION('',(#1462),#1466);
#1462 = LINE('',#1463,#1464);
#1463 = CARTESIAN_POINT('',(0.305137,6.25E-02));
#1464 = VECTOR('',#1465,1.);
#1465 = DIRECTION('',(-1.,1.224606353822E-16));
#1466 = ( GEOMETRIC_REPRESENTATION_CONTEXT(2) 
PARAMETRIC_REPRESENTATION_CONTEXT() REPRESENTATION_CONTEXT('2D SPACE',''
  ) );
#1467 = ORIENTED_EDGE('',*,*,#1468,.T.);
#1468 = EDGE_CURVE('',#1434,#1469,#1471,.T.);
#1469 = VERTEX_POINT('',#1470);
#1470 = CARTESIAN_POINT('',(1.05,0.7,3.E-02));
#1471 = SURFACE_CURVE('',#1472,(#1476,#1483),.PCURVE_S1.);
#1472 = LINE('',#1473,#1474);
#1473 = CARTESIAN_POINT('',(1.0488325,0.694863,2.88325E-02));
#1474 = VECTOR('',#1475,1.);
#1475 = DIRECTION('',(-0.216371161204,-0.952033109297,-0.216371161204));
#1476 = PCURVE('',#1444,#1477);
#1477 = DEFINITIONAL_REPRESENTATION('',(#1478),#1482);
#1478 = LINE('',#1479,#1480);
#1479 = CARTESIAN_POINT('',(3.70064333934E-02,-0.155137));
#1480 = VECTOR('',#1481,1.);
#1481 = DIRECTION('',(0.305995030681,-0.952033109297));
#1482 = ( GEOMETRIC_REPRESENTATION_CONTEXT(2) 
PARAMETRIC_REPRESENTATION_CONTEXT() REPRESENTATION_CONTEXT('2D SPACE',''
  ) );
#1483 = PCURVE('',#1484,#1489);
#1484 = PLANE('',#1485);
#1485 = AXIS2_PLACEMENT_3D('',#1486,#1487,#1488);
#1486 = CARTESIAN_POINT('',(1.1625,0.92,8.E-02));
#1487 = DIRECTION('',(-2.232893331422E-16,0.221621103589,-0.975132855791
    ));
#1488 = DIRECTION('',(-5.074757571413E-17,-0.975132855791,
    -0.221621103589));
#1489 = DEFINITIONAL_REPRESENTATION('',(#1490),#1494);
#1490 = LINE('',#1491,#1492);
#1491 = CARTESIAN_POINT('',(0.230878283572,0.1136675));
#1492 = VECTOR('',#1493,1.);
#1493 = DIRECTION('',(0.976311180208,0.216371161204));
#1494 = ( GEOMETRIC_REPRESENTATION_CONTEXT(2) 
PARAMETRIC_REPRESENTATION_CONTEXT() REPRESENTATION_CONTEXT('2D SPACE',''
  ) );
#1495 = ORIENTED_EDGE('',*,*,#1496,.F.);
#1496 = EDGE_CURVE('',#1497,#1469,#1499,.T.);
#1497 = VERTEX_POINT('',#1498);
#1498 = CARTESIAN_POINT('',(1.05,1.,3.E-02));
#1499 = SURFACE_CURVE('',#1500,(#1504,#1511),.PCURVE_S1.);
#1500 = LINE('',#1501,#1502);
#1501 = CARTESIAN_POINT('',(1.05,0.694863,3.E-02));
#1502 = VECTOR('',#1503,1.);
#1503 = DIRECTION('',(-3.675722875075E-32,-1.,1.065228634467E-16));
#1504 = PCURVE('',#1444,#1505);
#1505 = DEFINITIONAL_REPRESENTATION('',(#1506),#1510);
#1506 = LINE('',#1507,#1508);
#1507 = CARTESIAN_POINT('',(3.535533905933E-02,-0.155137));
#1508 = VECTOR('',#1509,1.);
#1509 = DIRECTION('',(-6.984534836347E-16,-1.));
#1510 = ( GEOMETRIC_REPRESENTATION_CONTEXT(2) 
PARAMETRIC_REPRESENTATION_CONTEXT() REPRESENTATION_CONTEXT('2D SPACE',''
  ) );
#1511 = PCURVE('',#667,#1512);
#1512 = DEFINITIONAL_REPRESENTATION('',(#1513),#1517);
#1513 = LINE('',#1514,#1515);
#1514 = CARTESIAN_POINT('',(0.305137,-48.1525));
#1515 = VECTOR('',#1516,1.);
#1516 = DIRECTION('',(1.,8.715763992105E-33));
#1517 = ( GEOMETRIC_REPRESENTATION_CONTEXT(2) 
PARAMETRIC_REPRESENTATION_CONTEXT() REPRESENTATION_CONTEXT('2D SPACE',''
  ) );
#1518 = ORIENTED_EDGE('',*,*,#1519,.F.);
#1519 = EDGE_CURVE('',#1436,#1497,#1520,.T.);
#1520 = SURFACE_CURVE('',#1521,(#1525,#1532),.PCURVE_S1.);
#1521 = LINE('',#1522,#1523);
#1522 = CARTESIAN_POINT('',(-14.5,1.,-15.52));
#1523 = VECTOR('',#1524,1.);
#1524 = DIRECTION('',(-0.707106781187,-1.064046335705E-16,
    -0.707106781187));
#1525 = PCURVE('',#1444,#1526);
#1526 = DEFINITIONAL_REPRESENTATION('',(#1527),#1531);
#1527 = LINE('',#1528,#1529);
#1528 = CARTESIAN_POINT('',(22.026376233961,0.15));
#1529 = VECTOR('',#1530,1.);
#1530 = DIRECTION('',(1.,-7.295350781106E-16));
#1531 = ( GEOMETRIC_REPRESENTATION_CONTEXT(2) 
PARAMETRIC_REPRESENTATION_CONTEXT() REPRESENTATION_CONTEXT('2D SPACE',''
  ) );
#1532 = PCURVE('',#1533,#1538);
#1533 = PLANE('',#1534);
#1534 = AXIS2_PLACEMENT_3D('',#1535,#1536,#1537);
#1535 = CARTESIAN_POINT('',(4.825,1.,0.31));
#1536 = DIRECTION('',(2.804146475864E-32,1.,-1.065228634467E-16));
#1537 = DIRECTION('',(-2.289834988289E-16,-1.065228634467E-16,-1.));
#1538 = DEFINITIONAL_REPRESENTATION('',(#1539),#1543);
#1539 = LINE('',#1540,#1541);
#1540 = CARTESIAN_POINT('',(15.83,19.325));
#1541 = VECTOR('',#1542,1.);
#1542 = DIRECTION('',(0.707106781187,0.707106781187));
#1543 = ( GEOMETRIC_REPRESENTATION_CONTEXT(2) 
PARAMETRIC_REPRESENTATION_CONTEXT() REPRESENTATION_CONTEXT('2D SPACE',''
  ) );
#1544 = ADVANCED_FACE('',(#1545),#1194,.T.);
#1545 = FACE_BOUND('',#1546,.T.);
#1546 = EDGE_LOOP('',(#1547,#1548,#1571,#1594,#1622,#1650));
#1547 = ORIENTED_EDGE('',*,*,#1178,.T.);
#1548 = ORIENTED_EDGE('',*,*,#1549,.T.);
#1549 = EDGE_CURVE('',#1151,#1550,#1552,.T.);
#1550 = VERTEX_POINT('',#1551);
#1551 = CARTESIAN_POINT('',(-1.4,1.,8.E-02));
#1552 = SURFACE_CURVE('',#1553,(#1557,#1564),.PCURVE_S1.);
#1553 = LINE('',#1554,#1555);
#1554 = CARTESIAN_POINT('',(-1.4,0.694863,8.E-02));
#1555 = VECTOR('',#1556,1.);
#1556 = DIRECTION('',(-1.224606353822E-16,1.,-2.289834988289E-16));
#1557 = PCURVE('',#1194,#1558);
#1558 = DEFINITIONAL_REPRESENTATION('',(#1559),#1563);
#1559 = LINE('',#1560,#1561);
#1560 = CARTESIAN_POINT('',(0.305137,6.25E-02));
#1561 = VECTOR('',#1562,1.);
#1562 = DIRECTION('',(-1.,1.224606353822E-16));
#1563 = ( GEOMETRIC_REPRESENTATION_CONTEXT(2) 
PARAMETRIC_REPRESENTATION_CONTEXT() REPRESENTATION_CONTEXT('2D SPACE',''
  ) );
#1564 = PCURVE('',#1166,#1565);
#1565 = DEFINITIONAL_REPRESENTATION('',(#1566),#1570);
#1566 = LINE('',#1567,#1568);
#1567 = CARTESIAN_POINT('',(-3.535533905933E-02,-0.155137));
#1568 = VECTOR('',#1569,1.);
#1569 = DIRECTION('',(8.716389750491E-16,1.));
#1570 = ( GEOMETRIC_REPRESENTATION_CONTEXT(2) 
PARAMETRIC_REPRESENTATION_CONTEXT() REPRESENTATION_CONTEXT('2D SPACE',''
  ) );
#1571 = ORIENTED_EDGE('',*,*,#1572,.F.);
#1572 = EDGE_CURVE('',#1573,#1550,#1575,.T.);
#1573 = VERTEX_POINT('',#1574);
#1574 = CARTESIAN_POINT('',(-1.325,1.,8.E-02));
#1575 = SURFACE_CURVE('',#1576,(#1580,#1587),.PCURVE_S1.);
#1576 = LINE('',#1577,#1578);
#1577 = CARTESIAN_POINT('',(-17.,1.,8.E-02));
#1578 = VECTOR('',#1579,1.);
#1579 = DIRECTION('',(-1.,5.243344273594E-32,2.289834988289E-16));
#1580 = PCURVE('',#1194,#1581);
#1581 = DEFINITIONAL_REPRESENTATION('',(#1582),#1586);
#1582 = LINE('',#1583,#1584);
#1583 = CARTESIAN_POINT('',(8.198683773256E-31,15.6625));
#1584 = VECTOR('',#1585,1.);
#1585 = DIRECTION('',(2.080052407982E-46,1.));
#1586 = ( GEOMETRIC_REPRESENTATION_CONTEXT(2) 
PARAMETRIC_REPRESENTATION_CONTEXT() REPRESENTATION_CONTEXT('2D SPACE',''
  ) );
#1587 = PCURVE('',#639,#1588);
#1588 = DEFINITIONAL_REPRESENTATION('',(#1589),#1593);
#1589 = LINE('',#1590,#1591);
#1590 = CARTESIAN_POINT('',(0.23,19.325));
#1591 = VECTOR('',#1592,1.);
#1592 = DIRECTION('',(0.,1.));
#1593 = ( GEOMETRIC_REPRESENTATION_CONTEXT(2) 
PARAMETRIC_REPRESENTATION_CONTEXT() REPRESENTATION_CONTEXT('2D SPACE',''
  ) );
#1594 = ORIENTED_EDGE('',*,*,#1595,.T.);
#1595 = EDGE_CURVE('',#1573,#1596,#1598,.T.);
#1596 = VERTEX_POINT('',#1597);
#1597 = CARTESIAN_POINT('',(-1.175,1.,8.E-02));
#1598 = SURFACE_CURVE('',#1599,(#1603,#1610),.PCURVE_S1.);
#1599 = LINE('',#1600,#1601);
#1600 = CARTESIAN_POINT('',(4.,1.,8.E-02));
#1601 = VECTOR('',#1602,1.);
#1602 = DIRECTION('',(1.,-5.243344273594E-32,-2.289834988289E-16));
#1603 = PCURVE('',#1194,#1604);
#1604 = DEFINITIONAL_REPRESENTATION('',(#1605),#1609);
#1605 = LINE('',#1606,#1607);
#1606 = CARTESIAN_POINT('',(-2.79645027925E-31,-5.3375));
#1607 = VECTOR('',#1608,1.);
#1608 = DIRECTION('',(-2.080052407982E-46,-1.));
#1609 = ( GEOMETRIC_REPRESENTATION_CONTEXT(2) 
PARAMETRIC_REPRESENTATION_CONTEXT() REPRESENTATION_CONTEXT('2D SPACE',''
  ) );
#1610 = PCURVE('',#1611,#1616);
#1611 = PLANE('',#1612);
#1612 = AXIS2_PLACEMENT_3D('',#1613,#1614,#1615);
#1613 = CARTESIAN_POINT('',(-1.175,1.,7.866077735406E-02));
#1614 = DIRECTION('',(2.804146475864E-32,1.,-1.065228634467E-16));
#1615 = DIRECTION('',(-2.289834988289E-16,-1.065228634467E-16,-1.));
#1616 = DEFINITIONAL_REPRESENTATION('',(#1617),#1621);
#1617 = LINE('',#1618,#1619);
#1618 = CARTESIAN_POINT('',(-1.339222645935E-03,-5.175));
#1619 = VECTOR('',#1620,1.);
#1620 = DIRECTION('',(0.,-1.));
#1621 = ( GEOMETRIC_REPRESENTATION_CONTEXT(2) 
PARAMETRIC_REPRESENTATION_CONTEXT() REPRESENTATION_CONTEXT('2D SPACE',''
  ) );
#1622 = ORIENTED_EDGE('',*,*,#1623,.F.);
#1623 = EDGE_CURVE('',#1624,#1596,#1626,.T.);
#1624 = VERTEX_POINT('',#1625);
#1625 = CARTESIAN_POINT('',(-1.1,1.,8.E-02));
#1626 = SURFACE_CURVE('',#1627,(#1631,#1638),.PCURVE_S1.);
#1627 = LINE('',#1628,#1629);
#1628 = CARTESIAN_POINT('',(-17.,1.,8.E-02));
#1629 = VECTOR('',#1630,1.);
#1630 = DIRECTION('',(-1.,5.243344273594E-32,2.289834988289E-16));
#1631 = PCURVE('',#1194,#1632);
#1632 = DEFINITIONAL_REPRESENTATION('',(#1633),#1637);
#1633 = LINE('',#1634,#1635);
#1634 = CARTESIAN_POINT('',(8.198683773256E-31,15.6625));
#1635 = VECTOR('',#1636,1.);
#1636 = DIRECTION('',(2.080052407982E-46,1.));
#1637 = ( GEOMETRIC_REPRESENTATION_CONTEXT(2) 
PARAMETRIC_REPRESENTATION_CONTEXT() REPRESENTATION_CONTEXT('2D SPACE',''
  ) );
#1638 = PCURVE('',#1639,#1644);
#1639 = PLANE('',#1640);
#1640 = AXIS2_PLACEMENT_3D('',#1641,#1642,#1643);
#1641 = CARTESIAN_POINT('',(2.825,1.,0.31));
#1642 = DIRECTION('',(2.804146475864E-32,1.,-1.065228634467E-16));
#1643 = DIRECTION('',(-2.289834988289E-16,-1.065228634467E-16,-1.));
#1644 = DEFINITIONAL_REPRESENTATION('',(#1645),#1649);
#1645 = LINE('',#1646,#1647);
#1646 = CARTESIAN_POINT('',(0.23,19.825));
#1647 = VECTOR('',#1648,1.);
#1648 = DIRECTION('',(0.,1.));
#1649 = ( GEOMETRIC_REPRESENTATION_CONTEXT(2) 
PARAMETRIC_REPRESENTATION_CONTEXT() REPRESENTATION_CONTEXT('2D SPACE',''
  ) );
#1650 = ORIENTED_EDGE('',*,*,#1651,.T.);
#1651 = EDGE_CURVE('',#1624,#1179,#1652,.T.);
#1652 = SURFACE_CURVE('',#1653,(#1657,#1664),.PCURVE_S1.);
#1653 = LINE('',#1654,#1655);
#1654 = CARTESIAN_POINT('',(-1.1,0.694863,8.E-02));
#1655 = VECTOR('',#1656,1.);
#1656 = DIRECTION('',(-1.224606353822E-16,-1.,2.289834988289E-16));
#1657 = PCURVE('',#1194,#1658);
#1658 = DEFINITIONAL_REPRESENTATION('',(#1659),#1663);
#1659 = LINE('',#1660,#1661);
#1660 = CARTESIAN_POINT('',(0.305137,-0.2375));
#1661 = VECTOR('',#1662,1.);
#1662 = DIRECTION('',(1.,1.224606353822E-16));
#1663 = ( GEOMETRIC_REPRESENTATION_CONTEXT(2) 
PARAMETRIC_REPRESENTATION_CONTEXT() REPRESENTATION_CONTEXT('2D SPACE',''
  ) );
#1664 = PCURVE('',#1220,#1665);
#1665 = DEFINITIONAL_REPRESENTATION('',(#1666),#1670);
#1666 = LINE('',#1667,#1668);
#1667 = CARTESIAN_POINT('',(-3.535533905933E-02,0.155137));
#1668 = VECTOR('',#1669,1.);
#1669 = DIRECTION('',(-8.716389750491E-16,1.));
#1670 = ( GEOMETRIC_REPRESENTATION_CONTEXT(2) 
PARAMETRIC_REPRESENTATION_CONTEXT() REPRESENTATION_CONTEXT('2D SPACE',''
  ) );
#1671 = ADVANCED_FACE('',(#1672),#172,.T.);
#1672 = FACE_BOUND('',#1673,.T.);
#1673 = EDGE_LOOP('',(#1674,#1704,#1732,#1760,#1783,#1804,#1805,#1828,
    #1849,#1850,#1871));
#1674 = ORIENTED_EDGE('',*,*,#1675,.T.);
#1675 = EDGE_CURVE('',#1676,#1678,#1680,.T.);
#1676 = VERTEX_POINT('',#1677);
#1677 = CARTESIAN_POINT('',(-2.325,1.,0.31));
#1678 = VERTEX_POINT('',#1679);
#1679 = CARTESIAN_POINT('',(-2.325,1.,8.E-02));
#1680 = SURFACE_CURVE('',#1681,(#1685,#1692),.PCURVE_S1.);
#1681 = LINE('',#1682,#1683);
#1682 = CARTESIAN_POINT('',(-2.325,1.,0.841614));
#1683 = VECTOR('',#1684,1.);
#1684 = DIRECTION('',(-2.289834988289E-16,-1.065228634467E-16,-1.));
#1685 = PCURVE('',#172,#1686);
#1686 = DEFINITIONAL_REPRESENTATION('',(#1687),#1691);
#1687 = LINE('',#1688,#1689);
#1688 = CARTESIAN_POINT('',(-0.531614,5.15));
#1689 = VECTOR('',#1690,1.);
#1690 = DIRECTION('',(1.,0.));
#1691 = ( GEOMETRIC_REPRESENTATION_CONTEXT(2) 
PARAMETRIC_REPRESENTATION_CONTEXT() REPRESENTATION_CONTEXT('2D SPACE',''
  ) );
#1692 = PCURVE('',#1693,#1698);
#1693 = PLANE('',#1694);
#1694 = AXIS2_PLACEMENT_3D('',#1695,#1696,#1697);
#1695 = CARTESIAN_POINT('',(-2.325,3.624702236056,-0.833697738616));
#1696 = DIRECTION('',(1.,-5.243344273594E-32,-2.289834988289E-16));
#1697 = DIRECTION('',(-2.080052407982E-46,1.,-2.289834988289E-16));
#1698 = DEFINITIONAL_REPRESENTATION('',(#1699),#1703);
#1699 = LINE('',#1700,#1701);
#1700 = CARTESIAN_POINT('',(-2.624702236056,1.675311738616));
#1701 = VECTOR('',#1702,1.);
#1702 = DIRECTION('',(1.224606353822E-16,-1.));
#1703 = ( GEOMETRIC_REPRESENTATION_CONTEXT(2) 
PARAMETRIC_REPRESENTATION_CONTEXT() REPRESENTATION_CONTEXT('2D SPACE',''
  ) );
#1704 = ORIENTED_EDGE('',*,*,#1705,.T.);
#1705 = EDGE_CURVE('',#1678,#1706,#1708,.T.);
#1706 = VERTEX_POINT('',#1707);
#1707 = CARTESIAN_POINT('',(-2.4,1.,8.E-02));
#1708 = SURFACE_CURVE('',#1709,(#1713,#1720),.PCURVE_S1.);
#1709 = LINE('',#1710,#1711);
#1710 = CARTESIAN_POINT('',(13.5,1.,8.E-02));
#1711 = VECTOR('',#1712,1.);
#1712 = DIRECTION('',(-1.,5.243344273594E-32,2.289834988289E-16));
#1713 = PCURVE('',#172,#1714);
#1714 = DEFINITIONAL_REPRESENTATION('',(#1715),#1719);
#1715 = LINE('',#1716,#1717);
#1716 = CARTESIAN_POINT('',(0.23,-10.675));
#1717 = VECTOR('',#1718,1.);
#1718 = DIRECTION('',(0.,1.));
#1719 = ( GEOMETRIC_REPRESENTATION_CONTEXT(2) 
PARAMETRIC_REPRESENTATION_CONTEXT() REPRESENTATION_CONTEXT('2D SPACE',''
  ) );
#1720 = PCURVE('',#1721,#1726);
#1721 = PLANE('',#1722);
#1722 = AXIS2_PLACEMENT_3D('',#1723,#1724,#1725);
#1723 = CARTESIAN_POINT('',(-2.1625,1.,8.E-02));
#1724 = DIRECTION('',(2.289834988289E-16,2.289834988289E-16,1.));
#1725 = DIRECTION('',(0.,-1.,2.289834988289E-16));
#1726 = DEFINITIONAL_REPRESENTATION('',(#1727),#1731);
#1727 = LINE('',#1728,#1729);
#1728 = CARTESIAN_POINT('',(-8.198683773256E-31,15.6625));
#1729 = VECTOR('',#1730,1.);
#1730 = DIRECTION('',(2.080052407982E-46,-1.));
#1731 = ( GEOMETRIC_REPRESENTATION_CONTEXT(2) 
PARAMETRIC_REPRESENTATION_CONTEXT() REPRESENTATION_CONTEXT('2D SPACE',''
  ) );
#1732 = ORIENTED_EDGE('',*,*,#1733,.T.);
#1733 = EDGE_CURVE('',#1706,#1734,#1736,.T.);
#1734 = VERTEX_POINT('',#1735);
#1735 = CARTESIAN_POINT('',(-2.45,1.,3.E-02));
#1736 = SURFACE_CURVE('',#1737,(#1741,#1748),.PCURVE_S1.);
#1737 = LINE('',#1738,#1739);
#1738 = CARTESIAN_POINT('',(13.5,1.,15.98));
#1739 = VECTOR('',#1740,1.);
#1740 = DIRECTION('',(-0.707106781187,-1.064046335705E-16,
    -0.707106781187));
#1741 = PCURVE('',#172,#1742);
#1742 = DEFINITIONAL_REPRESENTATION('',(#1743),#1747);
#1743 = LINE('',#1744,#1745);
#1744 = CARTESIAN_POINT('',(-15.67,-10.675));
#1745 = VECTOR('',#1746,1.);
#1746 = DIRECTION('',(0.707106781187,0.707106781187));
#1747 = ( GEOMETRIC_REPRESENTATION_CONTEXT(2) 
PARAMETRIC_REPRESENTATION_CONTEXT() REPRESENTATION_CONTEXT('2D SPACE',''
  ) );
#1748 = PCURVE('',#1749,#1754);
#1749 = PLANE('',#1750);
#1750 = AXIS2_PLACEMENT_3D('',#1751,#1752,#1753);
#1751 = CARTESIAN_POINT('',(-2.425,0.85,5.5E-02));
#1752 = DIRECTION('',(0.707106781187,-7.532303909457E-17,-0.707106781187
    ));
#1753 = DIRECTION('',(0.707106781187,1.619157848018E-16,0.707106781187)
  );
#1754 = DEFINITIONAL_REPRESENTATION('',(#1755),#1759);
#1755 = LINE('',#1756,#1757);
#1756 = CARTESIAN_POINT('',(22.521350980791,-0.15));
#1757 = VECTOR('',#1758,1.);
#1758 = DIRECTION('',(-1.,-5.551115123126E-17));
#1759 = ( GEOMETRIC_REPRESENTATION_CONTEXT(2) 
PARAMETRIC_REPRESENTATION_CONTEXT() REPRESENTATION_CONTEXT('2D SPACE',''
  ) );
#1760 = ORIENTED_EDGE('',*,*,#1761,.T.);
#1761 = EDGE_CURVE('',#1734,#1762,#1764,.T.);
#1762 = VERTEX_POINT('',#1763);
#1763 = CARTESIAN_POINT('',(-2.9525,1.,3.E-02));
#1764 = SURFACE_CURVE('',#1765,(#1769,#1776),.PCURVE_S1.);
#1765 = LINE('',#1766,#1767);
#1766 = CARTESIAN_POINT('',(13.5,1.,3.E-02));
#1767 = VECTOR('',#1768,1.);
#1768 = DIRECTION('',(-1.,5.243344273594E-32,2.289834988289E-16));
#1769 = PCURVE('',#172,#1770);
#1770 = DEFINITIONAL_REPRESENTATION('',(#1771),#1775);
#1771 = LINE('',#1772,#1773);
#1772 = CARTESIAN_POINT('',(0.28,-10.675));
#1773 = VECTOR('',#1774,1.);
#1774 = DIRECTION('',(0.,1.));
#1775 = ( GEOMETRIC_REPRESENTATION_CONTEXT(2) 
PARAMETRIC_REPRESENTATION_CONTEXT() REPRESENTATION_CONTEXT('2D SPACE',''
  ) );
#1776 = PCURVE('',#667,#1777);
#1777 = DEFINITIONAL_REPRESENTATION('',(#1778),#1782);
#1778 = LINE('',#1779,#1780);
#1779 = CARTESIAN_POINT('',(-3.17768456363E-30,-60.6025));
#1780 = VECTOR('',#1781,1.);
#1781 = DIRECTION('',(9.031806508344E-47,1.));
#1782 = ( GEOMETRIC_REPRESENTATION_CONTEXT(2) 
PARAMETRIC_REPRESENTATION_CONTEXT() REPRESENTATION_CONTEXT('2D SPACE',''
  ) );
#1783 = ORIENTED_EDGE('',*,*,#1784,.F.);
#1784 = EDGE_CURVE('',#942,#1762,#1785,.T.);
#1785 = SURFACE_CURVE('',#1786,(#1790,#1797),.PCURVE_S1.);
#1786 = LINE('',#1787,#1788);
#1787 = CARTESIAN_POINT('',(-2.9525,1.,0.841614));
#1788 = VECTOR('',#1789,1.);
#1789 = DIRECTION('',(-2.289834988289E-16,-1.065228634467E-16,-1.));
#1790 = PCURVE('',#172,#1791);
#1791 = DEFINITIONAL_REPRESENTATION('',(#1792),#1796);
#1792 = LINE('',#1793,#1794);
#1793 = CARTESIAN_POINT('',(-0.531614,5.7775));
#1794 = VECTOR('',#1795,1.);
#1795 = DIRECTION('',(1.,0.));
#1796 = ( GEOMETRIC_REPRESENTATION_CONTEXT(2) 
PARAMETRIC_REPRESENTATION_CONTEXT() REPRESENTATION_CONTEXT('2D SPACE',''
  ) );
#1797 = PCURVE('',#980,#1798);
#1798 = DEFINITIONAL_REPRESENTATION('',(#1799),#1803);
#1799 = LINE('',#1800,#1801);
#1800 = CARTESIAN_POINT('',(-0.811614,2.9));
#1801 = VECTOR('',#1802,1.);
#1802 = DIRECTION('',(1.,0.));
#1803 = ( GEOMETRIC_REPRESENTATION_CONTEXT(2) 
PARAMETRIC_REPRESENTATION_CONTEXT() REPRESENTATION_CONTEXT('2D SPACE',''
  ) );
#1804 = ORIENTED_EDGE('',*,*,#941,.T.);
#1805 = ORIENTED_EDGE('',*,*,#1806,.F.);
#1806 = EDGE_CURVE('',#1807,#909,#1809,.T.);
#1807 = VERTEX_POINT('',#1808);
#1808 = CARTESIAN_POINT('',(-3.5,1.,1.));
#1809 = SURFACE_CURVE('',#1810,(#1814,#1821),.PCURVE_S1.);
#1810 = LINE('',#1811,#1812);
#1811 = CARTESIAN_POINT('',(-3.5,1.,0.841614));
#1812 = VECTOR('',#1813,1.);
#1813 = DIRECTION('',(-2.289834988289E-16,-1.065228634467E-16,-1.));
#1814 = PCURVE('',#172,#1815);
#1815 = DEFINITIONAL_REPRESENTATION('',(#1816),#1820);
#1816 = LINE('',#1817,#1818);
#1817 = CARTESIAN_POINT('',(-0.531614,6.325));
#1818 = VECTOR('',#1819,1.);
#1819 = DIRECTION('',(1.,0.));
#1820 = ( GEOMETRIC_REPRESENTATION_CONTEXT(2) 
PARAMETRIC_REPRESENTATION_CONTEXT() REPRESENTATION_CONTEXT('2D SPACE',''
  ) );
#1821 = PCURVE('',#929,#1822);
#1822 = DEFINITIONAL_REPRESENTATION('',(#1823),#1827);
#1823 = LINE('',#1824,#1825);
#1824 = CARTESIAN_POINT('',(0.305137,3.250406698354E-17));
#1825 = VECTOR('',#1826,1.);
#1826 = DIRECTION('',(0.,-1.));
#1827 = ( GEOMETRIC_REPRESENTATION_CONTEXT(2) 
PARAMETRIC_REPRESENTATION_CONTEXT() REPRESENTATION_CONTEXT('2D SPACE',''
  ) );
#1828 = ORIENTED_EDGE('',*,*,#1829,.F.);
#1829 = EDGE_CURVE('',#42,#1807,#1830,.T.);
#1830 = SURFACE_CURVE('',#1831,(#1835,#1842),.PCURVE_S1.);
#1831 = LINE('',#1832,#1833);
#1832 = CARTESIAN_POINT('',(13.5,1.,1.));
#1833 = VECTOR('',#1834,1.);
#1834 = DIRECTION('',(-1.,5.243344273594E-32,2.289834988289E-16));
#1835 = PCURVE('',#172,#1836);
#1836 = DEFINITIONAL_REPRESENTATION('',(#1837),#1841);
#1837 = LINE('',#1838,#1839);
#1838 = CARTESIAN_POINT('',(-0.69,-10.675));
#1839 = VECTOR('',#1840,1.);
#1840 = DIRECTION('',(0.,1.));
#1841 = ( GEOMETRIC_REPRESENTATION_CONTEXT(2) 
PARAMETRIC_REPRESENTATION_CONTEXT() REPRESENTATION_CONTEXT('2D SPACE',''
  ) );
#1842 = PCURVE('',#62,#1843);
#1843 = DEFINITIONAL_REPRESENTATION('',(#1844),#1848);
#1844 = LINE('',#1845,#1846);
#1845 = CARTESIAN_POINT('',(-2.493867268294,55.176624388842));
#1846 = VECTOR('',#1847,1.);
#1847 = DIRECTION('',(2.080052407982E-46,-1.));
#1848 = ( GEOMETRIC_REPRESENTATION_CONTEXT(2) 
PARAMETRIC_REPRESENTATION_CONTEXT() REPRESENTATION_CONTEXT('2D SPACE',''
  ) );
#1849 = ORIENTED_EDGE('',*,*,#158,.T.);
#1850 = ORIENTED_EDGE('',*,*,#1851,.T.);
#1851 = EDGE_CURVE('',#131,#515,#1852,.T.);
#1852 = SURFACE_CURVE('',#1853,(#1857,#1864),.PCURVE_S1.);
#1853 = LINE('',#1854,#1855);
#1854 = CARTESIAN_POINT('',(13.5,1.,0.31));
#1855 = VECTOR('',#1856,1.);
#1856 = DIRECTION('',(1.,-5.243344273594E-32,-2.289834988289E-16));
#1857 = PCURVE('',#172,#1858);
#1858 = DEFINITIONAL_REPRESENTATION('',(#1859),#1863);
#1859 = LINE('',#1860,#1861);
#1860 = CARTESIAN_POINT('',(-4.459974056736E-16,-10.675));
#1861 = VECTOR('',#1862,1.);
#1862 = DIRECTION('',(0.,-1.));
#1863 = ( GEOMETRIC_REPRESENTATION_CONTEXT(2) 
PARAMETRIC_REPRESENTATION_CONTEXT() REPRESENTATION_CONTEXT('2D SPACE',''
  ) );
#1864 = PCURVE('',#146,#1865);
#1865 = DEFINITIONAL_REPRESENTATION('',(#1866),#1870);
#1866 = LINE('',#1867,#1868);
#1867 = CARTESIAN_POINT('',(0.71,-16.8));
#1868 = VECTOR('',#1869,1.);
#1869 = DIRECTION('',(9.031806508344E-47,-1.));
#1870 = ( GEOMETRIC_REPRESENTATION_CONTEXT(2) 
PARAMETRIC_REPRESENTATION_CONTEXT() REPRESENTATION_CONTEXT('2D SPACE',''
  ) );
#1871 = ORIENTED_EDGE('',*,*,#1872,.T.);
#1872 = EDGE_CURVE('',#515,#1676,#1873,.T.);
#1873 = SURFACE_CURVE('',#1874,(#1878,#1885),.PCURVE_S1.);
#1874 = LINE('',#1875,#1876);
#1875 = CARTESIAN_POINT('',(4.5,1.,0.31));
#1876 = VECTOR('',#1877,1.);
#1877 = DIRECTION('',(1.,-5.243344273594E-32,-2.289834988289E-16));
#1878 = PCURVE('',#172,#1879);
#1879 = DEFINITIONAL_REPRESENTATION('',(#1880),#1884);
#1880 = LINE('',#1881,#1882);
#1881 = CARTESIAN_POINT('',(-3.835473605385E-16,-1.675));
#1882 = VECTOR('',#1883,1.);
#1883 = DIRECTION('',(0.,-1.));
#1884 = ( GEOMETRIC_REPRESENTATION_CONTEXT(2) 
PARAMETRIC_REPRESENTATION_CONTEXT() REPRESENTATION_CONTEXT('2D SPACE',''
  ) );
#1885 = PCURVE('',#530,#1886);
#1886 = DEFINITIONAL_REPRESENTATION('',(#1887),#1891);
#1887 = LINE('',#1888,#1889);
#1888 = CARTESIAN_POINT('',(-3.15,0.673724317761));
#1889 = VECTOR('',#1890,1.);
#1890 = DIRECTION('',(-1.,-2.736911063134E-48));
#1891 = ( GEOMETRIC_REPRESENTATION_CONTEXT(2) 
PARAMETRIC_REPRESENTATION_CONTEXT() REPRESENTATION_CONTEXT('2D SPACE',''
  ) );
#1892 = ADVANCED_FACE('',(#1893),#1907,.T.);
#1893 = FACE_BOUND('',#1894,.T.);
#1894 = EDGE_LOOP('',(#1895,#1930,#1958,#1987,#2015,#2043,#2071,#2099,
    #2128,#2156,#2179));
#1895 = ORIENTED_EDGE('',*,*,#1896,.T.);
#1896 = EDGE_CURVE('',#1897,#1899,#1901,.T.);
#1897 = VERTEX_POINT('',#1898);
#1898 = CARTESIAN_POINT('',(-2.175,1.,8.E-02));
#1899 = VERTEX_POINT('',#1900);
#1900 = CARTESIAN_POINT('',(-2.175,1.,7.866077735406E-02));
#1901 = SURFACE_CURVE('',#1902,(#1906,#1918),.PCURVE_S1.);
#1902 = LINE('',#1903,#1904);
#1903 = CARTESIAN_POINT('',(-2.175,1.,0.841614));
#1904 = VECTOR('',#1905,1.);
#1905 = DIRECTION('',(-2.289834988289E-16,-1.065228634467E-16,-1.));
#1906 = PCURVE('',#1907,#1912);
#1907 = PLANE('',#1908);
#1908 = AXIS2_PLACEMENT_3D('',#1909,#1910,#1911);
#1909 = CARTESIAN_POINT('',(-2.175,1.245779075398,0.170500231015));
#1910 = DIRECTION('',(1.,-5.243344273594E-32,-2.289834988289E-16));
#1911 = DIRECTION('',(5.243344273594E-32,1.,0.));
#1912 = DEFINITIONAL_REPRESENTATION('',(#1913),#1917);
#1913 = LINE('',#1914,#1915);
#1914 = CARTESIAN_POINT('',(-0.245779075398,0.671113768985));
#1915 = VECTOR('',#1916,1.);
#1916 = DIRECTION('',(-1.065228634467E-16,-1.));
#1917 = ( GEOMETRIC_REPRESENTATION_CONTEXT(2) 
PARAMETRIC_REPRESENTATION_CONTEXT() REPRESENTATION_CONTEXT('2D SPACE',''
  ) );
#1918 = PCURVE('',#1919,#1924);
#1919 = PLANE('',#1920);
#1920 = AXIS2_PLACEMENT_3D('',#1921,#1922,#1923);
#1921 = CARTESIAN_POINT('',(-2.175,1.,7.866077735406E-02));
#1922 = DIRECTION('',(2.804146475864E-32,1.,-1.065228634467E-16));
#1923 = DIRECTION('',(-2.289834988289E-16,-1.065228634467E-16,-1.));
#1924 = DEFINITIONAL_REPRESENTATION('',(#1925),#1929);
#1925 = LINE('',#1926,#1927);
#1926 = CARTESIAN_POINT('',(-0.762953222646,1.747036983643E-16));
#1927 = VECTOR('',#1928,1.);
#1928 = DIRECTION('',(1.,0.));
#1929 = ( GEOMETRIC_REPRESENTATION_CONTEXT(2) 
PARAMETRIC_REPRESENTATION_CONTEXT() REPRESENTATION_CONTEXT('2D SPACE',''
  ) );
#1930 = ORIENTED_EDGE('',*,*,#1931,.F.);
#1931 = EDGE_CURVE('',#1932,#1899,#1934,.T.);
#1932 = VERTEX_POINT('',#1933);
#1933 = CARTESIAN_POINT('',(-2.175,0.943186633611,6.541154699934E-02));
#1934 = SURFACE_CURVE('',#1935,(#1939,#1946),.PCURVE_S1.);
#1935 = LINE('',#1936,#1937);
#1936 = CARTESIAN_POINT('',(-2.175,0.943186633611,6.541154699934E-02));
#1937 = VECTOR('',#1938,1.);
#1938 = DIRECTION('',(5.200494915182E-17,0.973868596229,0.227112212966)
  );
#1939 = PCURVE('',#1907,#1940);
#1940 = DEFINITIONAL_REPRESENTATION('',(#1941),#1945);
#1941 = LINE('',#1942,#1943);
#1942 = CARTESIAN_POINT('',(-0.302592441787,-0.105088684016));
#1943 = VECTOR('',#1944,1.);
#1944 = DIRECTION('',(0.973868596229,0.227112212966));
#1945 = ( GEOMETRIC_REPRESENTATION_CONTEXT(2) 
PARAMETRIC_REPRESENTATION_CONTEXT() REPRESENTATION_CONTEXT('2D SPACE',''
  ) );
#1946 = PCURVE('',#1947,#1952);
#1947 = PLANE('',#1948);
#1948 = AXIS2_PLACEMENT_3D('',#1949,#1950,#1951);
#1949 = CARTESIAN_POINT('',(-2.325,0.943186633611,6.541154699934E-02));
#1950 = DIRECTION('',(2.229998385642E-16,-0.227112212966,0.973868596229)
  );
#1951 = DIRECTION('',(5.200494915182E-17,0.973868596229,0.227112212966)
  );
#1952 = DEFINITIONAL_REPRESENTATION('',(#1953),#1957);
#1953 = LINE('',#1954,#1955);
#1954 = CARTESIAN_POINT('',(1.497112172552E-18,-0.15));
#1955 = VECTOR('',#1956,1.);
#1956 = DIRECTION('',(1.,-3.697785493223E-32));
#1957 = ( GEOMETRIC_REPRESENTATION_CONTEXT(2) 
PARAMETRIC_REPRESENTATION_CONTEXT() REPRESENTATION_CONTEXT('2D SPACE',''
  ) );
#1958 = ORIENTED_EDGE('',*,*,#1959,.T.);
#1959 = EDGE_CURVE('',#1932,#1960,#1962,.T.);
#1960 = VERTEX_POINT('',#1961);
#1961 = CARTESIAN_POINT('',(-2.175,0.92,3.619548911246E-02));
#1962 = SURFACE_CURVE('',#1963,(#1968,#1975),.PCURVE_S1.);
#1963 = CIRCLE('',#1964,3.E-02);
#1964 = AXIS2_PLACEMENT_3D('',#1965,#1966,#1967);
#1965 = CARTESIAN_POINT('',(-2.175,0.95,3.619548911246E-02));
#1966 = DIRECTION('',(1.,-5.243344273594E-32,-2.289834988289E-16));
#1967 = DIRECTION('',(-2.080052407982E-46,1.,-2.289834988289E-16));
#1968 = PCURVE('',#1907,#1969);
#1969 = DEFINITIONAL_REPRESENTATION('',(#1970),#1974);
#1970 = CIRCLE('',#1971,3.E-02);
#1971 = AXIS2_PLACEMENT_2D('',#1972,#1973);
#1972 = CARTESIAN_POINT('',(-0.295779075398,-0.134304741903));
#1973 = DIRECTION('',(1.,-2.289834988289E-16));
#1974 = ( GEOMETRIC_REPRESENTATION_CONTEXT(2) 
PARAMETRIC_REPRESENTATION_CONTEXT() REPRESENTATION_CONTEXT('2D SPACE',''
  ) );
#1975 = PCURVE('',#1976,#1981);
#1976 = CYLINDRICAL_SURFACE('',#1977,3.E-02);
#1977 = AXIS2_PLACEMENT_3D('',#1978,#1979,#1980);
#1978 = CARTESIAN_POINT('',(-2.175,0.95,3.619548911246E-02));
#1979 = DIRECTION('',(-1.,5.243344273594E-32,2.289834988289E-16));
#1980 = DIRECTION('',(-2.080052407982E-46,1.,-2.289834988289E-16));
#1981 = DEFINITIONAL_REPRESENTATION('',(#1982),#1986);
#1982 = LINE('',#1983,#1984);
#1983 = CARTESIAN_POINT('',(6.28318530718,0.));
#1984 = VECTOR('',#1985,1.);
#1985 = DIRECTION('',(-1.,0.));
#1986 = ( GEOMETRIC_REPRESENTATION_CONTEXT(2) 
PARAMETRIC_REPRESENTATION_CONTEXT() REPRESENTATION_CONTEXT('2D SPACE',''
  ) );
#1987 = ORIENTED_EDGE('',*,*,#1988,.F.);
#1988 = EDGE_CURVE('',#1989,#1960,#1991,.T.);
#1989 = VERTEX_POINT('',#1990);
#1990 = CARTESIAN_POINT('',(-2.175,0.92,-3.330669073875E-16));
#1991 = SURFACE_CURVE('',#1992,(#1996,#2003),.PCURVE_S1.);
#1992 = LINE('',#1993,#1994);
#1993 = CARTESIAN_POINT('',(-2.175,0.92,-3.330669073875E-16));
#1994 = VECTOR('',#1995,1.);
#1995 = DIRECTION('',(2.289834988289E-16,2.289834988289E-16,1.));
#1996 = PCURVE('',#1907,#1997);
#1997 = DEFINITIONAL_REPRESENTATION('',(#1998),#2002);
#1998 = LINE('',#1999,#2000);
#1999 = CARTESIAN_POINT('',(-0.325779075398,-0.170500231015));
#2000 = VECTOR('',#2001,1.);
#2001 = DIRECTION('',(2.289834988289E-16,1.));
#2002 = ( GEOMETRIC_REPRESENTATION_CONTEXT(2) 
PARAMETRIC_REPRESENTATION_CONTEXT() REPRESENTATION_CONTEXT('2D SPACE',''
  ) );
#2003 = PCURVE('',#2004,#2009);
#2004 = PLANE('',#2005);
#2005 = AXIS2_PLACEMENT_3D('',#2006,#2007,#2008);
#2006 = CARTESIAN_POINT('',(-2.175,0.92,-3.330669073875E-16));
#2007 = DIRECTION('',(0.,1.,-2.289834988289E-16));
#2008 = DIRECTION('',(2.289834988289E-16,2.289834988289E-16,1.));
#2009 = DEFINITIONAL_REPRESENTATION('',(#2010),#2014);
#2010 = LINE('',#2011,#2012);
#2011 = CARTESIAN_POINT('',(0.,0.));
#2012 = VECTOR('',#2013,1.);
#2013 = DIRECTION('',(1.,0.));
#2014 = ( GEOMETRIC_REPRESENTATION_CONTEXT(2) 
PARAMETRIC_REPRESENTATION_CONTEXT() REPRESENTATION_CONTEXT('2D SPACE',''
  ) );
#2015 = ORIENTED_EDGE('',*,*,#2016,.T.);
#2016 = EDGE_CURVE('',#1989,#2017,#2019,.T.);
#2017 = VERTEX_POINT('',#2018);
#2018 = CARTESIAN_POINT('',(-2.175,1.25,-4.440892098501E-16));
#2019 = SURFACE_CURVE('',#2020,(#2024,#2031),.PCURVE_S1.);
#2020 = LINE('',#2021,#2022);
#2021 = CARTESIAN_POINT('',(-2.175,0.92,-3.330669073875E-16));
#2022 = VECTOR('',#2023,1.);
#2023 = DIRECTION('',(0.,1.,-2.289834988289E-16));
#2024 = PCURVE('',#1907,#2025);
#2025 = DEFINITIONAL_REPRESENTATION('',(#2026),#2030);
#2026 = LINE('',#2027,#2028);
#2027 = CARTESIAN_POINT('',(-0.325779075398,-0.170500231015));
#2028 = VECTOR('',#2029,1.);
#2029 = DIRECTION('',(1.,-2.289834988289E-16));
#2030 = ( GEOMETRIC_REPRESENTATION_CONTEXT(2) 
PARAMETRIC_REPRESENTATION_CONTEXT() REPRESENTATION_CONTEXT('2D SPACE',''
  ) );
#2031 = PCURVE('',#2032,#2037);
#2032 = PLANE('',#2033);
#2033 = AXIS2_PLACEMENT_3D('',#2034,#2035,#2036);
#2034 = CARTESIAN_POINT('',(-2.325,1.25,-4.440892098501E-16));
#2035 = DIRECTION('',(-2.289834988289E-16,-2.289834988289E-16,-1.));
#2036 = DIRECTION('',(0.,-1.,2.289834988289E-16));
#2037 = DEFINITIONAL_REPRESENTATION('',(#2038),#2042);
#2038 = LINE('',#2039,#2040);
#2039 = CARTESIAN_POINT('',(0.33,-0.15));
#2040 = VECTOR('',#2041,1.);
#2041 = DIRECTION('',(-1.,0.));
#2042 = ( GEOMETRIC_REPRESENTATION_CONTEXT(2) 
PARAMETRIC_REPRESENTATION_CONTEXT() REPRESENTATION_CONTEXT('2D SPACE',''
  ) );
#2043 = ORIENTED_EDGE('',*,*,#2044,.F.);
#2044 = EDGE_CURVE('',#2045,#2017,#2047,.T.);
#2045 = VERTEX_POINT('',#2046);
#2046 = CARTESIAN_POINT('',(-2.175,1.3,5.E-02));
#2047 = SURFACE_CURVE('',#2048,(#2052,#2059),.PCURVE_S1.);
#2048 = LINE('',#2049,#2050);
#2049 = CARTESIAN_POINT('',(-2.175,1.3,5.E-02));
#2050 = VECTOR('',#2051,1.);
#2051 = DIRECTION('',(-1.619157848018E-16,-0.707106781187,
    -0.707106781186));
#2052 = PCURVE('',#1907,#2053);
#2053 = DEFINITIONAL_REPRESENTATION('',(#2054),#2058);
#2054 = LINE('',#2055,#2056);
#2055 = CARTESIAN_POINT('',(5.422092460224E-02,-0.120500231015));
#2056 = VECTOR('',#2057,1.);
#2057 = DIRECTION('',(-0.707106781187,-0.707106781186));
#2058 = ( GEOMETRIC_REPRESENTATION_CONTEXT(2) 
PARAMETRIC_REPRESENTATION_CONTEXT() REPRESENTATION_CONTEXT('2D SPACE',''
  ) );
#2059 = PCURVE('',#2060,#2065);
#2060 = PLANE('',#2061);
#2061 = AXIS2_PLACEMENT_3D('',#2062,#2063,#2064);
#2062 = CARTESIAN_POINT('',(-2.175,1.3,5.E-02));
#2063 = DIRECTION('',(1.619157848018E-16,-0.707106781186,0.707106781187)
  );
#2064 = DIRECTION('',(-1.619157848018E-16,-0.707106781187,
    -0.707106781186));
#2065 = DEFINITIONAL_REPRESENTATION('',(#2066),#2070);
#2066 = LINE('',#2067,#2068);
#2067 = CARTESIAN_POINT('',(-0.,0.));
#2068 = VECTOR('',#2069,1.);
#2069 = DIRECTION('',(1.,7.395570986447E-32));
#2070 = ( GEOMETRIC_REPRESENTATION_CONTEXT(2) 
PARAMETRIC_REPRESENTATION_CONTEXT() REPRESENTATION_CONTEXT('2D SPACE',''
  ) );
#2071 = ORIENTED_EDGE('',*,*,#2072,.F.);
#2072 = EDGE_CURVE('',#2073,#2045,#2075,.T.);
#2073 = VERTEX_POINT('',#2074);
#2074 = CARTESIAN_POINT('',(-2.175,1.3,0.11));
#2075 = SURFACE_CURVE('',#2076,(#2080,#2087),.PCURVE_S1.);
#2076 = LINE('',#2077,#2078);
#2077 = CARTESIAN_POINT('',(-2.175,1.3,0.11));
#2078 = VECTOR('',#2079,1.);
#2079 = DIRECTION('',(-2.289834988289E-16,-2.289834988289E-16,-1.));
#2080 = PCURVE('',#1907,#2081);
#2081 = DEFINITIONAL_REPRESENTATION('',(#2082),#2086);
#2082 = LINE('',#2083,#2084);
#2083 = CARTESIAN_POINT('',(5.422092460224E-02,-6.050023101547E-02));
#2084 = VECTOR('',#2085,1.);
#2085 = DIRECTION('',(-2.289834988289E-16,-1.));
#2086 = ( GEOMETRIC_REPRESENTATION_CONTEXT(2) 
PARAMETRIC_REPRESENTATION_CONTEXT() REPRESENTATION_CONTEXT('2D SPACE',''
  ) );
#2087 = PCURVE('',#2088,#2093);
#2088 = PLANE('',#2089);
#2089 = AXIS2_PLACEMENT_3D('',#2090,#2091,#2092);
#2090 = CARTESIAN_POINT('',(-2.175,1.3,0.11));
#2091 = DIRECTION('',(0.,-1.,2.289834988289E-16));
#2092 = DIRECTION('',(-2.289834988289E-16,-2.289834988289E-16,-1.));
#2093 = DEFINITIONAL_REPRESENTATION('',(#2094),#2098);
#2094 = LINE('',#2095,#2096);
#2095 = CARTESIAN_POINT('',(-0.,0.));
#2096 = VECTOR('',#2097,1.);
#2097 = DIRECTION('',(1.,0.));
#2098 = ( GEOMETRIC_REPRESENTATION_CONTEXT(2) 
PARAMETRIC_REPRESENTATION_CONTEXT() REPRESENTATION_CONTEXT('2D SPACE',''
  ) );
#2099 = ORIENTED_EDGE('',*,*,#2100,.F.);
#2100 = EDGE_CURVE('',#2101,#2073,#2103,.T.);
#2101 = VERTEX_POINT('',#2102);
#2102 = CARTESIAN_POINT('',(-2.175,1.35,0.16));
#2103 = SURFACE_CURVE('',#2104,(#2109,#2116),.PCURVE_S1.);
#2104 = CIRCLE('',#2105,5.E-02);
#2105 = AXIS2_PLACEMENT_3D('',#2106,#2107,#2108);
#2106 = CARTESIAN_POINT('',(-2.175,1.35,0.11));
#2107 = DIRECTION('',(1.,-5.243344273594E-32,-2.289834988289E-16));
#2108 = DIRECTION('',(-2.080052407982E-46,1.,-2.289834988289E-16));
#2109 = PCURVE('',#1907,#2110);
#2110 = DEFINITIONAL_REPRESENTATION('',(#2111),#2115);
#2111 = CIRCLE('',#2112,5.E-02);
#2112 = AXIS2_PLACEMENT_2D('',#2113,#2114);
#2113 = CARTESIAN_POINT('',(0.104220924602,-6.050023101547E-02));
#2114 = DIRECTION('',(1.,-2.289834988289E-16));
#2115 = ( GEOMETRIC_REPRESENTATION_CONTEXT(2) 
PARAMETRIC_REPRESENTATION_CONTEXT() REPRESENTATION_CONTEXT('2D SPACE',''
  ) );
#2116 = PCURVE('',#2117,#2122);
#2117 = CYLINDRICAL_SURFACE('',#2118,5.E-02);
#2118 = AXIS2_PLACEMENT_3D('',#2119,#2120,#2121);
#2119 = CARTESIAN_POINT('',(-2.175,1.35,0.11));
#2120 = DIRECTION('',(-1.,5.243344273594E-32,2.289834988289E-16));
#2121 = DIRECTION('',(-2.080052407982E-46,1.,-2.289834988289E-16));
#2122 = DEFINITIONAL_REPRESENTATION('',(#2123),#2127);
#2123 = LINE('',#2124,#2125);
#2124 = CARTESIAN_POINT('',(6.28318530718,0.));
#2125 = VECTOR('',#2126,1.);
#2126 = DIRECTION('',(-1.,0.));
#2127 = ( GEOMETRIC_REPRESENTATION_CONTEXT(2) 
PARAMETRIC_REPRESENTATION_CONTEXT() REPRESENTATION_CONTEXT('2D SPACE',''
  ) );
#2128 = ORIENTED_EDGE('',*,*,#2129,.T.);
#2129 = EDGE_CURVE('',#2101,#2130,#2132,.T.);
#2130 = VERTEX_POINT('',#2131);
#2131 = CARTESIAN_POINT('',(-2.175,1.35,0.31));
#2132 = SURFACE_CURVE('',#2133,(#2137,#2144),.PCURVE_S1.);
#2133 = LINE('',#2134,#2135);
#2134 = CARTESIAN_POINT('',(-2.175,1.35,0.31));
#2135 = VECTOR('',#2136,1.);
#2136 = DIRECTION('',(2.289834988289E-16,2.289834988289E-16,1.));
#2137 = PCURVE('',#1907,#2138);
#2138 = DEFINITIONAL_REPRESENTATION('',(#2139),#2143);
#2139 = LINE('',#2140,#2141);
#2140 = CARTESIAN_POINT('',(0.104220924602,0.139499768985));
#2141 = VECTOR('',#2142,1.);
#2142 = DIRECTION('',(2.289834988289E-16,1.));
#2143 = ( GEOMETRIC_REPRESENTATION_CONTEXT(2) 
PARAMETRIC_REPRESENTATION_CONTEXT() REPRESENTATION_CONTEXT('2D SPACE',''
  ) );
#2144 = PCURVE('',#2145,#2150);
#2145 = PLANE('',#2146);
#2146 = AXIS2_PLACEMENT_3D('',#2147,#2148,#2149);
#2147 = CARTESIAN_POINT('',(-2.325,1.35,0.31));
#2148 = DIRECTION('',(0.,1.,-2.289834988289E-16));
#2149 = DIRECTION('',(-2.289834988289E-16,-2.289834988289E-16,-1.));
#2150 = DEFINITIONAL_REPRESENTATION('',(#2151),#2155);
#2151 = LINE('',#2152,#2153);
#2152 = CARTESIAN_POINT('',(-3.434752482434E-17,-0.15));
#2153 = VECTOR('',#2154,1.);
#2154 = DIRECTION('',(-1.,0.));
#2155 = ( GEOMETRIC_REPRESENTATION_CONTEXT(2) 
PARAMETRIC_REPRESENTATION_CONTEXT() REPRESENTATION_CONTEXT('2D SPACE',''
  ) );
#2156 = ORIENTED_EDGE('',*,*,#2157,.T.);
#2157 = EDGE_CURVE('',#2130,#2158,#2160,.T.);
#2158 = VERTEX_POINT('',#2159);
#2159 = CARTESIAN_POINT('',(-2.175,1.,0.31));
#2160 = SURFACE_CURVE('',#2161,(#2165,#2172),.PCURVE_S1.);
#2161 = LINE('',#2162,#2163);
#2162 = CARTESIAN_POINT('',(-2.175,0.694863,0.31));
#2163 = VECTOR('',#2164,1.);
#2164 = DIRECTION('',(-2.804146475864E-32,-1.,1.065228634467E-16));
#2165 = PCURVE('',#1907,#2166);
#2166 = DEFINITIONAL_REPRESENTATION('',(#2167),#2171);
#2167 = LINE('',#2168,#2169);
#2168 = CARTESIAN_POINT('',(-0.550916075398,0.139499768985));
#2169 = VECTOR('',#2170,1.);
#2170 = DIRECTION('',(-1.,1.065228634467E-16));
#2171 = ( GEOMETRIC_REPRESENTATION_CONTEXT(2) 
PARAMETRIC_REPRESENTATION_CONTEXT() REPRESENTATION_CONTEXT('2D SPACE',''
  ) );
#2172 = PCURVE('',#530,#2173);
#2173 = DEFINITIONAL_REPRESENTATION('',(#2174),#2178);
#2174 = LINE('',#2175,#2176);
#2175 = CARTESIAN_POINT('',(3.525,0.978861317761));
#2176 = VECTOR('',#2177,1.);
#2177 = DIRECTION('',(9.031806508344E-47,1.));
#2178 = ( GEOMETRIC_REPRESENTATION_CONTEXT(2) 
PARAMETRIC_REPRESENTATION_CONTEXT() REPRESENTATION_CONTEXT('2D SPACE',''
  ) );
#2179 = ORIENTED_EDGE('',*,*,#2180,.T.);
#2180 = EDGE_CURVE('',#2158,#1897,#2181,.T.);
#2181 = SURFACE_CURVE('',#2182,(#2186,#2193),.PCURVE_S1.);
#2182 = LINE('',#2183,#2184);
#2183 = CARTESIAN_POINT('',(-2.175,1.,0.841614));
#2184 = VECTOR('',#2185,1.);
#2185 = DIRECTION('',(-2.289834988289E-16,-1.065228634467E-16,-1.));
#2186 = PCURVE('',#1907,#2187);
#2187 = DEFINITIONAL_REPRESENTATION('',(#2188),#2192);
#2188 = LINE('',#2189,#2190);
#2189 = CARTESIAN_POINT('',(-0.245779075398,0.671113768985));
#2190 = VECTOR('',#2191,1.);
#2191 = DIRECTION('',(-1.065228634467E-16,-1.));
#2192 = ( GEOMETRIC_REPRESENTATION_CONTEXT(2) 
PARAMETRIC_REPRESENTATION_CONTEXT() REPRESENTATION_CONTEXT('2D SPACE',''
  ) );
#2193 = PCURVE('',#2194,#2199);
#2194 = PLANE('',#2195);
#2195 = AXIS2_PLACEMENT_3D('',#2196,#2197,#2198);
#2196 = CARTESIAN_POINT('',(2.825,1.,0.31));
#2197 = DIRECTION('',(2.804146475864E-32,1.,-1.065228634467E-16));
#2198 = DIRECTION('',(-2.289834988289E-16,-1.065228634467E-16,-1.));
#2199 = DEFINITIONAL_REPRESENTATION('',(#2200),#2204);
#2200 = LINE('',#2201,#2202);
#2201 = CARTESIAN_POINT('',(-0.531614,5.));
#2202 = VECTOR('',#2203,1.);
#2203 = DIRECTION('',(1.,0.));
#2204 = ( GEOMETRIC_REPRESENTATION_CONTEXT(2) 
PARAMETRIC_REPRESENTATION_CONTEXT() REPRESENTATION_CONTEXT('2D SPACE',''
  ) );
#2205 = ADVANCED_FACE('',(#2206),#1919,.F.);
#2206 = FACE_BOUND('',#2207,.T.);
#2207 = EDGE_LOOP('',(#2208,#2229,#2252,#2273));
#2208 = ORIENTED_EDGE('',*,*,#2209,.T.);
#2209 = EDGE_CURVE('',#1897,#1678,#2210,.T.);
#2210 = SURFACE_CURVE('',#2211,(#2215,#2222),.PCURVE_S1.);
#2211 = LINE('',#2212,#2213);
#2212 = CARTESIAN_POINT('',(4.5,1.,8.E-02));
#2213 = VECTOR('',#2214,1.);
#2214 = DIRECTION('',(-1.,5.243344273594E-32,2.289834988289E-16));
#2215 = PCURVE('',#1919,#2216);
#2216 = DEFINITIONAL_REPRESENTATION('',(#2217),#2221);
#2217 = LINE('',#2218,#2219);
#2218 = CARTESIAN_POINT('',(-1.339222645935E-03,-6.675));
#2219 = VECTOR('',#2220,1.);
#2220 = DIRECTION('',(0.,1.));
#2221 = ( GEOMETRIC_REPRESENTATION_CONTEXT(2) 
PARAMETRIC_REPRESENTATION_CONTEXT() REPRESENTATION_CONTEXT('2D SPACE',''
  ) );
#2222 = PCURVE('',#1721,#2223);
#2223 = DEFINITIONAL_REPRESENTATION('',(#2224),#2228);
#2224 = LINE('',#2225,#2226);
#2225 = CARTESIAN_POINT('',(-3.495562849063E-31,6.6625));
#2226 = VECTOR('',#2227,1.);
#2227 = DIRECTION('',(2.080052407982E-46,-1.));
#2228 = ( GEOMETRIC_REPRESENTATION_CONTEXT(2) 
PARAMETRIC_REPRESENTATION_CONTEXT() REPRESENTATION_CONTEXT('2D SPACE',''
  ) );
#2229 = ORIENTED_EDGE('',*,*,#2230,.T.);
#2230 = EDGE_CURVE('',#1678,#2231,#2233,.T.);
#2231 = VERTEX_POINT('',#2232);
#2232 = CARTESIAN_POINT('',(-2.325,1.,7.866077735406E-02));
#2233 = SURFACE_CURVE('',#2234,(#2238,#2245),.PCURVE_S1.);
#2234 = LINE('',#2235,#2236);
#2235 = CARTESIAN_POINT('',(-2.325,1.,0.841614));
#2236 = VECTOR('',#2237,1.);
#2237 = DIRECTION('',(-2.289834988289E-16,-1.065228634467E-16,-1.));
#2238 = PCURVE('',#1919,#2239);
#2239 = DEFINITIONAL_REPRESENTATION('',(#2240),#2244);
#2240 = LINE('',#2241,#2242);
#2241 = CARTESIAN_POINT('',(-0.762953222646,0.15));
#2242 = VECTOR('',#2243,1.);
#2243 = DIRECTION('',(1.,0.));
#2244 = ( GEOMETRIC_REPRESENTATION_CONTEXT(2) 
PARAMETRIC_REPRESENTATION_CONTEXT() REPRESENTATION_CONTEXT('2D SPACE',''
  ) );
#2245 = PCURVE('',#1693,#2246);
#2246 = DEFINITIONAL_REPRESENTATION('',(#2247),#2251);
#2247 = LINE('',#2248,#2249);
#2248 = CARTESIAN_POINT('',(-2.624702236056,1.675311738616));
#2249 = VECTOR('',#2250,1.);
#2250 = DIRECTION('',(1.224606353822E-16,-1.));
#2251 = ( GEOMETRIC_REPRESENTATION_CONTEXT(2) 
PARAMETRIC_REPRESENTATION_CONTEXT() REPRESENTATION_CONTEXT('2D SPACE',''
  ) );
#2252 = ORIENTED_EDGE('',*,*,#2253,.F.);
#2253 = EDGE_CURVE('',#1899,#2231,#2254,.T.);
#2254 = SURFACE_CURVE('',#2255,(#2259,#2266),.PCURVE_S1.);
#2255 = LINE('',#2256,#2257);
#2256 = CARTESIAN_POINT('',(4.5,1.,7.866077735406E-02));
#2257 = VECTOR('',#2258,1.);
#2258 = DIRECTION('',(-1.,5.243344273594E-32,2.289834988289E-16));
#2259 = PCURVE('',#1919,#2260);
#2260 = DEFINITIONAL_REPRESENTATION('',(#2261),#2265);
#2261 = LINE('',#2262,#2263);
#2262 = CARTESIAN_POINT('',(-1.268082860939E-16,-6.675));
#2263 = VECTOR('',#2264,1.);
#2264 = DIRECTION('',(0.,1.));
#2265 = ( GEOMETRIC_REPRESENTATION_CONTEXT(2) 
PARAMETRIC_REPRESENTATION_CONTEXT() REPRESENTATION_CONTEXT('2D SPACE',''
  ) );
#2266 = PCURVE('',#1947,#2267);
#2267 = DEFINITIONAL_REPRESENTATION('',(#2268),#2272);
#2268 = LINE('',#2269,#2270);
#2269 = CARTESIAN_POINT('',(5.833781539828E-02,-6.825));
#2270 = VECTOR('',#2271,1.);
#2271 = DIRECTION('',(9.244463733059E-32,1.));
#2272 = ( GEOMETRIC_REPRESENTATION_CONTEXT(2) 
PARAMETRIC_REPRESENTATION_CONTEXT() REPRESENTATION_CONTEXT('2D SPACE',''
  ) );
#2273 = ORIENTED_EDGE('',*,*,#1896,.F.);
#2274 = ADVANCED_FACE('',(#2275),#1693,.F.);
#2275 = FACE_BOUND('',#2276,.T.);
#2276 = EDGE_LOOP('',(#2277,#2302,#2326,#2349,#2372,#2395,#2418,#2442,
    #2463,#2464,#2465));
#2277 = ORIENTED_EDGE('',*,*,#2278,.F.);
#2278 = EDGE_CURVE('',#2279,#2281,#2283,.T.);
#2279 = VERTEX_POINT('',#2280);
#2280 = CARTESIAN_POINT('',(-2.325,1.35,0.16));
#2281 = VERTEX_POINT('',#2282);
#2282 = CARTESIAN_POINT('',(-2.325,1.35,0.31));
#2283 = SURFACE_CURVE('',#2284,(#2288,#2295),.PCURVE_S1.);
#2284 = LINE('',#2285,#2286);
#2285 = CARTESIAN_POINT('',(-2.325,1.35,0.31));
#2286 = VECTOR('',#2287,1.);
#2287 = DIRECTION('',(2.289834988289E-16,2.289834988289E-16,1.));
#2288 = PCURVE('',#1693,#2289);
#2289 = DEFINITIONAL_REPRESENTATION('',(#2290),#2294);
#2290 = LINE('',#2291,#2292);
#2291 = CARTESIAN_POINT('',(-2.274702236056,1.143697738616));
#2292 = VECTOR('',#2293,1.);
#2293 = DIRECTION('',(0.,1.));
#2294 = ( GEOMETRIC_REPRESENTATION_CONTEXT(2) 
PARAMETRIC_REPRESENTATION_CONTEXT() REPRESENTATION_CONTEXT('2D SPACE',''
  ) );
#2295 = PCURVE('',#2145,#2296);
#2296 = DEFINITIONAL_REPRESENTATION('',(#2297),#2301);
#2297 = LINE('',#2298,#2299);
#2298 = CARTESIAN_POINT('',(-0.,0.));
#2299 = VECTOR('',#2300,1.);
#2300 = DIRECTION('',(-1.,0.));
#2301 = ( GEOMETRIC_REPRESENTATION_CONTEXT(2) 
PARAMETRIC_REPRESENTATION_CONTEXT() REPRESENTATION_CONTEXT('2D SPACE',''
  ) );
#2302 = ORIENTED_EDGE('',*,*,#2303,.T.);
#2303 = EDGE_CURVE('',#2279,#2304,#2306,.T.);
#2304 = VERTEX_POINT('',#2305);
#2305 = CARTESIAN_POINT('',(-2.325,1.3,0.11));
#2306 = SURFACE_CURVE('',#2307,(#2312,#2319),.PCURVE_S1.);
#2307 = CIRCLE('',#2308,5.E-02);
#2308 = AXIS2_PLACEMENT_3D('',#2309,#2310,#2311);
#2309 = CARTESIAN_POINT('',(-2.325,1.35,0.11));
#2310 = DIRECTION('',(1.,-5.243344273594E-32,-2.289834988289E-16));
#2311 = DIRECTION('',(-2.080052407982E-46,1.,-2.289834988289E-16));
#2312 = PCURVE('',#1693,#2313);
#2313 = DEFINITIONAL_REPRESENTATION('',(#2314),#2318);
#2314 = CIRCLE('',#2315,5.E-02);
#2315 = AXIS2_PLACEMENT_2D('',#2316,#2317);
#2316 = CARTESIAN_POINT('',(-2.274702236056,0.943697738616));
#2317 = DIRECTION('',(1.,0.));
#2318 = ( GEOMETRIC_REPRESENTATION_CONTEXT(2) 
PARAMETRIC_REPRESENTATION_CONTEXT() REPRESENTATION_CONTEXT('2D SPACE',''
  ) );
#2319 = PCURVE('',#2117,#2320);
#2320 = DEFINITIONAL_REPRESENTATION('',(#2321),#2325);
#2321 = LINE('',#2322,#2323);
#2322 = CARTESIAN_POINT('',(6.28318530718,0.15));
#2323 = VECTOR('',#2324,1.);
#2324 = DIRECTION('',(-1.,0.));
#2325 = ( GEOMETRIC_REPRESENTATION_CONTEXT(2) 
PARAMETRIC_REPRESENTATION_CONTEXT() REPRESENTATION_CONTEXT('2D SPACE',''
  ) );
#2326 = ORIENTED_EDGE('',*,*,#2327,.T.);
#2327 = EDGE_CURVE('',#2304,#2328,#2330,.T.);
#2328 = VERTEX_POINT('',#2329);
#2329 = CARTESIAN_POINT('',(-2.325,1.3,5.E-02));
#2330 = SURFACE_CURVE('',#2331,(#2335,#2342),.PCURVE_S1.);
#2331 = LINE('',#2332,#2333);
#2332 = CARTESIAN_POINT('',(-2.325,1.3,0.11));
#2333 = VECTOR('',#2334,1.);
#2334 = DIRECTION('',(-2.289834988289E-16,-2.289834988289E-16,-1.));
#2335 = PCURVE('',#1693,#2336);
#2336 = DEFINITIONAL_REPRESENTATION('',(#2337),#2341);
#2337 = LINE('',#2338,#2339);
#2338 = CARTESIAN_POINT('',(-2.324702236056,0.943697738616));
#2339 = VECTOR('',#2340,1.);
#2340 = DIRECTION('',(0.,-1.));
#2341 = ( GEOMETRIC_REPRESENTATION_CONTEXT(2) 
PARAMETRIC_REPRESENTATION_CONTEXT() REPRESENTATION_CONTEXT('2D SPACE',''
  ) );
#2342 = PCURVE('',#2088,#2343);
#2343 = DEFINITIONAL_REPRESENTATION('',(#2344),#2348);
#2344 = LINE('',#2345,#2346);
#2345 = CARTESIAN_POINT('',(3.434752482434E-17,-0.15));
#2346 = VECTOR('',#2347,1.);
#2347 = DIRECTION('',(1.,0.));
#2348 = ( GEOMETRIC_REPRESENTATION_CONTEXT(2) 
PARAMETRIC_REPRESENTATION_CONTEXT() REPRESENTATION_CONTEXT('2D SPACE',''
  ) );
#2349 = ORIENTED_EDGE('',*,*,#2350,.T.);
#2350 = EDGE_CURVE('',#2328,#2351,#2353,.T.);
#2351 = VERTEX_POINT('',#2352);
#2352 = CARTESIAN_POINT('',(-2.325,1.25,-1.110223024625E-16));
#2353 = SURFACE_CURVE('',#2354,(#2358,#2365),.PCURVE_S1.);
#2354 = LINE('',#2355,#2356);
#2355 = CARTESIAN_POINT('',(-2.325,1.3,5.E-02));
#2356 = VECTOR('',#2357,1.);
#2357 = DIRECTION('',(-1.619157848018E-16,-0.707106781187,
    -0.707106781186));
#2358 = PCURVE('',#1693,#2359);
#2359 = DEFINITIONAL_REPRESENTATION('',(#2360),#2364);
#2360 = LINE('',#2361,#2362);
#2361 = CARTESIAN_POINT('',(-2.324702236056,0.883697738616));
#2362 = VECTOR('',#2363,1.);
#2363 = DIRECTION('',(-0.707106781187,-0.707106781186));
#2364 = ( GEOMETRIC_REPRESENTATION_CONTEXT(2) 
PARAMETRIC_REPRESENTATION_CONTEXT() REPRESENTATION_CONTEXT('2D SPACE',''
  ) );
#2365 = PCURVE('',#2060,#2366);
#2366 = DEFINITIONAL_REPRESENTATION('',(#2367),#2371);
#2367 = LINE('',#2368,#2369);
#2368 = CARTESIAN_POINT('',(1.447428985349E-17,-0.15));
#2369 = VECTOR('',#2370,1.);
#2370 = DIRECTION('',(1.,7.395570986447E-32));
#2371 = ( GEOMETRIC_REPRESENTATION_CONTEXT(2) 
PARAMETRIC_REPRESENTATION_CONTEXT() REPRESENTATION_CONTEXT('2D SPACE',''
  ) );
#2372 = ORIENTED_EDGE('',*,*,#2373,.F.);
#2373 = EDGE_CURVE('',#2374,#2351,#2376,.T.);
#2374 = VERTEX_POINT('',#2375);
#2375 = CARTESIAN_POINT('',(-2.325,0.92,-3.330669073875E-16));
#2376 = SURFACE_CURVE('',#2377,(#2381,#2388),.PCURVE_S1.);
#2377 = LINE('',#2378,#2379);
#2378 = CARTESIAN_POINT('',(-2.325,0.92,-3.330669073875E-16));
#2379 = VECTOR('',#2380,1.);
#2380 = DIRECTION('',(0.,1.,-2.289834988289E-16));
#2381 = PCURVE('',#1693,#2382);
#2382 = DEFINITIONAL_REPRESENTATION('',(#2383),#2387);
#2383 = LINE('',#2384,#2385);
#2384 = CARTESIAN_POINT('',(-2.704702236056,0.833697738616));
#2385 = VECTOR('',#2386,1.);
#2386 = DIRECTION('',(1.,0.));
#2387 = ( GEOMETRIC_REPRESENTATION_CONTEXT(2) 
PARAMETRIC_REPRESENTATION_CONTEXT() REPRESENTATION_CONTEXT('2D SPACE',''
  ) );
#2388 = PCURVE('',#2032,#2389);
#2389 = DEFINITIONAL_REPRESENTATION('',(#2390),#2394);
#2390 = LINE('',#2391,#2392);
#2391 = CARTESIAN_POINT('',(0.33,-5.473822126269E-48));
#2392 = VECTOR('',#2393,1.);
#2393 = DIRECTION('',(-1.,0.));
#2394 = ( GEOMETRIC_REPRESENTATION_CONTEXT(2) 
PARAMETRIC_REPRESENTATION_CONTEXT() REPRESENTATION_CONTEXT('2D SPACE',''
  ) );
#2395 = ORIENTED_EDGE('',*,*,#2396,.T.);
#2396 = EDGE_CURVE('',#2374,#2397,#2399,.T.);
#2397 = VERTEX_POINT('',#2398);
#2398 = CARTESIAN_POINT('',(-2.325,0.92,3.619548911246E-02));
#2399 = SURFACE_CURVE('',#2400,(#2404,#2411),.PCURVE_S1.);
#2400 = LINE('',#2401,#2402);
#2401 = CARTESIAN_POINT('',(-2.325,0.92,-3.330669073875E-16));
#2402 = VECTOR('',#2403,1.);
#2403 = DIRECTION('',(2.289834988289E-16,2.289834988289E-16,1.));
#2404 = PCURVE('',#1693,#2405);
#2405 = DEFINITIONAL_REPRESENTATION('',(#2406),#2410);
#2406 = LINE('',#2407,#2408);
#2407 = CARTESIAN_POINT('',(-2.704702236056,0.833697738616));
#2408 = VECTOR('',#2409,1.);
#2409 = DIRECTION('',(0.,1.));
#2410 = ( GEOMETRIC_REPRESENTATION_CONTEXT(2) 
PARAMETRIC_REPRESENTATION_CONTEXT() REPRESENTATION_CONTEXT('2D SPACE',''
  ) );
#2411 = PCURVE('',#2004,#2412);
#2412 = DEFINITIONAL_REPRESENTATION('',(#2413),#2417);
#2413 = LINE('',#2414,#2415);
#2414 = CARTESIAN_POINT('',(-3.434752482434E-17,-0.15));
#2415 = VECTOR('',#2416,1.);
#2416 = DIRECTION('',(1.,0.));
#2417 = ( GEOMETRIC_REPRESENTATION_CONTEXT(2) 
PARAMETRIC_REPRESENTATION_CONTEXT() REPRESENTATION_CONTEXT('2D SPACE',''
  ) );
#2418 = ORIENTED_EDGE('',*,*,#2419,.F.);
#2419 = EDGE_CURVE('',#2420,#2397,#2422,.T.);
#2420 = VERTEX_POINT('',#2421);
#2421 = CARTESIAN_POINT('',(-2.325,0.943186633611,6.541154699934E-02));
#2422 = SURFACE_CURVE('',#2423,(#2428,#2435),.PCURVE_S1.);
#2423 = CIRCLE('',#2424,3.E-02);
#2424 = AXIS2_PLACEMENT_3D('',#2425,#2426,#2427);
#2425 = CARTESIAN_POINT('',(-2.325,0.95,3.619548911246E-02));
#2426 = DIRECTION('',(1.,-5.243344273594E-32,-2.289834988289E-16));
#2427 = DIRECTION('',(-2.080052407982E-46,1.,-2.289834988289E-16));
#2428 = PCURVE('',#1693,#2429);
#2429 = DEFINITIONAL_REPRESENTATION('',(#2430),#2434);
#2430 = CIRCLE('',#2431,3.E-02);
#2431 = AXIS2_PLACEMENT_2D('',#2432,#2433);
#2432 = CARTESIAN_POINT('',(-2.674702236056,0.869893227728));
#2433 = DIRECTION('',(1.,0.));
#2434 = ( GEOMETRIC_REPRESENTATION_CONTEXT(2) 
PARAMETRIC_REPRESENTATION_CONTEXT() REPRESENTATION_CONTEXT('2D SPACE',''
  ) );
#2435 = PCURVE('',#1976,#2436);
#2436 = DEFINITIONAL_REPRESENTATION('',(#2437),#2441);
#2437 = LINE('',#2438,#2439);
#2438 = CARTESIAN_POINT('',(6.28318530718,0.15));
#2439 = VECTOR('',#2440,1.);
#2440 = DIRECTION('',(-1.,0.));
#2441 = ( GEOMETRIC_REPRESENTATION_CONTEXT(2) 
PARAMETRIC_REPRESENTATION_CONTEXT() REPRESENTATION_CONTEXT('2D SPACE',''
  ) );
#2442 = ORIENTED_EDGE('',*,*,#2443,.T.);
#2443 = EDGE_CURVE('',#2420,#2231,#2444,.T.);
#2444 = SURFACE_CURVE('',#2445,(#2449,#2456),.PCURVE_S1.);
#2445 = LINE('',#2446,#2447);
#2446 = CARTESIAN_POINT('',(-2.325,0.943186633611,6.541154699934E-02));
#2447 = VECTOR('',#2448,1.);
#2448 = DIRECTION('',(5.200494915182E-17,0.973868596229,0.227112212966)
  );
#2449 = PCURVE('',#1693,#2450);
#2450 = DEFINITIONAL_REPRESENTATION('',(#2451),#2455);
#2451 = LINE('',#2452,#2453);
#2452 = CARTESIAN_POINT('',(-2.681515602445,0.899109285615));
#2453 = VECTOR('',#2454,1.);
#2454 = DIRECTION('',(0.973868596229,0.227112212966));
#2455 = ( GEOMETRIC_REPRESENTATION_CONTEXT(2) 
PARAMETRIC_REPRESENTATION_CONTEXT() REPRESENTATION_CONTEXT('2D SPACE',''
  ) );
#2456 = PCURVE('',#1947,#2457);
#2457 = DEFINITIONAL_REPRESENTATION('',(#2458),#2462);
#2458 = LINE('',#2459,#2460);
#2459 = CARTESIAN_POINT('',(0.,0.));
#2460 = VECTOR('',#2461,1.);
#2461 = DIRECTION('',(1.,-3.697785493223E-32));
#2462 = ( GEOMETRIC_REPRESENTATION_CONTEXT(2) 
PARAMETRIC_REPRESENTATION_CONTEXT() REPRESENTATION_CONTEXT('2D SPACE',''
  ) );
#2463 = ORIENTED_EDGE('',*,*,#2230,.F.);
#2464 = ORIENTED_EDGE('',*,*,#1675,.F.);
#2465 = ORIENTED_EDGE('',*,*,#2466,.F.);
#2466 = EDGE_CURVE('',#2281,#1676,#2467,.T.);
#2467 = SURFACE_CURVE('',#2468,(#2472,#2479),.PCURVE_S1.);
#2468 = LINE('',#2469,#2470);
#2469 = CARTESIAN_POINT('',(-2.325,0.694863,0.31));
#2470 = VECTOR('',#2471,1.);
#2471 = DIRECTION('',(-2.804146475864E-32,-1.,1.065228634467E-16));
#2472 = PCURVE('',#1693,#2473);
#2473 = DEFINITIONAL_REPRESENTATION('',(#2474),#2478);
#2474 = LINE('',#2475,#2476);
#2475 = CARTESIAN_POINT('',(-2.929839236056,1.143697738616));
#2476 = VECTOR('',#2477,1.);
#2477 = DIRECTION('',(-1.,-1.224606353822E-16));
#2478 = ( GEOMETRIC_REPRESENTATION_CONTEXT(2) 
PARAMETRIC_REPRESENTATION_CONTEXT() REPRESENTATION_CONTEXT('2D SPACE',''
  ) );
#2479 = PCURVE('',#530,#2480);
#2480 = DEFINITIONAL_REPRESENTATION('',(#2481),#2485);
#2481 = LINE('',#2482,#2483);
#2482 = CARTESIAN_POINT('',(3.675,0.978861317761));
#2483 = VECTOR('',#2484,1.);
#2484 = DIRECTION('',(9.031806508344E-47,1.));
#2485 = ( GEOMETRIC_REPRESENTATION_CONTEXT(2) 
PARAMETRIC_REPRESENTATION_CONTEXT() REPRESENTATION_CONTEXT('2D SPACE',''
  ) );
#2486 = ADVANCED_FACE('',(#2487),#2194,.T.);
#2487 = FACE_BOUND('',#2488,.T.);
#2488 = EDGE_LOOP('',(#2489,#2519,#2542,#2570,#2593,#2621,#2642,#2643));
#2489 = ORIENTED_EDGE('',*,*,#2490,.T.);
#2490 = EDGE_CURVE('',#2491,#2493,#2495,.T.);
#2491 = VERTEX_POINT('',#2492);
#2492 = CARTESIAN_POINT('',(-1.825,1.,0.31));
#2493 = VERTEX_POINT('',#2494);
#2494 = CARTESIAN_POINT('',(-1.825,1.,8.E-02));
#2495 = SURFACE_CURVE('',#2496,(#2500,#2507),.PCURVE_S1.);
#2496 = LINE('',#2497,#2498);
#2497 = CARTESIAN_POINT('',(-1.825,1.,0.841614));
#2498 = VECTOR('',#2499,1.);
#2499 = DIRECTION('',(-2.289834988289E-16,-1.065228634467E-16,-1.));
#2500 = PCURVE('',#2194,#2501);
#2501 = DEFINITIONAL_REPRESENTATION('',(#2502),#2506);
#2502 = LINE('',#2503,#2504);
#2503 = CARTESIAN_POINT('',(-0.531614,4.65));
#2504 = VECTOR('',#2505,1.);
#2505 = DIRECTION('',(1.,0.));
#2506 = ( GEOMETRIC_REPRESENTATION_CONTEXT(2) 
PARAMETRIC_REPRESENTATION_CONTEXT() REPRESENTATION_CONTEXT('2D SPACE',''
  ) );
#2507 = PCURVE('',#2508,#2513);
#2508 = PLANE('',#2509);
#2509 = AXIS2_PLACEMENT_3D('',#2510,#2511,#2512);
#2510 = CARTESIAN_POINT('',(-1.825,1.245779075398,0.170500231015));
#2511 = DIRECTION('',(1.,-5.243344273594E-32,-2.289834988289E-16));
#2512 = DIRECTION('',(5.243344273594E-32,1.,0.));
#2513 = DEFINITIONAL_REPRESENTATION('',(#2514),#2518);
#2514 = LINE('',#2515,#2516);
#2515 = CARTESIAN_POINT('',(-0.245779075398,0.671113768985));
#2516 = VECTOR('',#2517,1.);
#2517 = DIRECTION('',(-1.065228634467E-16,-1.));
#2518 = ( GEOMETRIC_REPRESENTATION_CONTEXT(2) 
PARAMETRIC_REPRESENTATION_CONTEXT() REPRESENTATION_CONTEXT('2D SPACE',''
  ) );
#2519 = ORIENTED_EDGE('',*,*,#2520,.T.);
#2520 = EDGE_CURVE('',#2493,#2521,#2523,.T.);
#2521 = VERTEX_POINT('',#2522);
#2522 = CARTESIAN_POINT('',(-1.9,1.,8.E-02));
#2523 = SURFACE_CURVE('',#2524,(#2528,#2535),.PCURVE_S1.);
#2524 = LINE('',#2525,#2526);
#2525 = CARTESIAN_POINT('',(-17.5,1.,8.E-02));
#2526 = VECTOR('',#2527,1.);
#2527 = DIRECTION('',(-1.,5.243344273594E-32,2.289834988289E-16));
#2528 = PCURVE('',#2194,#2529);
#2529 = DEFINITIONAL_REPRESENTATION('',(#2530),#2534);
#2530 = LINE('',#2531,#2532);
#2531 = CARTESIAN_POINT('',(0.23,20.325));
#2532 = VECTOR('',#2533,1.);
#2533 = DIRECTION('',(0.,1.));
#2534 = ( GEOMETRIC_REPRESENTATION_CONTEXT(2) 
PARAMETRIC_REPRESENTATION_CONTEXT() REPRESENTATION_CONTEXT('2D SPACE',''
  ) );
#2535 = PCURVE('',#611,#2536);
#2536 = DEFINITIONAL_REPRESENTATION('',(#2537),#2541);
#2537 = LINE('',#2538,#2539);
#2538 = CARTESIAN_POINT('',(8.198683773256E-31,15.6625));
#2539 = VECTOR('',#2540,1.);
#2540 = DIRECTION('',(2.080052407982E-46,1.));
#2541 = ( GEOMETRIC_REPRESENTATION_CONTEXT(2) 
PARAMETRIC_REPRESENTATION_CONTEXT() REPRESENTATION_CONTEXT('2D SPACE',''
  ) );
#2542 = ORIENTED_EDGE('',*,*,#2543,.T.);
#2543 = EDGE_CURVE('',#2521,#2544,#2546,.T.);
#2544 = VERTEX_POINT('',#2545);
#2545 = CARTESIAN_POINT('',(-1.95,1.,3.E-02));
#2546 = SURFACE_CURVE('',#2547,(#2551,#2558),.PCURVE_S1.);
#2547 = LINE('',#2548,#2549);
#2548 = CARTESIAN_POINT('',(-17.5,1.,-15.52));
#2549 = VECTOR('',#2550,1.);
#2550 = DIRECTION('',(-0.707106781187,-1.064046335705E-16,
    -0.707106781187));
#2551 = PCURVE('',#2194,#2552);
#2552 = DEFINITIONAL_REPRESENTATION('',(#2553),#2557);
#2553 = LINE('',#2554,#2555);
#2554 = CARTESIAN_POINT('',(15.83,20.325));
#2555 = VECTOR('',#2556,1.);
#2556 = DIRECTION('',(0.707106781187,0.707106781187));
#2557 = ( GEOMETRIC_REPRESENTATION_CONTEXT(2) 
PARAMETRIC_REPRESENTATION_CONTEXT() REPRESENTATION_CONTEXT('2D SPACE',''
  ) );
#2558 = PCURVE('',#2559,#2564);
#2559 = PLANE('',#2560);
#2560 = AXIS2_PLACEMENT_3D('',#2561,#2562,#2563);
#2561 = CARTESIAN_POINT('',(-1.925,0.85,5.5E-02));
#2562 = DIRECTION('',(0.707106781187,-7.532303909457E-17,-0.707106781187
    ));
#2563 = DIRECTION('',(-0.707106781187,6.231304445401E-16,-0.707106781187
    ));
#2564 = DEFINITIONAL_REPRESENTATION('',(#2565),#2569);
#2565 = LINE('',#2566,#2567);
#2566 = CARTESIAN_POINT('',(22.026376233961,0.15));
#2567 = VECTOR('',#2568,1.);
#2568 = DIRECTION('',(1.,-7.295350781106E-16));
#2569 = ( GEOMETRIC_REPRESENTATION_CONTEXT(2) 
PARAMETRIC_REPRESENTATION_CONTEXT() REPRESENTATION_CONTEXT('2D SPACE',''
  ) );
#2570 = ORIENTED_EDGE('',*,*,#2571,.F.);
#2571 = EDGE_CURVE('',#2572,#2544,#2574,.T.);
#2572 = VERTEX_POINT('',#2573);
#2573 = CARTESIAN_POINT('',(-2.05,1.,3.E-02));
#2574 = SURFACE_CURVE('',#2575,(#2579,#2586),.PCURVE_S1.);
#2575 = LINE('',#2576,#2577);
#2576 = CARTESIAN_POINT('',(-17.5,1.,3.E-02));
#2577 = VECTOR('',#2578,1.);
#2578 = DIRECTION('',(1.,-5.243344273594E-32,-2.289834988289E-16));
#2579 = PCURVE('',#2194,#2580);
#2580 = DEFINITIONAL_REPRESENTATION('',(#2581),#2585);
#2581 = LINE('',#2582,#2583);
#2582 = CARTESIAN_POINT('',(0.28,20.325));
#2583 = VECTOR('',#2584,1.);
#2584 = DIRECTION('',(0.,-1.));
#2585 = ( GEOMETRIC_REPRESENTATION_CONTEXT(2) 
PARAMETRIC_REPRESENTATION_CONTEXT() REPRESENTATION_CONTEXT('2D SPACE',''
  ) );
#2586 = PCURVE('',#667,#2587);
#2587 = DEFINITIONAL_REPRESENTATION('',(#2588),#2592);
#2588 = LINE('',#2589,#2590);
#2589 = CARTESIAN_POINT('',(-1.552247838815E-30,-29.6025));
#2590 = VECTOR('',#2591,1.);
#2591 = DIRECTION('',(-9.031806508344E-47,-1.));
#2592 = ( GEOMETRIC_REPRESENTATION_CONTEXT(2) 
PARAMETRIC_REPRESENTATION_CONTEXT() REPRESENTATION_CONTEXT('2D SPACE',''
  ) );
#2593 = ORIENTED_EDGE('',*,*,#2594,.T.);
#2594 = EDGE_CURVE('',#2572,#2595,#2597,.T.);
#2595 = VERTEX_POINT('',#2596);
#2596 = CARTESIAN_POINT('',(-2.1,1.,8.E-02));
#2597 = SURFACE_CURVE('',#2598,(#2602,#2609),.PCURVE_S1.);
#2598 = LINE('',#2599,#2600);
#2599 = CARTESIAN_POINT('',(-17.5,1.,15.48));
#2600 = VECTOR('',#2601,1.);
#2601 = DIRECTION('',(-0.707106781187,1.064046335705E-16,0.707106781187)
  );
#2602 = PCURVE('',#2194,#2603);
#2603 = DEFINITIONAL_REPRESENTATION('',(#2604),#2608);
#2604 = LINE('',#2605,#2606);
#2605 = CARTESIAN_POINT('',(-15.17,20.325));
#2606 = VECTOR('',#2607,1.);
#2607 = DIRECTION('',(-0.707106781187,0.707106781187));
#2608 = ( GEOMETRIC_REPRESENTATION_CONTEXT(2) 
PARAMETRIC_REPRESENTATION_CONTEXT() REPRESENTATION_CONTEXT('2D SPACE',''
  ) );
#2609 = PCURVE('',#2610,#2615);
#2610 = PLANE('',#2611);
#2611 = AXIS2_PLACEMENT_3D('',#2612,#2613,#2614);
#2612 = CARTESIAN_POINT('',(-2.075,0.85,5.5E-02));
#2613 = DIRECTION('',(-0.707106781187,-7.532303909457E-17,
    -0.707106781187));
#2614 = DIRECTION('',(0.707106781187,6.231304445401E-16,-0.707106781187)
  );
#2615 = DEFINITIONAL_REPRESENTATION('',(#2616),#2620);
#2616 = LINE('',#2617,#2618);
#2617 = CARTESIAN_POINT('',(-21.8142441996,-0.15));
#2618 = VECTOR('',#2619,1.);
#2619 = DIRECTION('',(-1.,-7.295350781106E-16));
#2620 = ( GEOMETRIC_REPRESENTATION_CONTEXT(2) 
PARAMETRIC_REPRESENTATION_CONTEXT() REPRESENTATION_CONTEXT('2D SPACE',''
  ) );
#2621 = ORIENTED_EDGE('',*,*,#2622,.T.);
#2622 = EDGE_CURVE('',#2595,#1897,#2623,.T.);
#2623 = SURFACE_CURVE('',#2624,(#2628,#2635),.PCURVE_S1.);
#2624 = LINE('',#2625,#2626);
#2625 = CARTESIAN_POINT('',(13.5,1.,8.E-02));
#2626 = VECTOR('',#2627,1.);
#2627 = DIRECTION('',(-1.,5.243344273594E-32,2.289834988289E-16));
#2628 = PCURVE('',#2194,#2629);
#2629 = DEFINITIONAL_REPRESENTATION('',(#2630),#2634);
#2630 = LINE('',#2631,#2632);
#2631 = CARTESIAN_POINT('',(0.23,-10.675));
#2632 = VECTOR('',#2633,1.);
#2633 = DIRECTION('',(0.,1.));
#2634 = ( GEOMETRIC_REPRESENTATION_CONTEXT(2) 
PARAMETRIC_REPRESENTATION_CONTEXT() REPRESENTATION_CONTEXT('2D SPACE',''
  ) );
#2635 = PCURVE('',#1721,#2636);
#2636 = DEFINITIONAL_REPRESENTATION('',(#2637),#2641);
#2637 = LINE('',#2638,#2639);
#2638 = CARTESIAN_POINT('',(-8.198683773256E-31,15.6625));
#2639 = VECTOR('',#2640,1.);
#2640 = DIRECTION('',(2.080052407982E-46,-1.));
#2641 = ( GEOMETRIC_REPRESENTATION_CONTEXT(2) 
PARAMETRIC_REPRESENTATION_CONTEXT() REPRESENTATION_CONTEXT('2D SPACE',''
  ) );
#2642 = ORIENTED_EDGE('',*,*,#2180,.F.);
#2643 = ORIENTED_EDGE('',*,*,#2644,.T.);
#2644 = EDGE_CURVE('',#2158,#2491,#2645,.T.);
#2645 = SURFACE_CURVE('',#2646,(#2650,#2657),.PCURVE_S1.);
#2646 = LINE('',#2647,#2648);
#2647 = CARTESIAN_POINT('',(4.5,1.,0.31));
#2648 = VECTOR('',#2649,1.);
#2649 = DIRECTION('',(1.,-5.243344273594E-32,-2.289834988289E-16));
#2650 = PCURVE('',#2194,#2651);
#2651 = DEFINITIONAL_REPRESENTATION('',(#2652),#2656);
#2652 = LINE('',#2653,#2654);
#2653 = CARTESIAN_POINT('',(-3.835473605385E-16,-1.675));
#2654 = VECTOR('',#2655,1.);
#2655 = DIRECTION('',(0.,-1.));
#2656 = ( GEOMETRIC_REPRESENTATION_CONTEXT(2) 
PARAMETRIC_REPRESENTATION_CONTEXT() REPRESENTATION_CONTEXT('2D SPACE',''
  ) );
#2657 = PCURVE('',#530,#2658);
#2658 = DEFINITIONAL_REPRESENTATION('',(#2659),#2663);
#2659 = LINE('',#2660,#2661);
#2660 = CARTESIAN_POINT('',(-3.15,0.673724317761));
#2661 = VECTOR('',#2662,1.);
#2662 = DIRECTION('',(-1.,-2.736911063134E-48));
#2663 = ( GEOMETRIC_REPRESENTATION_CONTEXT(2) 
PARAMETRIC_REPRESENTATION_CONTEXT() REPRESENTATION_CONTEXT('2D SPACE',''
  ) );
#2664 = ADVANCED_FACE('',(#2665),#2679,.T.);
#2665 = FACE_BOUND('',#2666,.T.);
#2666 = EDGE_LOOP('',(#2667,#2702,#2730,#2759,#2787,#2815,#2843,#2871,
    #2900,#2928,#2951));
#2667 = ORIENTED_EDGE('',*,*,#2668,.T.);
#2668 = EDGE_CURVE('',#2669,#2671,#2673,.T.);
#2669 = VERTEX_POINT('',#2670);
#2670 = CARTESIAN_POINT('',(-1.675,1.,8.E-02));
#2671 = VERTEX_POINT('',#2672);
#2672 = CARTESIAN_POINT('',(-1.675,1.,7.866077735406E-02));
#2673 = SURFACE_CURVE('',#2674,(#2678,#2690),.PCURVE_S1.);
#2674 = LINE('',#2675,#2676);
#2675 = CARTESIAN_POINT('',(-1.675,1.,0.841614));
#2676 = VECTOR('',#2677,1.);
#2677 = DIRECTION('',(-2.289834988289E-16,-1.065228634467E-16,-1.));
#2678 = PCURVE('',#2679,#2684);
#2679 = PLANE('',#2680);
#2680 = AXIS2_PLACEMENT_3D('',#2681,#2682,#2683);
#2681 = CARTESIAN_POINT('',(-1.675,3.624702236056,-0.833697738616));
#2682 = DIRECTION('',(1.,-5.243344273594E-32,-2.289834988289E-16));
#2683 = DIRECTION('',(-2.080052407982E-46,1.,-2.289834988289E-16));
#2684 = DEFINITIONAL_REPRESENTATION('',(#2685),#2689);
#2685 = LINE('',#2686,#2687);
#2686 = CARTESIAN_POINT('',(-2.624702236056,1.675311738616));
#2687 = VECTOR('',#2688,1.);
#2688 = DIRECTION('',(1.224606353822E-16,-1.));
#2689 = ( GEOMETRIC_REPRESENTATION_CONTEXT(2) 
PARAMETRIC_REPRESENTATION_CONTEXT() REPRESENTATION_CONTEXT('2D SPACE',''
  ) );
#2690 = PCURVE('',#2691,#2696);
#2691 = PLANE('',#2692);
#2692 = AXIS2_PLACEMENT_3D('',#2693,#2694,#2695);
#2693 = CARTESIAN_POINT('',(-1.675,1.,7.866077735406E-02));
#2694 = DIRECTION('',(2.804146475864E-32,1.,-1.065228634467E-16));
#2695 = DIRECTION('',(-2.289834988289E-16,-1.065228634467E-16,-1.));
#2696 = DEFINITIONAL_REPRESENTATION('',(#2697),#2701);
#2697 = LINE('',#2698,#2699);
#2698 = CARTESIAN_POINT('',(-0.762953222646,1.747036983643E-16));
#2699 = VECTOR('',#2700,1.);
#2700 = DIRECTION('',(1.,0.));
#2701 = ( GEOMETRIC_REPRESENTATION_CONTEXT(2) 
PARAMETRIC_REPRESENTATION_CONTEXT() REPRESENTATION_CONTEXT('2D SPACE',''
  ) );
#2702 = ORIENTED_EDGE('',*,*,#2703,.F.);
#2703 = EDGE_CURVE('',#2704,#2671,#2706,.T.);
#2704 = VERTEX_POINT('',#2705);
#2705 = CARTESIAN_POINT('',(-1.675,0.943186633611,6.541154699934E-02));
#2706 = SURFACE_CURVE('',#2707,(#2711,#2718),.PCURVE_S1.);
#2707 = LINE('',#2708,#2709);
#2708 = CARTESIAN_POINT('',(-1.675,0.694863,7.500931358166E-03));
#2709 = VECTOR('',#2710,1.);
#2710 = DIRECTION('',(5.200494915182E-17,0.973868596229,0.227112212966)
  );
#2711 = PCURVE('',#2679,#2712);
#2712 = DEFINITIONAL_REPRESENTATION('',(#2713),#2717);
#2713 = LINE('',#2714,#2715);
#2714 = CARTESIAN_POINT('',(-2.929839236056,0.841198669974));
#2715 = VECTOR('',#2716,1.);
#2716 = DIRECTION('',(0.973868596229,0.227112212966));
#2717 = ( GEOMETRIC_REPRESENTATION_CONTEXT(2) 
PARAMETRIC_REPRESENTATION_CONTEXT() REPRESENTATION_CONTEXT('2D SPACE',''
  ) );
#2718 = PCURVE('',#2719,#2724);
#2719 = PLANE('',#2720);
#2720 = AXIS2_PLACEMENT_3D('',#2721,#2722,#2723);
#2721 = CARTESIAN_POINT('',(-1.825,0.943186633611,6.541154699934E-02));
#2722 = DIRECTION('',(2.229998385642E-16,-0.227112212966,0.973868596229)
  );
#2723 = DIRECTION('',(5.200494915182E-17,0.973868596229,0.227112212966)
  );
#2724 = DEFINITIONAL_REPRESENTATION('',(#2725),#2729);
#2725 = LINE('',#2726,#2727);
#2726 = CARTESIAN_POINT('',(-0.254986796548,-0.15));
#2727 = VECTOR('',#2728,1.);
#2728 = DIRECTION('',(1.,-3.697785493223E-32));
#2729 = ( GEOMETRIC_REPRESENTATION_CONTEXT(2) 
PARAMETRIC_REPRESENTATION_CONTEXT() REPRESENTATION_CONTEXT('2D SPACE',''
  ) );
#2730 = ORIENTED_EDGE('',*,*,#2731,.T.);
#2731 = EDGE_CURVE('',#2704,#2732,#2734,.T.);
#2732 = VERTEX_POINT('',#2733);
#2733 = CARTESIAN_POINT('',(-1.675,0.92,3.619548911246E-02));
#2734 = SURFACE_CURVE('',#2735,(#2740,#2747),.PCURVE_S1.);
#2735 = CIRCLE('',#2736,3.E-02);
#2736 = AXIS2_PLACEMENT_3D('',#2737,#2738,#2739);
#2737 = CARTESIAN_POINT('',(-1.675,0.95,3.619548911246E-02));
#2738 = DIRECTION('',(1.,-5.243344273594E-32,-2.289834988289E-16));
#2739 = DIRECTION('',(-2.080052407982E-46,1.,-2.289834988289E-16));
#2740 = PCURVE('',#2679,#2741);
#2741 = DEFINITIONAL_REPRESENTATION('',(#2742),#2746);
#2742 = CIRCLE('',#2743,3.E-02);
#2743 = AXIS2_PLACEMENT_2D('',#2744,#2745);
#2744 = CARTESIAN_POINT('',(-2.674702236056,0.869893227728));
#2745 = DIRECTION('',(1.,0.));
#2746 = ( GEOMETRIC_REPRESENTATION_CONTEXT(2) 
PARAMETRIC_REPRESENTATION_CONTEXT() REPRESENTATION_CONTEXT('2D SPACE',''
  ) );
#2747 = PCURVE('',#2748,#2753);
#2748 = CYLINDRICAL_SURFACE('',#2749,3.E-02);
#2749 = AXIS2_PLACEMENT_3D('',#2750,#2751,#2752);
#2750 = CARTESIAN_POINT('',(-1.825,0.95,3.619548911246E-02));
#2751 = DIRECTION('',(1.,-5.243344273594E-32,-2.289834988289E-16));
#2752 = DIRECTION('',(-2.080052407982E-46,1.,-2.289834988289E-16));
#2753 = DEFINITIONAL_REPRESENTATION('',(#2754),#2758);
#2754 = LINE('',#2755,#2756);
#2755 = CARTESIAN_POINT('',(-8.881784197001E-16,0.15));
#2756 = VECTOR('',#2757,1.);
#2757 = DIRECTION('',(1.,0.));
#2758 = ( GEOMETRIC_REPRESENTATION_CONTEXT(2) 
PARAMETRIC_REPRESENTATION_CONTEXT() REPRESENTATION_CONTEXT('2D SPACE',''
  ) );
#2759 = ORIENTED_EDGE('',*,*,#2760,.F.);
#2760 = EDGE_CURVE('',#2761,#2732,#2763,.T.);
#2761 = VERTEX_POINT('',#2762);
#2762 = CARTESIAN_POINT('',(-1.675,0.92,-4.440892098501E-16));
#2763 = SURFACE_CURVE('',#2764,(#2768,#2775),.PCURVE_S1.);
#2764 = LINE('',#2765,#2766);
#2765 = CARTESIAN_POINT('',(-1.675,0.92,0.841614));
#2766 = VECTOR('',#2767,1.);
#2767 = DIRECTION('',(2.289834988289E-16,2.289834988289E-16,1.));
#2768 = PCURVE('',#2679,#2769);
#2769 = DEFINITIONAL_REPRESENTATION('',(#2770),#2774);
#2770 = LINE('',#2771,#2772);
#2771 = CARTESIAN_POINT('',(-2.704702236056,1.675311738616));
#2772 = VECTOR('',#2773,1.);
#2773 = DIRECTION('',(0.,1.));
#2774 = ( GEOMETRIC_REPRESENTATION_CONTEXT(2) 
PARAMETRIC_REPRESENTATION_CONTEXT() REPRESENTATION_CONTEXT('2D SPACE',''
  ) );
#2775 = PCURVE('',#2776,#2781);
#2776 = PLANE('',#2777);
#2777 = AXIS2_PLACEMENT_3D('',#2778,#2779,#2780);
#2778 = CARTESIAN_POINT('',(-1.825,0.92,-4.440892098501E-16));
#2779 = DIRECTION('',(0.,-1.,2.289834988289E-16));
#2780 = DIRECTION('',(2.289834988289E-16,2.289834988289E-16,1.));
#2781 = DEFINITIONAL_REPRESENTATION('',(#2782),#2786);
#2782 = LINE('',#2783,#2784);
#2783 = CARTESIAN_POINT('',(0.841614,-0.15));
#2784 = VECTOR('',#2785,1.);
#2785 = DIRECTION('',(1.,0.));
#2786 = ( GEOMETRIC_REPRESENTATION_CONTEXT(2) 
PARAMETRIC_REPRESENTATION_CONTEXT() REPRESENTATION_CONTEXT('2D SPACE',''
  ) );
#2787 = ORIENTED_EDGE('',*,*,#2788,.F.);
#2788 = EDGE_CURVE('',#2789,#2761,#2791,.T.);
#2789 = VERTEX_POINT('',#2790);
#2790 = CARTESIAN_POINT('',(-1.675,1.25,-5.551115123126E-16));
#2791 = SURFACE_CURVE('',#2792,(#2796,#2803),.PCURVE_S1.);
#2792 = LINE('',#2793,#2794);
#2793 = CARTESIAN_POINT('',(-1.675,0.694863,-4.440892098501E-16));
#2794 = VECTOR('',#2795,1.);
#2795 = DIRECTION('',(0.,-1.,2.289834988289E-16));
#2796 = PCURVE('',#2679,#2797);
#2797 = DEFINITIONAL_REPRESENTATION('',(#2798),#2802);
#2798 = LINE('',#2799,#2800);
#2799 = CARTESIAN_POINT('',(-2.929839236056,0.833697738616));
#2800 = VECTOR('',#2801,1.);
#2801 = DIRECTION('',(-1.,0.));
#2802 = ( GEOMETRIC_REPRESENTATION_CONTEXT(2) 
PARAMETRIC_REPRESENTATION_CONTEXT() REPRESENTATION_CONTEXT('2D SPACE',''
  ) );
#2803 = PCURVE('',#2804,#2809);
#2804 = PLANE('',#2805);
#2805 = AXIS2_PLACEMENT_3D('',#2806,#2807,#2808);
#2806 = CARTESIAN_POINT('',(-1.825,1.25,-5.551115123126E-16));
#2807 = DIRECTION('',(-2.289834988289E-16,-2.289834988289E-16,-1.));
#2808 = DIRECTION('',(0.,-1.,2.289834988289E-16));
#2809 = DEFINITIONAL_REPRESENTATION('',(#2810),#2814);
#2810 = LINE('',#2811,#2812);
#2811 = CARTESIAN_POINT('',(0.555137,-0.15));
#2812 = VECTOR('',#2813,1.);
#2813 = DIRECTION('',(1.,0.));
#2814 = ( GEOMETRIC_REPRESENTATION_CONTEXT(2) 
PARAMETRIC_REPRESENTATION_CONTEXT() REPRESENTATION_CONTEXT('2D SPACE',''
  ) );
#2815 = ORIENTED_EDGE('',*,*,#2816,.F.);
#2816 = EDGE_CURVE('',#2817,#2789,#2819,.T.);
#2817 = VERTEX_POINT('',#2818);
#2818 = CARTESIAN_POINT('',(-1.675,1.3,5.E-02));
#2819 = SURFACE_CURVE('',#2820,(#2824,#2831),.PCURVE_S1.);
#2820 = LINE('',#2821,#2822);
#2821 = CARTESIAN_POINT('',(-1.675,0.694863,-0.555137));
#2822 = VECTOR('',#2823,1.);
#2823 = DIRECTION('',(-1.619157848018E-16,-0.707106781187,
    -0.707106781186));
#2824 = PCURVE('',#2679,#2825);
#2825 = DEFINITIONAL_REPRESENTATION('',(#2826),#2830);
#2826 = LINE('',#2827,#2828);
#2827 = CARTESIAN_POINT('',(-2.929839236056,0.278560738616));
#2828 = VECTOR('',#2829,1.);
#2829 = DIRECTION('',(-0.707106781187,-0.707106781186));
#2830 = ( GEOMETRIC_REPRESENTATION_CONTEXT(2) 
PARAMETRIC_REPRESENTATION_CONTEXT() REPRESENTATION_CONTEXT('2D SPACE',''
  ) );
#2831 = PCURVE('',#2832,#2837);
#2832 = PLANE('',#2833);
#2833 = AXIS2_PLACEMENT_3D('',#2834,#2835,#2836);
#2834 = CARTESIAN_POINT('',(-1.825,1.3,5.E-02));
#2835 = DIRECTION('',(-1.619157848018E-16,0.707106781186,-0.707106781187
    ));
#2836 = DIRECTION('',(-1.619157848018E-16,-0.707106781187,
    -0.707106781186));
#2837 = DEFINITIONAL_REPRESENTATION('',(#2838),#2842);
#2838 = LINE('',#2839,#2840);
#2839 = CARTESIAN_POINT('',(0.855792952494,-0.15));
#2840 = VECTOR('',#2841,1.);
#2841 = DIRECTION('',(1.,-7.395570986447E-32));
#2842 = ( GEOMETRIC_REPRESENTATION_CONTEXT(2) 
PARAMETRIC_REPRESENTATION_CONTEXT() REPRESENTATION_CONTEXT('2D SPACE',''
  ) );
#2843 = ORIENTED_EDGE('',*,*,#2844,.F.);
#2844 = EDGE_CURVE('',#2845,#2817,#2847,.T.);
#2845 = VERTEX_POINT('',#2846);
#2846 = CARTESIAN_POINT('',(-1.675,1.3,0.11));
#2847 = SURFACE_CURVE('',#2848,(#2852,#2859),.PCURVE_S1.);
#2848 = LINE('',#2849,#2850);
#2849 = CARTESIAN_POINT('',(-1.675,1.3,0.841614));
#2850 = VECTOR('',#2851,1.);
#2851 = DIRECTION('',(-2.289834988289E-16,-2.289834988289E-16,-1.));
#2852 = PCURVE('',#2679,#2853);
#2853 = DEFINITIONAL_REPRESENTATION('',(#2854),#2858);
#2854 = LINE('',#2855,#2856);
#2855 = CARTESIAN_POINT('',(-2.324702236056,1.675311738616));
#2856 = VECTOR('',#2857,1.);
#2857 = DIRECTION('',(0.,-1.));
#2858 = ( GEOMETRIC_REPRESENTATION_CONTEXT(2) 
PARAMETRIC_REPRESENTATION_CONTEXT() REPRESENTATION_CONTEXT('2D SPACE',''
  ) );
#2859 = PCURVE('',#2860,#2865);
#2860 = PLANE('',#2861);
#2861 = AXIS2_PLACEMENT_3D('',#2862,#2863,#2864);
#2862 = CARTESIAN_POINT('',(-1.825,1.3,0.11));
#2863 = DIRECTION('',(0.,1.,-2.289834988289E-16));
#2864 = DIRECTION('',(-2.289834988289E-16,-2.289834988289E-16,-1.));
#2865 = DEFINITIONAL_REPRESENTATION('',(#2866),#2870);
#2866 = LINE('',#2867,#2868);
#2867 = CARTESIAN_POINT('',(-0.731614,-0.15));
#2868 = VECTOR('',#2869,1.);
#2869 = DIRECTION('',(1.,0.));
#2870 = ( GEOMETRIC_REPRESENTATION_CONTEXT(2) 
PARAMETRIC_REPRESENTATION_CONTEXT() REPRESENTATION_CONTEXT('2D SPACE',''
  ) );
#2871 = ORIENTED_EDGE('',*,*,#2872,.F.);
#2872 = EDGE_CURVE('',#2873,#2845,#2875,.T.);
#2873 = VERTEX_POINT('',#2874);
#2874 = CARTESIAN_POINT('',(-1.675,1.35,0.16));
#2875 = SURFACE_CURVE('',#2876,(#2881,#2888),.PCURVE_S1.);
#2876 = CIRCLE('',#2877,5.E-02);
#2877 = AXIS2_PLACEMENT_3D('',#2878,#2879,#2880);
#2878 = CARTESIAN_POINT('',(-1.675,1.35,0.11));
#2879 = DIRECTION('',(1.,-5.243344273594E-32,-2.289834988289E-16));
#2880 = DIRECTION('',(-2.080052407982E-46,1.,-2.289834988289E-16));
#2881 = PCURVE('',#2679,#2882);
#2882 = DEFINITIONAL_REPRESENTATION('',(#2883),#2887);
#2883 = CIRCLE('',#2884,5.E-02);
#2884 = AXIS2_PLACEMENT_2D('',#2885,#2886);
#2885 = CARTESIAN_POINT('',(-2.274702236056,0.943697738616));
#2886 = DIRECTION('',(1.,0.));
#2887 = ( GEOMETRIC_REPRESENTATION_CONTEXT(2) 
PARAMETRIC_REPRESENTATION_CONTEXT() REPRESENTATION_CONTEXT('2D SPACE',''
  ) );
#2888 = PCURVE('',#2889,#2894);
#2889 = CYLINDRICAL_SURFACE('',#2890,5.E-02);
#2890 = AXIS2_PLACEMENT_3D('',#2891,#2892,#2893);
#2891 = CARTESIAN_POINT('',(-1.825,1.35,0.11));
#2892 = DIRECTION('',(1.,-5.243344273594E-32,-2.289834988289E-16));
#2893 = DIRECTION('',(-2.080052407982E-46,1.,-2.289834988289E-16));
#2894 = DEFINITIONAL_REPRESENTATION('',(#2895),#2899);
#2895 = LINE('',#2896,#2897);
#2896 = CARTESIAN_POINT('',(-2.22044604925E-16,0.15));
#2897 = VECTOR('',#2898,1.);
#2898 = DIRECTION('',(1.,0.));
#2899 = ( GEOMETRIC_REPRESENTATION_CONTEXT(2) 
PARAMETRIC_REPRESENTATION_CONTEXT() REPRESENTATION_CONTEXT('2D SPACE',''
  ) );
#2900 = ORIENTED_EDGE('',*,*,#2901,.F.);
#2901 = EDGE_CURVE('',#2902,#2873,#2904,.T.);
#2902 = VERTEX_POINT('',#2903);
#2903 = CARTESIAN_POINT('',(-1.675,1.35,0.31));
#2904 = SURFACE_CURVE('',#2905,(#2909,#2916),.PCURVE_S1.);
#2905 = LINE('',#2906,#2907);
#2906 = CARTESIAN_POINT('',(-1.675,1.35,0.841614));
#2907 = VECTOR('',#2908,1.);
#2908 = DIRECTION('',(-2.289834988289E-16,-2.289834988289E-16,-1.));
#2909 = PCURVE('',#2679,#2910);
#2910 = DEFINITIONAL_REPRESENTATION('',(#2911),#2915);
#2911 = LINE('',#2912,#2913);
#2912 = CARTESIAN_POINT('',(-2.274702236056,1.675311738616));
#2913 = VECTOR('',#2914,1.);
#2914 = DIRECTION('',(0.,-1.));
#2915 = ( GEOMETRIC_REPRESENTATION_CONTEXT(2) 
PARAMETRIC_REPRESENTATION_CONTEXT() REPRESENTATION_CONTEXT('2D SPACE',''
  ) );
#2916 = PCURVE('',#2917,#2922);
#2917 = PLANE('',#2918);
#2918 = AXIS2_PLACEMENT_3D('',#2919,#2920,#2921);
#2919 = CARTESIAN_POINT('',(-1.825,1.35,0.31));
#2920 = DIRECTION('',(0.,1.,-2.289834988289E-16));
#2921 = DIRECTION('',(-2.289834988289E-16,-2.289834988289E-16,-1.));
#2922 = DEFINITIONAL_REPRESENTATION('',(#2923),#2927);
#2923 = LINE('',#2924,#2925);
#2924 = CARTESIAN_POINT('',(-0.531614,-0.15));
#2925 = VECTOR('',#2926,1.);
#2926 = DIRECTION('',(1.,0.));
#2927 = ( GEOMETRIC_REPRESENTATION_CONTEXT(2) 
PARAMETRIC_REPRESENTATION_CONTEXT() REPRESENTATION_CONTEXT('2D SPACE',''
  ) );
#2928 = ORIENTED_EDGE('',*,*,#2929,.T.);
#2929 = EDGE_CURVE('',#2902,#2930,#2932,.T.);
#2930 = VERTEX_POINT('',#2931);
#2931 = CARTESIAN_POINT('',(-1.675,1.,0.31));
#2932 = SURFACE_CURVE('',#2933,(#2937,#2944),.PCURVE_S1.);
#2933 = LINE('',#2934,#2935);
#2934 = CARTESIAN_POINT('',(-1.675,0.694863,0.31));
#2935 = VECTOR('',#2936,1.);
#2936 = DIRECTION('',(-2.804146475864E-32,-1.,1.065228634467E-16));
#2937 = PCURVE('',#2679,#2938);
#2938 = DEFINITIONAL_REPRESENTATION('',(#2939),#2943);
#2939 = LINE('',#2940,#2941);
#2940 = CARTESIAN_POINT('',(-2.929839236056,1.143697738616));
#2941 = VECTOR('',#2942,1.);
#2942 = DIRECTION('',(-1.,-1.224606353822E-16));
#2943 = ( GEOMETRIC_REPRESENTATION_CONTEXT(2) 
PARAMETRIC_REPRESENTATION_CONTEXT() REPRESENTATION_CONTEXT('2D SPACE',''
  ) );
#2944 = PCURVE('',#530,#2945);
#2945 = DEFINITIONAL_REPRESENTATION('',(#2946),#2950);
#2946 = LINE('',#2947,#2948);
#2947 = CARTESIAN_POINT('',(3.025,0.978861317761));
#2948 = VECTOR('',#2949,1.);
#2949 = DIRECTION('',(9.031806508344E-47,1.));
#2950 = ( GEOMETRIC_REPRESENTATION_CONTEXT(2) 
PARAMETRIC_REPRESENTATION_CONTEXT() REPRESENTATION_CONTEXT('2D SPACE',''
  ) );
#2951 = ORIENTED_EDGE('',*,*,#2952,.F.);
#2952 = EDGE_CURVE('',#2669,#2930,#2953,.T.);
#2953 = SURFACE_CURVE('',#2954,(#2958,#2965),.PCURVE_S1.);
#2954 = LINE('',#2955,#2956);
#2955 = CARTESIAN_POINT('',(-1.675,1.,0.841614));
#2956 = VECTOR('',#2957,1.);
#2957 = DIRECTION('',(2.289834988289E-16,1.065228634467E-16,1.));
#2958 = PCURVE('',#2679,#2959);
#2959 = DEFINITIONAL_REPRESENTATION('',(#2960),#2964);
#2960 = LINE('',#2961,#2962);
#2961 = CARTESIAN_POINT('',(-2.624702236056,1.675311738616));
#2962 = VECTOR('',#2963,1.);
#2963 = DIRECTION('',(-1.224606353822E-16,1.));
#2964 = ( GEOMETRIC_REPRESENTATION_CONTEXT(2) 
PARAMETRIC_REPRESENTATION_CONTEXT() REPRESENTATION_CONTEXT('2D SPACE',''
  ) );
#2965 = PCURVE('',#639,#2966);
#2966 = DEFINITIONAL_REPRESENTATION('',(#2967),#2971);
#2967 = LINE('',#2968,#2969);
#2968 = CARTESIAN_POINT('',(-0.531614,4.));
#2969 = VECTOR('',#2970,1.);
#2970 = DIRECTION('',(-1.,0.));
#2971 = ( GEOMETRIC_REPRESENTATION_CONTEXT(2) 
PARAMETRIC_REPRESENTATION_CONTEXT() REPRESENTATION_CONTEXT('2D SPACE',''
  ) );
#2972 = ADVANCED_FACE('',(#2973),#2917,.T.);
#2973 = FACE_BOUND('',#2974,.T.);
#2974 = EDGE_LOOP('',(#2975,#2998,#2999,#3022));
#2975 = ORIENTED_EDGE('',*,*,#2976,.T.);
#2976 = EDGE_CURVE('',#2977,#2902,#2979,.T.);
#2977 = VERTEX_POINT('',#2978);
#2978 = CARTESIAN_POINT('',(-1.825,1.35,0.31));
#2979 = SURFACE_CURVE('',#2980,(#2984,#2991),.PCURVE_S1.);
#2980 = LINE('',#2981,#2982);
#2981 = CARTESIAN_POINT('',(1.,1.35,0.31));
#2982 = VECTOR('',#2983,1.);
#2983 = DIRECTION('',(1.,-5.243344273594E-32,-2.289834988289E-16));
#2984 = PCURVE('',#2917,#2985);
#2985 = DEFINITIONAL_REPRESENTATION('',(#2986),#2990);
#2986 = LINE('',#2987,#2988);
#2987 = CARTESIAN_POINT('',(2.350723782296E-15,-2.825));
#2988 = VECTOR('',#2989,1.);
#2989 = DIRECTION('',(0.,-1.));
#2990 = ( GEOMETRIC_REPRESENTATION_CONTEXT(2) 
PARAMETRIC_REPRESENTATION_CONTEXT() REPRESENTATION_CONTEXT('2D SPACE',''
  ) );
#2991 = PCURVE('',#530,#2992);
#2992 = DEFINITIONAL_REPRESENTATION('',(#2993),#2997);
#2993 = LINE('',#2994,#2995);
#2994 = CARTESIAN_POINT('',(0.35,0.323724317761));
#2995 = VECTOR('',#2996,1.);
#2996 = DIRECTION('',(-1.,-2.736911063134E-48));
#2997 = ( GEOMETRIC_REPRESENTATION_CONTEXT(2) 
PARAMETRIC_REPRESENTATION_CONTEXT() REPRESENTATION_CONTEXT('2D SPACE',''
  ) );
#2998 = ORIENTED_EDGE('',*,*,#2901,.T.);
#2999 = ORIENTED_EDGE('',*,*,#3000,.F.);
#3000 = EDGE_CURVE('',#3001,#2873,#3003,.T.);
#3001 = VERTEX_POINT('',#3002);
#3002 = CARTESIAN_POINT('',(-1.825,1.35,0.16));
#3003 = SURFACE_CURVE('',#3004,(#3008,#3015),.PCURVE_S1.);
#3004 = LINE('',#3005,#3006);
#3005 = CARTESIAN_POINT('',(-1.825,1.35,0.16));
#3006 = VECTOR('',#3007,1.);
#3007 = DIRECTION('',(1.,-5.243344273594E-32,-2.289834988289E-16));
#3008 = PCURVE('',#2917,#3009);
#3009 = DEFINITIONAL_REPRESENTATION('',(#3010),#3014);
#3010 = LINE('',#3011,#3012);
#3011 = CARTESIAN_POINT('',(0.15,-3.434752482434E-17));
#3012 = VECTOR('',#3013,1.);
#3013 = DIRECTION('',(0.,-1.));
#3014 = ( GEOMETRIC_REPRESENTATION_CONTEXT(2) 
PARAMETRIC_REPRESENTATION_CONTEXT() REPRESENTATION_CONTEXT('2D SPACE',''
  ) );
#3015 = PCURVE('',#2889,#3016);
#3016 = DEFINITIONAL_REPRESENTATION('',(#3017),#3021);
#3017 = LINE('',#3018,#3019);
#3018 = CARTESIAN_POINT('',(1.570796326795,0.));
#3019 = VECTOR('',#3020,1.);
#3020 = DIRECTION('',(0.,1.));
#3021 = ( GEOMETRIC_REPRESENTATION_CONTEXT(2) 
PARAMETRIC_REPRESENTATION_CONTEXT() REPRESENTATION_CONTEXT('2D SPACE',''
  ) );
#3022 = ORIENTED_EDGE('',*,*,#3023,.T.);
#3023 = EDGE_CURVE('',#3001,#2977,#3024,.T.);
#3024 = SURFACE_CURVE('',#3025,(#3029,#3036),.PCURVE_S1.);
#3025 = LINE('',#3026,#3027);
#3026 = CARTESIAN_POINT('',(-1.825,1.35,0.31));
#3027 = VECTOR('',#3028,1.);
#3028 = DIRECTION('',(2.289834988289E-16,2.289834988289E-16,1.));
#3029 = PCURVE('',#2917,#3030);
#3030 = DEFINITIONAL_REPRESENTATION('',(#3031),#3035);
#3031 = LINE('',#3032,#3033);
#3032 = CARTESIAN_POINT('',(-0.,0.));
#3033 = VECTOR('',#3034,1.);
#3034 = DIRECTION('',(-1.,0.));
#3035 = ( GEOMETRIC_REPRESENTATION_CONTEXT(2) 
PARAMETRIC_REPRESENTATION_CONTEXT() REPRESENTATION_CONTEXT('2D SPACE',''
  ) );
#3036 = PCURVE('',#2508,#3037);
#3037 = DEFINITIONAL_REPRESENTATION('',(#3038),#3042);
#3038 = LINE('',#3039,#3040);
#3039 = CARTESIAN_POINT('',(0.104220924602,0.139499768985));
#3040 = VECTOR('',#3041,1.);
#3041 = DIRECTION('',(2.289834988289E-16,1.));
#3042 = ( GEOMETRIC_REPRESENTATION_CONTEXT(2) 
PARAMETRIC_REPRESENTATION_CONTEXT() REPRESENTATION_CONTEXT('2D SPACE',''
  ) );
#3043 = ADVANCED_FACE('',(#3044),#2691,.F.);
#3044 = FACE_BOUND('',#3045,.T.);
#3045 = EDGE_LOOP('',(#3046,#3067,#3090,#3111));
#3046 = ORIENTED_EDGE('',*,*,#3047,.F.);
#3047 = EDGE_CURVE('',#2493,#2669,#3048,.T.);
#3048 = SURFACE_CURVE('',#3049,(#3053,#3060),.PCURVE_S1.);
#3049 = LINE('',#3050,#3051);
#3050 = CARTESIAN_POINT('',(4.5,1.,8.E-02));
#3051 = VECTOR('',#3052,1.);
#3052 = DIRECTION('',(1.,-5.243344273594E-32,-2.289834988289E-16));
#3053 = PCURVE('',#2691,#3054);
#3054 = DEFINITIONAL_REPRESENTATION('',(#3055),#3059);
#3055 = LINE('',#3056,#3057);
#3056 = CARTESIAN_POINT('',(-1.339222645935E-03,-6.175));
#3057 = VECTOR('',#3058,1.);
#3058 = DIRECTION('',(0.,-1.));
#3059 = ( GEOMETRIC_REPRESENTATION_CONTEXT(2) 
PARAMETRIC_REPRESENTATION_CONTEXT() REPRESENTATION_CONTEXT('2D SPACE',''
  ) );
#3060 = PCURVE('',#611,#3061);
#3061 = DEFINITIONAL_REPRESENTATION('',(#3062),#3066);
#3062 = LINE('',#3063,#3064);
#3063 = CARTESIAN_POINT('',(-3.336673628651E-31,-6.3375));
#3064 = VECTOR('',#3065,1.);
#3065 = DIRECTION('',(-2.080052407982E-46,-1.));
#3066 = ( GEOMETRIC_REPRESENTATION_CONTEXT(2) 
PARAMETRIC_REPRESENTATION_CONTEXT() REPRESENTATION_CONTEXT('2D SPACE',''
  ) );
#3067 = ORIENTED_EDGE('',*,*,#3068,.T.);
#3068 = EDGE_CURVE('',#2493,#3069,#3071,.T.);
#3069 = VERTEX_POINT('',#3070);
#3070 = CARTESIAN_POINT('',(-1.825,1.,7.866077735406E-02));
#3071 = SURFACE_CURVE('',#3072,(#3076,#3083),.PCURVE_S1.);
#3072 = LINE('',#3073,#3074);
#3073 = CARTESIAN_POINT('',(-1.825,1.,0.841614));
#3074 = VECTOR('',#3075,1.);
#3075 = DIRECTION('',(-2.289834988289E-16,-1.065228634467E-16,-1.));
#3076 = PCURVE('',#2691,#3077);
#3077 = DEFINITIONAL_REPRESENTATION('',(#3078),#3082);
#3078 = LINE('',#3079,#3080);
#3079 = CARTESIAN_POINT('',(-0.762953222646,0.15));
#3080 = VECTOR('',#3081,1.);
#3081 = DIRECTION('',(1.,0.));
#3082 = ( GEOMETRIC_REPRESENTATION_CONTEXT(2) 
PARAMETRIC_REPRESENTATION_CONTEXT() REPRESENTATION_CONTEXT('2D SPACE',''
  ) );
#3083 = PCURVE('',#2508,#3084);
#3084 = DEFINITIONAL_REPRESENTATION('',(#3085),#3089);
#3085 = LINE('',#3086,#3087);
#3086 = CARTESIAN_POINT('',(-0.245779075398,0.671113768985));
#3087 = VECTOR('',#3088,1.);
#3088 = DIRECTION('',(-1.065228634467E-16,-1.));
#3089 = ( GEOMETRIC_REPRESENTATION_CONTEXT(2) 
PARAMETRIC_REPRESENTATION_CONTEXT() REPRESENTATION_CONTEXT('2D SPACE',''
  ) );
#3090 = ORIENTED_EDGE('',*,*,#3091,.F.);
#3091 = EDGE_CURVE('',#2671,#3069,#3092,.T.);
#3092 = SURFACE_CURVE('',#3093,(#3097,#3104),.PCURVE_S1.);
#3093 = LINE('',#3094,#3095);
#3094 = CARTESIAN_POINT('',(4.5,1.,7.866077735406E-02));
#3095 = VECTOR('',#3096,1.);
#3096 = DIRECTION('',(-1.,5.243344273594E-32,2.289834988289E-16));
#3097 = PCURVE('',#2691,#3098);
#3098 = DEFINITIONAL_REPRESENTATION('',(#3099),#3103);
#3099 = LINE('',#3100,#3101);
#3100 = CARTESIAN_POINT('',(-1.094610513341E-16,-6.175));
#3101 = VECTOR('',#3102,1.);
#3102 = DIRECTION('',(0.,1.));
#3103 = ( GEOMETRIC_REPRESENTATION_CONTEXT(2) 
PARAMETRIC_REPRESENTATION_CONTEXT() REPRESENTATION_CONTEXT('2D SPACE',''
  ) );
#3104 = PCURVE('',#2719,#3105);
#3105 = DEFINITIONAL_REPRESENTATION('',(#3106),#3110);
#3106 = LINE('',#3107,#3108);
#3107 = CARTESIAN_POINT('',(5.833781539828E-02,-6.325));
#3108 = VECTOR('',#3109,1.);
#3109 = DIRECTION('',(9.244463733059E-32,1.));
#3110 = ( GEOMETRIC_REPRESENTATION_CONTEXT(2) 
PARAMETRIC_REPRESENTATION_CONTEXT() REPRESENTATION_CONTEXT('2D SPACE',''
  ) );
#3111 = ORIENTED_EDGE('',*,*,#2668,.F.);
#3112 = ADVANCED_FACE('',(#3113),#2508,.F.);
#3113 = FACE_BOUND('',#3114,.T.);
#3114 = EDGE_LOOP('',(#3115,#3116,#3137,#3138,#3162,#3185,#3208,#3231,
    #3254,#3278,#3299));
#3115 = ORIENTED_EDGE('',*,*,#2490,.F.);
#3116 = ORIENTED_EDGE('',*,*,#3117,.F.);
#3117 = EDGE_CURVE('',#2977,#2491,#3118,.T.);
#3118 = SURFACE_CURVE('',#3119,(#3123,#3130),.PCURVE_S1.);
#3119 = LINE('',#3120,#3121);
#3120 = CARTESIAN_POINT('',(-1.825,0.694863,0.31));
#3121 = VECTOR('',#3122,1.);
#3122 = DIRECTION('',(-2.804146475864E-32,-1.,1.065228634467E-16));
#3123 = PCURVE('',#2508,#3124);
#3124 = DEFINITIONAL_REPRESENTATION('',(#3125),#3129);
#3125 = LINE('',#3126,#3127);
#3126 = CARTESIAN_POINT('',(-0.550916075398,0.139499768985));
#3127 = VECTOR('',#3128,1.);
#3128 = DIRECTION('',(-1.,1.065228634467E-16));
#3129 = ( GEOMETRIC_REPRESENTATION_CONTEXT(2) 
PARAMETRIC_REPRESENTATION_CONTEXT() REPRESENTATION_CONTEXT('2D SPACE',''
  ) );
#3130 = PCURVE('',#530,#3131);
#3131 = DEFINITIONAL_REPRESENTATION('',(#3132),#3136);
#3132 = LINE('',#3133,#3134);
#3133 = CARTESIAN_POINT('',(3.175,0.978861317761));
#3134 = VECTOR('',#3135,1.);
#3135 = DIRECTION('',(9.031806508344E-47,1.));
#3136 = ( GEOMETRIC_REPRESENTATION_CONTEXT(2) 
PARAMETRIC_REPRESENTATION_CONTEXT() REPRESENTATION_CONTEXT('2D SPACE',''
  ) );
#3137 = ORIENTED_EDGE('',*,*,#3023,.F.);
#3138 = ORIENTED_EDGE('',*,*,#3139,.T.);
#3139 = EDGE_CURVE('',#3001,#3140,#3142,.T.);
#3140 = VERTEX_POINT('',#3141);
#3141 = CARTESIAN_POINT('',(-1.825,1.3,0.11));
#3142 = SURFACE_CURVE('',#3143,(#3148,#3155),.PCURVE_S1.);
#3143 = CIRCLE('',#3144,5.E-02);
#3144 = AXIS2_PLACEMENT_3D('',#3145,#3146,#3147);
#3145 = CARTESIAN_POINT('',(-1.825,1.35,0.11));
#3146 = DIRECTION('',(1.,-5.243344273594E-32,-2.289834988289E-16));
#3147 = DIRECTION('',(-2.080052407982E-46,1.,-2.289834988289E-16));
#3148 = PCURVE('',#2508,#3149);
#3149 = DEFINITIONAL_REPRESENTATION('',(#3150),#3154);
#3150 = CIRCLE('',#3151,5.E-02);
#3151 = AXIS2_PLACEMENT_2D('',#3152,#3153);
#3152 = CARTESIAN_POINT('',(0.104220924602,-6.050023101547E-02));
#3153 = DIRECTION('',(1.,-2.289834988289E-16));
#3154 = ( GEOMETRIC_REPRESENTATION_CONTEXT(2) 
PARAMETRIC_REPRESENTATION_CONTEXT() REPRESENTATION_CONTEXT('2D SPACE',''
  ) );
#3155 = PCURVE('',#2889,#3156);
#3156 = DEFINITIONAL_REPRESENTATION('',(#3157),#3161);
#3157 = LINE('',#3158,#3159);
#3158 = CARTESIAN_POINT('',(-2.22044604925E-16,0.));
#3159 = VECTOR('',#3160,1.);
#3160 = DIRECTION('',(1.,0.));
#3161 = ( GEOMETRIC_REPRESENTATION_CONTEXT(2) 
PARAMETRIC_REPRESENTATION_CONTEXT() REPRESENTATION_CONTEXT('2D SPACE',''
  ) );
#3162 = ORIENTED_EDGE('',*,*,#3163,.T.);
#3163 = EDGE_CURVE('',#3140,#3164,#3166,.T.);
#3164 = VERTEX_POINT('',#3165);
#3165 = CARTESIAN_POINT('',(-1.825,1.3,5.E-02));
#3166 = SURFACE_CURVE('',#3167,(#3171,#3178),.PCURVE_S1.);
#3167 = LINE('',#3168,#3169);
#3168 = CARTESIAN_POINT('',(-1.825,1.3,0.11));
#3169 = VECTOR('',#3170,1.);
#3170 = DIRECTION('',(-2.289834988289E-16,-2.289834988289E-16,-1.));
#3171 = PCURVE('',#2508,#3172);
#3172 = DEFINITIONAL_REPRESENTATION('',(#3173),#3177);
#3173 = LINE('',#3174,#3175);
#3174 = CARTESIAN_POINT('',(5.422092460224E-02,-6.050023101547E-02));
#3175 = VECTOR('',#3176,1.);
#3176 = DIRECTION('',(-2.289834988289E-16,-1.));
#3177 = ( GEOMETRIC_REPRESENTATION_CONTEXT(2) 
PARAMETRIC_REPRESENTATION_CONTEXT() REPRESENTATION_CONTEXT('2D SPACE',''
  ) );
#3178 = PCURVE('',#2860,#3179);
#3179 = DEFINITIONAL_REPRESENTATION('',(#3180),#3184);
#3180 = LINE('',#3181,#3182);
#3181 = CARTESIAN_POINT('',(-0.,0.));
#3182 = VECTOR('',#3183,1.);
#3183 = DIRECTION('',(1.,0.));
#3184 = ( GEOMETRIC_REPRESENTATION_CONTEXT(2) 
PARAMETRIC_REPRESENTATION_CONTEXT() REPRESENTATION_CONTEXT('2D SPACE',''
  ) );
#3185 = ORIENTED_EDGE('',*,*,#3186,.T.);
#3186 = EDGE_CURVE('',#3164,#3187,#3189,.T.);
#3187 = VERTEX_POINT('',#3188);
#3188 = CARTESIAN_POINT('',(-1.825,1.25,-5.551115123126E-16));
#3189 = SURFACE_CURVE('',#3190,(#3194,#3201),.PCURVE_S1.);
#3190 = LINE('',#3191,#3192);
#3191 = CARTESIAN_POINT('',(-1.825,1.3,5.E-02));
#3192 = VECTOR('',#3193,1.);
#3193 = DIRECTION('',(-1.619157848018E-16,-0.707106781187,
    -0.707106781186));
#3194 = PCURVE('',#2508,#3195);
#3195 = DEFINITIONAL_REPRESENTATION('',(#3196),#3200);
#3196 = LINE('',#3197,#3198);
#3197 = CARTESIAN_POINT('',(5.422092460224E-02,-0.120500231015));
#3198 = VECTOR('',#3199,1.);
#3199 = DIRECTION('',(-0.707106781187,-0.707106781186));
#3200 = ( GEOMETRIC_REPRESENTATION_CONTEXT(2) 
PARAMETRIC_REPRESENTATION_CONTEXT() REPRESENTATION_CONTEXT('2D SPACE',''
  ) );
#3201 = PCURVE('',#2832,#3202);
#3202 = DEFINITIONAL_REPRESENTATION('',(#3203),#3207);
#3203 = LINE('',#3204,#3205);
#3204 = CARTESIAN_POINT('',(-0.,0.));
#3205 = VECTOR('',#3206,1.);
#3206 = DIRECTION('',(1.,-7.395570986447E-32));
#3207 = ( GEOMETRIC_REPRESENTATION_CONTEXT(2) 
PARAMETRIC_REPRESENTATION_CONTEXT() REPRESENTATION_CONTEXT('2D SPACE',''
  ) );
#3208 = ORIENTED_EDGE('',*,*,#3209,.F.);
#3209 = EDGE_CURVE('',#3210,#3187,#3212,.T.);
#3210 = VERTEX_POINT('',#3211);
#3211 = CARTESIAN_POINT('',(-1.825,0.92,-4.440892098501E-16));
#3212 = SURFACE_CURVE('',#3213,(#3217,#3224),.PCURVE_S1.);
#3213 = LINE('',#3214,#3215);
#3214 = CARTESIAN_POINT('',(-1.825,0.92,-4.440892098501E-16));
#3215 = VECTOR('',#3216,1.);
#3216 = DIRECTION('',(0.,1.,-2.289834988289E-16));
#3217 = PCURVE('',#2508,#3218);
#3218 = DEFINITIONAL_REPRESENTATION('',(#3219),#3223);
#3219 = LINE('',#3220,#3221);
#3220 = CARTESIAN_POINT('',(-0.325779075398,-0.170500231015));
#3221 = VECTOR('',#3222,1.);
#3222 = DIRECTION('',(1.,-2.289834988289E-16));
#3223 = ( GEOMETRIC_REPRESENTATION_CONTEXT(2) 
PARAMETRIC_REPRESENTATION_CONTEXT() REPRESENTATION_CONTEXT('2D SPACE',''
  ) );
#3224 = PCURVE('',#2804,#3225);
#3225 = DEFINITIONAL_REPRESENTATION('',(#3226),#3230);
#3226 = LINE('',#3227,#3228);
#3227 = CARTESIAN_POINT('',(0.33,5.473822126269E-48));
#3228 = VECTOR('',#3229,1.);
#3229 = DIRECTION('',(-1.,0.));
#3230 = ( GEOMETRIC_REPRESENTATION_CONTEXT(2) 
PARAMETRIC_REPRESENTATION_CONTEXT() REPRESENTATION_CONTEXT('2D SPACE',''
  ) );
#3231 = ORIENTED_EDGE('',*,*,#3232,.T.);
#3232 = EDGE_CURVE('',#3210,#3233,#3235,.T.);
#3233 = VERTEX_POINT('',#3234);
#3234 = CARTESIAN_POINT('',(-1.825,0.92,3.619548911246E-02));
#3235 = SURFACE_CURVE('',#3236,(#3240,#3247),.PCURVE_S1.);
#3236 = LINE('',#3237,#3238);
#3237 = CARTESIAN_POINT('',(-1.825,0.92,-4.440892098501E-16));
#3238 = VECTOR('',#3239,1.);
#3239 = DIRECTION('',(2.289834988289E-16,2.289834988289E-16,1.));
#3240 = PCURVE('',#2508,#3241);
#3241 = DEFINITIONAL_REPRESENTATION('',(#3242),#3246);
#3242 = LINE('',#3243,#3244);
#3243 = CARTESIAN_POINT('',(-0.325779075398,-0.170500231015));
#3244 = VECTOR('',#3245,1.);
#3245 = DIRECTION('',(2.289834988289E-16,1.));
#3246 = ( GEOMETRIC_REPRESENTATION_CONTEXT(2) 
PARAMETRIC_REPRESENTATION_CONTEXT() REPRESENTATION_CONTEXT('2D SPACE',''
  ) );
#3247 = PCURVE('',#2776,#3248);
#3248 = DEFINITIONAL_REPRESENTATION('',(#3249),#3253);
#3249 = LINE('',#3250,#3251);
#3250 = CARTESIAN_POINT('',(0.,0.));
#3251 = VECTOR('',#3252,1.);
#3252 = DIRECTION('',(1.,0.));
#3253 = ( GEOMETRIC_REPRESENTATION_CONTEXT(2) 
PARAMETRIC_REPRESENTATION_CONTEXT() REPRESENTATION_CONTEXT('2D SPACE',''
  ) );
#3254 = ORIENTED_EDGE('',*,*,#3255,.F.);
#3255 = EDGE_CURVE('',#3256,#3233,#3258,.T.);
#3256 = VERTEX_POINT('',#3257);
#3257 = CARTESIAN_POINT('',(-1.825,0.943186633611,6.541154699934E-02));
#3258 = SURFACE_CURVE('',#3259,(#3264,#3271),.PCURVE_S1.);
#3259 = CIRCLE('',#3260,3.E-02);
#3260 = AXIS2_PLACEMENT_3D('',#3261,#3262,#3263);
#3261 = CARTESIAN_POINT('',(-1.825,0.95,3.619548911246E-02));
#3262 = DIRECTION('',(1.,-5.243344273594E-32,-2.289834988289E-16));
#3263 = DIRECTION('',(-2.080052407982E-46,1.,-2.289834988289E-16));
#3264 = PCURVE('',#2508,#3265);
#3265 = DEFINITIONAL_REPRESENTATION('',(#3266),#3270);
#3266 = CIRCLE('',#3267,3.E-02);
#3267 = AXIS2_PLACEMENT_2D('',#3268,#3269);
#3268 = CARTESIAN_POINT('',(-0.295779075398,-0.134304741903));
#3269 = DIRECTION('',(1.,-2.289834988289E-16));
#3270 = ( GEOMETRIC_REPRESENTATION_CONTEXT(2) 
PARAMETRIC_REPRESENTATION_CONTEXT() REPRESENTATION_CONTEXT('2D SPACE',''
  ) );
#3271 = PCURVE('',#2748,#3272);
#3272 = DEFINITIONAL_REPRESENTATION('',(#3273),#3277);
#3273 = LINE('',#3274,#3275);
#3274 = CARTESIAN_POINT('',(-6.661338147751E-16,0.));
#3275 = VECTOR('',#3276,1.);
#3276 = DIRECTION('',(1.,0.));
#3277 = ( GEOMETRIC_REPRESENTATION_CONTEXT(2) 
PARAMETRIC_REPRESENTATION_CONTEXT() REPRESENTATION_CONTEXT('2D SPACE',''
  ) );
#3278 = ORIENTED_EDGE('',*,*,#3279,.T.);
#3279 = EDGE_CURVE('',#3256,#3069,#3280,.T.);
#3280 = SURFACE_CURVE('',#3281,(#3285,#3292),.PCURVE_S1.);
#3281 = LINE('',#3282,#3283);
#3282 = CARTESIAN_POINT('',(-1.825,0.943186633611,6.541154699934E-02));
#3283 = VECTOR('',#3284,1.);
#3284 = DIRECTION('',(5.200494915182E-17,0.973868596229,0.227112212966)
  );
#3285 = PCURVE('',#2508,#3286);
#3286 = DEFINITIONAL_REPRESENTATION('',(#3287),#3291);
#3287 = LINE('',#3288,#3289);
#3288 = CARTESIAN_POINT('',(-0.302592441787,-0.105088684016));
#3289 = VECTOR('',#3290,1.);
#3290 = DIRECTION('',(0.973868596229,0.227112212966));
#3291 = ( GEOMETRIC_REPRESENTATION_CONTEXT(2) 
PARAMETRIC_REPRESENTATION_CONTEXT() REPRESENTATION_CONTEXT('2D SPACE',''
  ) );
#3292 = PCURVE('',#2719,#3293);
#3293 = DEFINITIONAL_REPRESENTATION('',(#3294),#3298);
#3294 = LINE('',#3295,#3296);
#3295 = CARTESIAN_POINT('',(0.,0.));
#3296 = VECTOR('',#3297,1.);
#3297 = DIRECTION('',(1.,-3.697785493223E-32));
#3298 = ( GEOMETRIC_REPRESENTATION_CONTEXT(2) 
PARAMETRIC_REPRESENTATION_CONTEXT() REPRESENTATION_CONTEXT('2D SPACE',''
  ) );
#3299 = ORIENTED_EDGE('',*,*,#3068,.F.);
#3300 = ADVANCED_FACE('',(#3301),#2719,.T.);
#3301 = FACE_BOUND('',#3302,.T.);
#3302 = EDGE_LOOP('',(#3303,#3304,#3305,#3326));
#3303 = ORIENTED_EDGE('',*,*,#3091,.T.);
#3304 = ORIENTED_EDGE('',*,*,#3279,.F.);
#3305 = ORIENTED_EDGE('',*,*,#3306,.T.);
#3306 = EDGE_CURVE('',#3256,#2704,#3307,.T.);
#3307 = SURFACE_CURVE('',#3308,(#3312,#3319),.PCURVE_S1.);
#3308 = LINE('',#3309,#3310);
#3309 = CARTESIAN_POINT('',(-1.825,0.943186633611,6.541154699934E-02));
#3310 = VECTOR('',#3311,1.);
#3311 = DIRECTION('',(1.,-5.243344273594E-32,-2.289834988289E-16));
#3312 = PCURVE('',#2719,#3313);
#3313 = DEFINITIONAL_REPRESENTATION('',(#3314),#3318);
#3314 = LINE('',#3315,#3316);
#3315 = CARTESIAN_POINT('',(0.,0.));
#3316 = VECTOR('',#3317,1.);
#3317 = DIRECTION('',(-9.244463733059E-32,-1.));
#3318 = ( GEOMETRIC_REPRESENTATION_CONTEXT(2) 
PARAMETRIC_REPRESENTATION_CONTEXT() REPRESENTATION_CONTEXT('2D SPACE',''
  ) );
#3319 = PCURVE('',#2748,#3320);
#3320 = DEFINITIONAL_REPRESENTATION('',(#3321),#3325);
#3321 = LINE('',#3322,#3323);
#3322 = CARTESIAN_POINT('',(1.799907705522,0.));
#3323 = VECTOR('',#3324,1.);
#3324 = DIRECTION('',(0.,1.));
#3325 = ( GEOMETRIC_REPRESENTATION_CONTEXT(2) 
PARAMETRIC_REPRESENTATION_CONTEXT() REPRESENTATION_CONTEXT('2D SPACE',''
  ) );
#3326 = ORIENTED_EDGE('',*,*,#2703,.T.);
#3327 = ADVANCED_FACE('',(#3328),#2748,.T.);
#3328 = FACE_BOUND('',#3329,.T.);
#3329 = EDGE_LOOP('',(#3330,#3351,#3352,#3353));
#3330 = ORIENTED_EDGE('',*,*,#3331,.T.);
#3331 = EDGE_CURVE('',#3233,#2732,#3332,.T.);
#3332 = SURFACE_CURVE('',#3333,(#3337,#3344),.PCURVE_S1.);
#3333 = LINE('',#3334,#3335);
#3334 = CARTESIAN_POINT('',(-1.825,0.92,3.619548911246E-02));
#3335 = VECTOR('',#3336,1.);
#3336 = DIRECTION('',(1.,-5.243344273594E-32,-2.289834988289E-16));
#3337 = PCURVE('',#2748,#3338);
#3338 = DEFINITIONAL_REPRESENTATION('',(#3339),#3343);
#3339 = LINE('',#3340,#3341);
#3340 = CARTESIAN_POINT('',(3.14159265359,0.));
#3341 = VECTOR('',#3342,1.);
#3342 = DIRECTION('',(0.,1.));
#3343 = ( GEOMETRIC_REPRESENTATION_CONTEXT(2) 
PARAMETRIC_REPRESENTATION_CONTEXT() REPRESENTATION_CONTEXT('2D SPACE',''
  ) );
#3344 = PCURVE('',#2776,#3345);
#3345 = DEFINITIONAL_REPRESENTATION('',(#3346),#3350);
#3346 = LINE('',#3347,#3348);
#3347 = CARTESIAN_POINT('',(3.619548911246E-02,8.288169738796E-18));
#3348 = VECTOR('',#3349,1.);
#3349 = DIRECTION('',(0.,-1.));
#3350 = ( GEOMETRIC_REPRESENTATION_CONTEXT(2) 
PARAMETRIC_REPRESENTATION_CONTEXT() REPRESENTATION_CONTEXT('2D SPACE',''
  ) );
#3351 = ORIENTED_EDGE('',*,*,#2731,.F.);
#3352 = ORIENTED_EDGE('',*,*,#3306,.F.);
#3353 = ORIENTED_EDGE('',*,*,#3255,.T.);
#3354 = ADVANCED_FACE('',(#3355),#2776,.T.);
#3355 = FACE_BOUND('',#3356,.T.);
#3356 = EDGE_LOOP('',(#3357,#3358,#3379,#3380));
#3357 = ORIENTED_EDGE('',*,*,#3232,.F.);
#3358 = ORIENTED_EDGE('',*,*,#3359,.T.);
#3359 = EDGE_CURVE('',#3210,#2761,#3360,.T.);
#3360 = SURFACE_CURVE('',#3361,(#3365,#3372),.PCURVE_S1.);
#3361 = LINE('',#3362,#3363);
#3362 = CARTESIAN_POINT('',(-1.825,0.92,-4.440892098501E-16));
#3363 = VECTOR('',#3364,1.);
#3364 = DIRECTION('',(1.,-5.243344273594E-32,-2.289834988289E-16));
#3365 = PCURVE('',#2776,#3366);
#3366 = DEFINITIONAL_REPRESENTATION('',(#3367),#3371);
#3367 = LINE('',#3368,#3369);
#3368 = CARTESIAN_POINT('',(0.,0.));
#3369 = VECTOR('',#3370,1.);
#3370 = DIRECTION('',(0.,-1.));
#3371 = ( GEOMETRIC_REPRESENTATION_CONTEXT(2) 
PARAMETRIC_REPRESENTATION_CONTEXT() REPRESENTATION_CONTEXT('2D SPACE',''
  ) );
#3372 = PCURVE('',#2804,#3373);
#3373 = DEFINITIONAL_REPRESENTATION('',(#3374),#3378);
#3374 = LINE('',#3375,#3376);
#3375 = CARTESIAN_POINT('',(0.33,5.473822126269E-48));
#3376 = VECTOR('',#3377,1.);
#3377 = DIRECTION('',(-2.080052407982E-46,-1.));
#3378 = ( GEOMETRIC_REPRESENTATION_CONTEXT(2) 
PARAMETRIC_REPRESENTATION_CONTEXT() REPRESENTATION_CONTEXT('2D SPACE',''
  ) );
#3379 = ORIENTED_EDGE('',*,*,#2760,.T.);
#3380 = ORIENTED_EDGE('',*,*,#3331,.F.);
#3381 = ADVANCED_FACE('',(#3382),#2804,.T.);
#3382 = FACE_BOUND('',#3383,.T.);
#3383 = EDGE_LOOP('',(#3384,#3385,#3406,#3407));
#3384 = ORIENTED_EDGE('',*,*,#3209,.T.);
#3385 = ORIENTED_EDGE('',*,*,#3386,.T.);
#3386 = EDGE_CURVE('',#3187,#2789,#3387,.T.);
#3387 = SURFACE_CURVE('',#3388,(#3392,#3399),.PCURVE_S1.);
#3388 = LINE('',#3389,#3390);
#3389 = CARTESIAN_POINT('',(-1.825,1.25,-5.551115123126E-16));
#3390 = VECTOR('',#3391,1.);
#3391 = DIRECTION('',(1.,-5.243344273594E-32,-2.289834988289E-16));
#3392 = PCURVE('',#2804,#3393);
#3393 = DEFINITIONAL_REPRESENTATION('',(#3394),#3398);
#3394 = LINE('',#3395,#3396);
#3395 = CARTESIAN_POINT('',(0.,0.));
#3396 = VECTOR('',#3397,1.);
#3397 = DIRECTION('',(-2.080052407982E-46,-1.));
#3398 = ( GEOMETRIC_REPRESENTATION_CONTEXT(2) 
PARAMETRIC_REPRESENTATION_CONTEXT() REPRESENTATION_CONTEXT('2D SPACE',''
  ) );
#3399 = PCURVE('',#2832,#3400);
#3400 = DEFINITIONAL_REPRESENTATION('',(#3401),#3405);
#3401 = LINE('',#3402,#3403);
#3402 = CARTESIAN_POINT('',(7.071067811866E-02,-1.144917494145E-17));
#3403 = VECTOR('',#3404,1.);
#3404 = DIRECTION('',(2.465190328816E-32,-1.));
#3405 = ( GEOMETRIC_REPRESENTATION_CONTEXT(2) 
PARAMETRIC_REPRESENTATION_CONTEXT() REPRESENTATION_CONTEXT('2D SPACE',''
  ) );
#3406 = ORIENTED_EDGE('',*,*,#2788,.T.);
#3407 = ORIENTED_EDGE('',*,*,#3359,.F.);
#3408 = ADVANCED_FACE('',(#3409),#2832,.T.);
#3409 = FACE_BOUND('',#3410,.T.);
#3410 = EDGE_LOOP('',(#3411,#3432,#3433,#3434));
#3411 = ORIENTED_EDGE('',*,*,#3412,.T.);
#3412 = EDGE_CURVE('',#3164,#2817,#3413,.T.);
#3413 = SURFACE_CURVE('',#3414,(#3418,#3425),.PCURVE_S1.);
#3414 = LINE('',#3415,#3416);
#3415 = CARTESIAN_POINT('',(-1.825,1.3,5.E-02));
#3416 = VECTOR('',#3417,1.);
#3417 = DIRECTION('',(1.,-5.243344273594E-32,-2.289834988289E-16));
#3418 = PCURVE('',#2832,#3419);
#3419 = DEFINITIONAL_REPRESENTATION('',(#3420),#3424);
#3420 = LINE('',#3421,#3422);
#3421 = CARTESIAN_POINT('',(-0.,0.));
#3422 = VECTOR('',#3423,1.);
#3423 = DIRECTION('',(2.465190328816E-32,-1.));
#3424 = ( GEOMETRIC_REPRESENTATION_CONTEXT(2) 
PARAMETRIC_REPRESENTATION_CONTEXT() REPRESENTATION_CONTEXT('2D SPACE',''
  ) );
#3425 = PCURVE('',#2860,#3426);
#3426 = DEFINITIONAL_REPRESENTATION('',(#3427),#3431);
#3427 = LINE('',#3428,#3429);
#3428 = CARTESIAN_POINT('',(6.E-02,-1.373900992974E-17));
#3429 = VECTOR('',#3430,1.);
#3430 = DIRECTION('',(0.,-1.));
#3431 = ( GEOMETRIC_REPRESENTATION_CONTEXT(2) 
PARAMETRIC_REPRESENTATION_CONTEXT() REPRESENTATION_CONTEXT('2D SPACE',''
  ) );
#3432 = ORIENTED_EDGE('',*,*,#2816,.T.);
#3433 = ORIENTED_EDGE('',*,*,#3386,.F.);
#3434 = ORIENTED_EDGE('',*,*,#3186,.F.);
#3435 = ADVANCED_FACE('',(#3436),#2860,.T.);
#3436 = FACE_BOUND('',#3437,.T.);
#3437 = EDGE_LOOP('',(#3438,#3459,#3460,#3461));
#3438 = ORIENTED_EDGE('',*,*,#3439,.T.);
#3439 = EDGE_CURVE('',#3140,#2845,#3440,.T.);
#3440 = SURFACE_CURVE('',#3441,(#3445,#3452),.PCURVE_S1.);
#3441 = LINE('',#3442,#3443);
#3442 = CARTESIAN_POINT('',(-1.825,1.3,0.11));
#3443 = VECTOR('',#3444,1.);
#3444 = DIRECTION('',(1.,-5.243344273594E-32,-2.289834988289E-16));
#3445 = PCURVE('',#2860,#3446);
#3446 = DEFINITIONAL_REPRESENTATION('',(#3447),#3451);
#3447 = LINE('',#3448,#3449);
#3448 = CARTESIAN_POINT('',(-0.,0.));
#3449 = VECTOR('',#3450,1.);
#3450 = DIRECTION('',(0.,-1.));
#3451 = ( GEOMETRIC_REPRESENTATION_CONTEXT(2) 
PARAMETRIC_REPRESENTATION_CONTEXT() REPRESENTATION_CONTEXT('2D SPACE',''
  ) );
#3452 = PCURVE('',#2889,#3453);
#3453 = DEFINITIONAL_REPRESENTATION('',(#3454),#3458);
#3454 = LINE('',#3455,#3456);
#3455 = CARTESIAN_POINT('',(3.14159265359,0.));
#3456 = VECTOR('',#3457,1.);
#3457 = DIRECTION('',(0.,1.));
#3458 = ( GEOMETRIC_REPRESENTATION_CONTEXT(2) 
PARAMETRIC_REPRESENTATION_CONTEXT() REPRESENTATION_CONTEXT('2D SPACE',''
  ) );
#3459 = ORIENTED_EDGE('',*,*,#2844,.T.);
#3460 = ORIENTED_EDGE('',*,*,#3412,.F.);
#3461 = ORIENTED_EDGE('',*,*,#3163,.F.);
#3462 = ADVANCED_FACE('',(#3463),#2889,.F.);
#3463 = FACE_BOUND('',#3464,.F.);
#3464 = EDGE_LOOP('',(#3465,#3466,#3467,#3468));
#3465 = ORIENTED_EDGE('',*,*,#3439,.T.);
#3466 = ORIENTED_EDGE('',*,*,#2872,.F.);
#3467 = ORIENTED_EDGE('',*,*,#3000,.F.);
#3468 = ORIENTED_EDGE('',*,*,#3139,.T.);
#3469 = ADVANCED_FACE('',(#3470),#3484,.F.);
#3470 = FACE_BOUND('',#3471,.T.);
#3471 = EDGE_LOOP('',(#3472,#3507,#3535,#3563,#3591,#3619,#3647,#3675,
    #3703,#3731));
#3472 = ORIENTED_EDGE('',*,*,#3473,.F.);
#3473 = EDGE_CURVE('',#3474,#3476,#3478,.T.);
#3474 = VERTEX_POINT('',#3475);
#3475 = CARTESIAN_POINT('',(-2.765,-1.78,0.188888888889));
#3476 = VERTEX_POINT('',#3477);
#3477 = CARTESIAN_POINT('',(-2.765,-1.78,0.893333333333));
#3478 = SURFACE_CURVE('',#3479,(#3483,#3495),.PCURVE_S1.);
#3479 = LINE('',#3480,#3481);
#3480 = CARTESIAN_POINT('',(-2.765,-1.78,0.841614));
#3481 = VECTOR('',#3482,1.);
#3482 = DIRECTION('',(2.289834988289E-16,2.289834988289E-16,1.));
#3483 = PCURVE('',#3484,#3489);
#3484 = PLANE('',#3485);
#3485 = AXIS2_PLACEMENT_3D('',#3486,#3487,#3488);
#3486 = CARTESIAN_POINT('',(-2.765,-1.8,1.05));
#3487 = DIRECTION('',(-1.,5.243344273594E-32,2.289834988289E-16));
#3488 = DIRECTION('',(-2.080052407982E-46,1.,-2.289834988289E-16));
#3489 = DEFINITIONAL_REPRESENTATION('',(#3490),#3494);
#3490 = LINE('',#3491,#3492);
#3491 = CARTESIAN_POINT('',(2.E-02,0.208386));
#3492 = VECTOR('',#3493,1.);
#3493 = DIRECTION('',(0.,-1.));
#3494 = ( GEOMETRIC_REPRESENTATION_CONTEXT(2) 
PARAMETRIC_REPRESENTATION_CONTEXT() REPRESENTATION_CONTEXT('2D SPACE',''
  ) );
#3495 = PCURVE('',#3496,#3501);
#3496 = PLANE('',#3497);
#3497 = AXIS2_PLACEMENT_3D('',#3498,#3499,#3500);
#3498 = CARTESIAN_POINT('',(-2.835,-1.85,0.575));
#3499 = DIRECTION('',(-0.707106781187,0.707106781187,7.149051953565E-31)
  );
#3500 = DIRECTION('',(-0.707106781187,-0.707106781187,3.238315696035E-16
    ));
#3501 = DEFINITIONAL_REPRESENTATION('',(#3502),#3506);
#3502 = LINE('',#3503,#3504);
#3503 = CARTESIAN_POINT('',(-9.899494936612E-02,0.266614));
#3504 = VECTOR('',#3505,1.);
#3505 = DIRECTION('',(-2.958228394579E-31,1.));
#3506 = ( GEOMETRIC_REPRESENTATION_CONTEXT(2) 
PARAMETRIC_REPRESENTATION_CONTEXT() REPRESENTATION_CONTEXT('2D SPACE',''
  ) );
#3507 = ORIENTED_EDGE('',*,*,#3508,.T.);
#3508 = EDGE_CURVE('',#3474,#3509,#3511,.T.);
#3509 = VERTEX_POINT('',#3510);
#3510 = CARTESIAN_POINT('',(-2.765,-1.63,0.3));
#3511 = SURFACE_CURVE('',#3512,(#3516,#3523),.PCURVE_S1.);
#3512 = LINE('',#3513,#3514);
#3513 = CARTESIAN_POINT('',(-2.765,0.694863,2.022120740741));
#3514 = VECTOR('',#3515,1.);
#3515 = DIRECTION('',(1.362972871417E-16,0.803557193345,0.595227550626)
  );
#3516 = PCURVE('',#3484,#3517);
#3517 = DEFINITIONAL_REPRESENTATION('',(#3518),#3522);
#3518 = LINE('',#3519,#3520);
#3519 = CARTESIAN_POINT('',(2.494863,-0.972120740741));
#3520 = VECTOR('',#3521,1.);
#3521 = DIRECTION('',(0.803557193345,-0.595227550626));
#3522 = ( GEOMETRIC_REPRESENTATION_CONTEXT(2) 
PARAMETRIC_REPRESENTATION_CONTEXT() REPRESENTATION_CONTEXT('2D SPACE',''
  ) );
#3523 = PCURVE('',#3524,#3529);
#3524 = PLANE('',#3525);
#3525 = AXIS2_PLACEMENT_3D('',#3526,#3527,#3528);
#3526 = CARTESIAN_POINT('',(6.765,-1.63,0.3));
#3527 = DIRECTION('',(-1.840013376412E-16,0.595227550626,-0.803557193345
    ));
#3528 = DIRECTION('',(1.362972871417E-16,0.803557193345,0.595227550626)
  );
#3529 = DEFINITIONAL_REPRESENTATION('',(#3530),#3534);
#3530 = LINE('',#3531,#3532);
#3531 = CARTESIAN_POINT('',(2.893214097584,-9.53));
#3532 = VECTOR('',#3533,1.);
#3533 = DIRECTION('',(1.,0.));
#3534 = ( GEOMETRIC_REPRESENTATION_CONTEXT(2) 
PARAMETRIC_REPRESENTATION_CONTEXT() REPRESENTATION_CONTEXT('2D SPACE',''
  ) );
#3535 = ORIENTED_EDGE('',*,*,#3536,.T.);
#3536 = EDGE_CURVE('',#3509,#3537,#3539,.T.);
#3537 = VERTEX_POINT('',#3538);
#3538 = CARTESIAN_POINT('',(-2.765,-1.2,0.3));
#3539 = SURFACE_CURVE('',#3540,(#3544,#3551),.PCURVE_S1.);
#3540 = LINE('',#3541,#3542);
#3541 = CARTESIAN_POINT('',(-2.765,0.694863,0.3));
#3542 = VECTOR('',#3543,1.);
#3543 = DIRECTION('',(5.243344273594E-32,1.,0.));
#3544 = PCURVE('',#3484,#3545);
#3545 = DEFINITIONAL_REPRESENTATION('',(#3546),#3550);
#3546 = LINE('',#3547,#3548);
#3547 = CARTESIAN_POINT('',(2.494863,0.75));
#3548 = VECTOR('',#3549,1.);
#3549 = DIRECTION('',(1.,-2.289834988289E-16));
#3550 = ( GEOMETRIC_REPRESENTATION_CONTEXT(2) 
PARAMETRIC_REPRESENTATION_CONTEXT() REPRESENTATION_CONTEXT('2D SPACE',''
  ) );
#3551 = PCURVE('',#3552,#3557);
#3552 = PLANE('',#3553);
#3553 = AXIS2_PLACEMENT_3D('',#3554,#3555,#3556);
#3554 = CARTESIAN_POINT('',(5.8375,-7.E-02,0.3));
#3555 = DIRECTION('',(-2.289834988289E-16,-2.289834988289E-16,-1.));
#3556 = DIRECTION('',(0.,-1.,2.289834988289E-16));
#3557 = DEFINITIONAL_REPRESENTATION('',(#3558),#3562);
#3558 = LINE('',#3559,#3560);
#3559 = CARTESIAN_POINT('',(-0.764863,8.6025));
#3560 = VECTOR('',#3561,1.);
#3561 = DIRECTION('',(-1.,2.080052407982E-46));
#3562 = ( GEOMETRIC_REPRESENTATION_CONTEXT(2) 
PARAMETRIC_REPRESENTATION_CONTEXT() REPRESENTATION_CONTEXT('2D SPACE',''
  ) );
#3563 = ORIENTED_EDGE('',*,*,#3564,.F.);
#3564 = EDGE_CURVE('',#3565,#3537,#3567,.T.);
#3565 = VERTEX_POINT('',#3566);
#3566 = CARTESIAN_POINT('',(-2.765,-0.7,0.33));
#3567 = SURFACE_CURVE('',#3568,(#3572,#3579),.PCURVE_S1.);
#3568 = LINE('',#3569,#3570);
#3569 = CARTESIAN_POINT('',(-2.765,0.694863,0.41369178));
#3570 = VECTOR('',#3571,1.);
#3571 = DIRECTION('',(-1.371434628377E-17,-0.998204845466,
    -5.989229072795E-02));
#3572 = PCURVE('',#3484,#3573);
#3573 = DEFINITIONAL_REPRESENTATION('',(#3574),#3578);
#3574 = LINE('',#3575,#3576);
#3575 = CARTESIAN_POINT('',(2.494863,0.63630822));
#3576 = VECTOR('',#3577,1.);
#3577 = DIRECTION('',(-0.998204845466,5.989229072795E-02));
#3578 = ( GEOMETRIC_REPRESENTATION_CONTEXT(2) 
PARAMETRIC_REPRESENTATION_CONTEXT() REPRESENTATION_CONTEXT('2D SPACE',''
  ) );
#3579 = PCURVE('',#3580,#3585);
#3580 = PLANE('',#3581);
#3581 = AXIS2_PLACEMENT_3D('',#3582,#3583,#3584);
#3582 = CARTESIAN_POINT('',(6.785,-1.2,0.3));
#3583 = DIRECTION('',(-2.285724380628E-16,5.989229072795E-02,
    -0.998204845466));
#3584 = DIRECTION('',(1.371434628377E-17,0.998204845466,
    5.989229072795E-02));
#3585 = DEFINITIONAL_REPRESENTATION('',(#3586),#3590);
#3586 = LINE('',#3587,#3588);
#3587 = CARTESIAN_POINT('',(1.898270689235,-9.55));
#3588 = VECTOR('',#3589,1.);
#3589 = DIRECTION('',(-1.,4.622231866529E-33));
#3590 = ( GEOMETRIC_REPRESENTATION_CONTEXT(2) 
PARAMETRIC_REPRESENTATION_CONTEXT() REPRESENTATION_CONTEXT('2D SPACE',''
  ) );
#3591 = ORIENTED_EDGE('',*,*,#3592,.F.);
#3592 = EDGE_CURVE('',#3593,#3565,#3595,.T.);
#3593 = VERTEX_POINT('',#3594);
#3594 = CARTESIAN_POINT('',(-2.765,-0.6,0.33));
#3595 = SURFACE_CURVE('',#3596,(#3600,#3607),.PCURVE_S1.);
#3596 = LINE('',#3597,#3598);
#3597 = CARTESIAN_POINT('',(-2.765,0.694863,0.33));
#3598 = VECTOR('',#3599,1.);
#3599 = DIRECTION('',(-2.804146475864E-32,-1.,1.065228634467E-16));
#3600 = PCURVE('',#3484,#3601);
#3601 = DEFINITIONAL_REPRESENTATION('',(#3602),#3606);
#3602 = LINE('',#3603,#3604);
#3603 = CARTESIAN_POINT('',(2.494863,0.72));
#3604 = VECTOR('',#3605,1.);
#3605 = DIRECTION('',(-1.,1.224606353822E-16));
#3606 = ( GEOMETRIC_REPRESENTATION_CONTEXT(2) 
PARAMETRIC_REPRESENTATION_CONTEXT() REPRESENTATION_CONTEXT('2D SPACE',''
  ) );
#3607 = PCURVE('',#3608,#3613);
#3608 = PLANE('',#3609);
#3609 = AXIS2_PLACEMENT_3D('',#3610,#3611,#3612);
#3610 = CARTESIAN_POINT('',(6.585,-0.6,0.33));
#3611 = DIRECTION('',(-2.289834988289E-16,-1.065228634467E-16,-1.));
#3612 = DIRECTION('',(-1.,5.243344273594E-32,2.289834988289E-16));
#3613 = DEFINITIONAL_REPRESENTATION('',(#3614),#3618);
#3614 = LINE('',#3615,#3616);
#3615 = CARTESIAN_POINT('',(9.35,1.294863));
#3616 = VECTOR('',#3617,1.);
#3617 = DIRECTION('',(9.031806508344E-47,-1.));
#3618 = ( GEOMETRIC_REPRESENTATION_CONTEXT(2) 
PARAMETRIC_REPRESENTATION_CONTEXT() REPRESENTATION_CONTEXT('2D SPACE',''
  ) );
#3619 = ORIENTED_EDGE('',*,*,#3620,.F.);
#3620 = EDGE_CURVE('',#3621,#3593,#3623,.T.);
#3621 = VERTEX_POINT('',#3622);
#3622 = CARTESIAN_POINT('',(-2.765,-0.6,0.69));
#3623 = SURFACE_CURVE('',#3624,(#3628,#3635),.PCURVE_S1.);
#3624 = LINE('',#3625,#3626);
#3625 = CARTESIAN_POINT('',(-2.765,-0.6,0.402847335292));
#3626 = VECTOR('',#3627,1.);
#3627 = DIRECTION('',(-2.289834988289E-16,-1.065228634467E-16,-1.));
#3628 = PCURVE('',#3484,#3629);
#3629 = DEFINITIONAL_REPRESENTATION('',(#3630),#3634);
#3630 = LINE('',#3631,#3632);
#3631 = CARTESIAN_POINT('',(1.2,0.647152664708));
#3632 = VECTOR('',#3633,1.);
#3633 = DIRECTION('',(1.224606353822E-16,1.));
#3634 = ( GEOMETRIC_REPRESENTATION_CONTEXT(2) 
PARAMETRIC_REPRESENTATION_CONTEXT() REPRESENTATION_CONTEXT('2D SPACE',''
  ) );
#3635 = PCURVE('',#3636,#3641);
#3636 = PLANE('',#3637);
#3637 = AXIS2_PLACEMENT_3D('',#3638,#3639,#3640);
#3638 = CARTESIAN_POINT('',(-18.62071951488,-0.6,0.48745549758));
#3639 = DIRECTION('',(-2.804146475864E-32,-1.,1.065228634467E-16));
#3640 = DIRECTION('',(-2.289834988289E-16,-1.065228634467E-16,-1.));
#3641 = DEFINITIONAL_REPRESENTATION('',(#3642),#3646);
#3642 = LINE('',#3643,#3644);
#3643 = CARTESIAN_POINT('',(8.460816228835E-02,15.855719514881));
#3644 = VECTOR('',#3645,1.);
#3645 = DIRECTION('',(1.,0.));
#3646 = ( GEOMETRIC_REPRESENTATION_CONTEXT(2) 
PARAMETRIC_REPRESENTATION_CONTEXT() REPRESENTATION_CONTEXT('2D SPACE',''
  ) );
#3647 = ORIENTED_EDGE('',*,*,#3648,.F.);
#3648 = EDGE_CURVE('',#3649,#3621,#3651,.T.);
#3649 = VERTEX_POINT('',#3650);
#3650 = CARTESIAN_POINT('',(-2.765,-0.7,0.69));
#3651 = SURFACE_CURVE('',#3652,(#3656,#3663),.PCURVE_S1.);
#3652 = LINE('',#3653,#3654);
#3653 = CARTESIAN_POINT('',(-2.765,7.493623042064E-02,0.69));
#3654 = VECTOR('',#3655,1.);
#3655 = DIRECTION('',(3.757481798336E-32,1.,-6.488950002326E-17));
#3656 = PCURVE('',#3484,#3657);
#3657 = DEFINITIONAL_REPRESENTATION('',(#3658),#3662);
#3658 = LINE('',#3659,#3660);
#3659 = CARTESIAN_POINT('',(1.874936230421,0.36));
#3660 = VECTOR('',#3661,1.);
#3661 = DIRECTION('',(1.,-1.640939988057E-16));
#3662 = ( GEOMETRIC_REPRESENTATION_CONTEXT(2) 
PARAMETRIC_REPRESENTATION_CONTEXT() REPRESENTATION_CONTEXT('2D SPACE',''
  ) );
#3663 = PCURVE('',#3664,#3669);
#3664 = PLANE('',#3665);
#3665 = AXIS2_PLACEMENT_3D('',#3666,#3667,#3668);
#3666 = CARTESIAN_POINT('',(-6.785,-0.6,0.69));
#3667 = DIRECTION('',(-2.289834988289E-16,-6.488950002326E-17,-1.));
#3668 = DIRECTION('',(-3.757481798336E-32,-1.,6.488950002326E-17));
#3669 = DEFINITIONAL_REPRESENTATION('',(#3670),#3674);
#3670 = LINE('',#3671,#3672);
#3671 = CARTESIAN_POINT('',(-0.674936230421,-4.02));
#3672 = VECTOR('',#3673,1.);
#3673 = DIRECTION('',(-1.,-2.736911063134E-48));
#3674 = ( GEOMETRIC_REPRESENTATION_CONTEXT(2) 
PARAMETRIC_REPRESENTATION_CONTEXT() REPRESENTATION_CONTEXT('2D SPACE',''
  ) );
#3675 = ORIENTED_EDGE('',*,*,#3676,.T.);
#3676 = EDGE_CURVE('',#3649,#3677,#3679,.T.);
#3677 = VERTEX_POINT('',#3678);
#3678 = CARTESIAN_POINT('',(-2.765,-1.1,0.72));
#3679 = SURFACE_CURVE('',#3680,(#3684,#3691),.PCURVE_S1.);
#3680 = LINE('',#3681,#3682);
#3681 = CARTESIAN_POINT('',(-2.765,-0.7,0.69));
#3682 = VECTOR('',#3683,1.);
#3683 = DIRECTION('',(1.71256640256E-17,-0.997199309888,
    7.478994824163E-02));
#3684 = PCURVE('',#3484,#3685);
#3685 = DEFINITIONAL_REPRESENTATION('',(#3686),#3690);
#3686 = LINE('',#3687,#3688);
#3687 = CARTESIAN_POINT('',(1.1,0.36));
#3688 = VECTOR('',#3689,1.);
#3689 = DIRECTION('',(-0.997199309888,-7.478994824163E-02));
#3690 = ( GEOMETRIC_REPRESENTATION_CONTEXT(2) 
PARAMETRIC_REPRESENTATION_CONTEXT() REPRESENTATION_CONTEXT('2D SPACE',''
  ) );
#3691 = PCURVE('',#3692,#3697);
#3692 = PLANE('',#3693);
#3693 = AXIS2_PLACEMENT_3D('',#3694,#3695,#3696);
#3694 = CARTESIAN_POINT('',(6.765,-0.7,0.69));
#3695 = DIRECTION('',(2.283421870081E-16,7.478994824163E-02,
    0.997199309888));
#3696 = DIRECTION('',(1.71256640256E-17,-0.997199309888,
    7.478994824163E-02));
#3697 = DEFINITIONAL_REPRESENTATION('',(#3698),#3702);
#3698 = LINE('',#3699,#3700);
#3699 = CARTESIAN_POINT('',(1.135708303306E-16,-9.53));
#3700 = VECTOR('',#3701,1.);
#3701 = DIRECTION('',(1.,-9.244463733059E-33));
#3702 = ( GEOMETRIC_REPRESENTATION_CONTEXT(2) 
PARAMETRIC_REPRESENTATION_CONTEXT() REPRESENTATION_CONTEXT('2D SPACE',''
  ) );
#3703 = ORIENTED_EDGE('',*,*,#3704,.T.);
#3704 = EDGE_CURVE('',#3677,#3705,#3707,.T.);
#3705 = VERTEX_POINT('',#3706);
#3706 = CARTESIAN_POINT('',(-2.765,-1.65,0.72));
#3707 = SURFACE_CURVE('',#3708,(#3712,#3719),.PCURVE_S1.);
#3708 = LINE('',#3709,#3710);
#3709 = CARTESIAN_POINT('',(-2.765,-1.2,0.72));
#3710 = VECTOR('',#3711,1.);
#3711 = DIRECTION('',(-5.243344273594E-32,-1.,0.));
#3712 = PCURVE('',#3484,#3713);
#3713 = DEFINITIONAL_REPRESENTATION('',(#3714),#3718);
#3714 = LINE('',#3715,#3716);
#3715 = CARTESIAN_POINT('',(0.6,0.33));
#3716 = VECTOR('',#3717,1.);
#3717 = DIRECTION('',(-1.,2.289834988289E-16));
#3718 = ( GEOMETRIC_REPRESENTATION_CONTEXT(2) 
PARAMETRIC_REPRESENTATION_CONTEXT() REPRESENTATION_CONTEXT('2D SPACE',''
  ) );
#3719 = PCURVE('',#3720,#3725);
#3720 = PLANE('',#3721);
#3721 = AXIS2_PLACEMENT_3D('',#3722,#3723,#3724);
#3722 = CARTESIAN_POINT('',(-6.785,-1.2,0.72));
#3723 = DIRECTION('',(-2.289834988289E-16,-1.065228634467E-16,-1.));
#3724 = DIRECTION('',(-2.804146475864E-32,-1.,1.065228634467E-16));
#3725 = DEFINITIONAL_REPRESENTATION('',(#3726),#3730);
#3726 = LINE('',#3727,#3728);
#3727 = CARTESIAN_POINT('',(-2.073379968478E-31,-4.02));
#3728 = VECTOR('',#3729,1.);
#3729 = DIRECTION('',(1.,-8.484424295717E-47));
#3730 = ( GEOMETRIC_REPRESENTATION_CONTEXT(2) 
PARAMETRIC_REPRESENTATION_CONTEXT() REPRESENTATION_CONTEXT('2D SPACE',''
  ) );
#3731 = ORIENTED_EDGE('',*,*,#3732,.T.);
#3732 = EDGE_CURVE('',#3705,#3476,#3733,.T.);
#3733 = SURFACE_CURVE('',#3734,(#3738,#3745),.PCURVE_S1.);
#3734 = LINE('',#3735,#3736);
#3735 = CARTESIAN_POINT('',(-2.765,-1.7412105,0.841614));
#3736 = VECTOR('',#3737,1.);
#3737 = DIRECTION('',(1.831867990632E-16,-0.6,0.8));
#3738 = PCURVE('',#3484,#3739);
#3739 = DEFINITIONAL_REPRESENTATION('',(#3740),#3744);
#3740 = LINE('',#3741,#3742);
#3741 = CARTESIAN_POINT('',(5.87895E-02,0.208386));
#3742 = VECTOR('',#3743,1.);
#3743 = DIRECTION('',(-0.6,-0.8));
#3744 = ( GEOMETRIC_REPRESENTATION_CONTEXT(2) 
PARAMETRIC_REPRESENTATION_CONTEXT() REPRESENTATION_CONTEXT('2D SPACE',''
  ) );
#3745 = PCURVE('',#3746,#3751);
#3746 = PLANE('',#3747);
#3747 = AXIS2_PLACEMENT_3D('',#3748,#3749,#3750);
#3748 = CARTESIAN_POINT('',(6.785,-1.65,0.72));
#3749 = DIRECTION('',(1.373900992974E-16,0.8,0.6));
#3750 = DIRECTION('',(1.831867990632E-16,-0.6,0.8));
#3751 = DEFINITIONAL_REPRESENTATION('',(#3752),#3756);
#3752 = LINE('',#3753,#3754);
#3753 = CARTESIAN_POINT('',(0.1520175,-9.55));
#3754 = VECTOR('',#3755,1.);
#3755 = DIRECTION('',(1.,2.465190328816E-32));
#3756 = ( GEOMETRIC_REPRESENTATION_CONTEXT(2) 
PARAMETRIC_REPRESENTATION_CONTEXT() REPRESENTATION_CONTEXT('2D SPACE',''
  ) );
#3757 = ADVANCED_FACE('',(#3758),#3772,.F.);
#3758 = FACE_BOUND('',#3759,.T.);
#3759 = EDGE_LOOP('',(#3760,#3795,#3818,#3841));
#3760 = ORIENTED_EDGE('',*,*,#3761,.F.);
#3761 = EDGE_CURVE('',#3762,#3764,#3766,.T.);
#3762 = VERTEX_POINT('',#3763);
#3763 = CARTESIAN_POINT('',(-3.0025,-0.8,0.18));
#3764 = VERTEX_POINT('',#3765);
#3765 = CARTESIAN_POINT('',(-3.0025,-1.85,0.18));
#3766 = SURFACE_CURVE('',#3767,(#3771,#3783),.PCURVE_S1.);
#3767 = LINE('',#3768,#3769);
#3768 = CARTESIAN_POINT('',(-3.0025,7.493623042064E-02,0.18));
#3769 = VECTOR('',#3770,1.);
#3770 = DIRECTION('',(-2.804146475864E-32,-1.,1.065228634467E-16));
#3771 = PCURVE('',#3772,#3777);
#3772 = PLANE('',#3773);
#3773 = AXIS2_PLACEMENT_3D('',#3774,#3775,#3776);
#3774 = CARTESIAN_POINT('',(-2.9775,-1.35,0.155));
#3775 = DIRECTION('',(0.707106781187,7.532303909457E-17,0.707106781187)
  );
#3776 = DIRECTION('',(0.707106781187,-7.532303909457E-17,-0.707106781187
    ));
#3777 = DEFINITIONAL_REPRESENTATION('',(#3778),#3782);
#3778 = LINE('',#3779,#3780);
#3779 = CARTESIAN_POINT('',(-3.535533905933E-02,1.424936230421));
#3780 = VECTOR('',#3781,1.);
#3781 = DIRECTION('',(-6.162975822039E-32,-1.));
#3782 = ( GEOMETRIC_REPRESENTATION_CONTEXT(2) 
PARAMETRIC_REPRESENTATION_CONTEXT() REPRESENTATION_CONTEXT('2D SPACE',''
  ) );
#3783 = PCURVE('',#3784,#3789);
#3784 = PLANE('',#3785);
#3785 = AXIS2_PLACEMENT_3D('',#3786,#3787,#3788);
#3786 = CARTESIAN_POINT('',(-2.9525,-1.9,0.18));
#3787 = DIRECTION('',(2.289834988289E-16,1.065228634467E-16,1.));
#3788 = DIRECTION('',(1.,-5.243344273594E-32,-2.289834988289E-16));
#3789 = DEFINITIONAL_REPRESENTATION('',(#3790),#3794);
#3790 = LINE('',#3791,#3792);
#3791 = CARTESIAN_POINT('',(-5.E-02,1.974936230421));
#3792 = VECTOR('',#3793,1.);
#3793 = DIRECTION('',(-9.031806508344E-47,-1.));
#3794 = ( GEOMETRIC_REPRESENTATION_CONTEXT(2) 
PARAMETRIC_REPRESENTATION_CONTEXT() REPRESENTATION_CONTEXT('2D SPACE',''
  ) );
#3795 = ORIENTED_EDGE('',*,*,#3796,.T.);
#3796 = EDGE_CURVE('',#3762,#3797,#3799,.T.);
#3797 = VERTEX_POINT('',#3798);
#3798 = CARTESIAN_POINT('',(-2.9525,-0.8,0.13));
#3799 = SURFACE_CURVE('',#3800,(#3804,#3811),.PCURVE_S1.);
#3800 = LINE('',#3801,#3802);
#3801 = CARTESIAN_POINT('',(-3.1025,-0.8,0.28));
#3802 = VECTOR('',#3803,1.);
#3803 = DIRECTION('',(0.707106781187,-7.532303909457E-17,-0.707106781187
    ));
#3804 = PCURVE('',#3772,#3805);
#3805 = DEFINITIONAL_REPRESENTATION('',(#3806),#3810);
#3806 = LINE('',#3807,#3808);
#3807 = CARTESIAN_POINT('',(-0.176776695297,0.55));
#3808 = VECTOR('',#3809,1.);
#3809 = DIRECTION('',(1.,8.628166150855E-32));
#3810 = ( GEOMETRIC_REPRESENTATION_CONTEXT(2) 
PARAMETRIC_REPRESENTATION_CONTEXT() REPRESENTATION_CONTEXT('2D SPACE',''
  ) );
#3811 = PCURVE('',#1006,#3812);
#3812 = DEFINITIONAL_REPRESENTATION('',(#3813),#3817);
#3813 = LINE('',#3814,#3815);
#3814 = CARTESIAN_POINT('',(0.276369515365,-0.16882167131));
#3815 = VECTOR('',#3816,1.);
#3816 = DIRECTION('',(0.707106781187,0.707106781187));
#3817 = ( GEOMETRIC_REPRESENTATION_CONTEXT(2) 
PARAMETRIC_REPRESENTATION_CONTEXT() REPRESENTATION_CONTEXT('2D SPACE',''
  ) );
#3818 = ORIENTED_EDGE('',*,*,#3819,.F.);
#3819 = EDGE_CURVE('',#3820,#3797,#3822,.T.);
#3820 = VERTEX_POINT('',#3821);
#3821 = CARTESIAN_POINT('',(-2.9525,-1.9,0.13));
#3822 = SURFACE_CURVE('',#3823,(#3827,#3834),.PCURVE_S1.);
#3823 = LINE('',#3824,#3825);
#3824 = CARTESIAN_POINT('',(-2.9525,7.493623042064E-02,0.13));
#3825 = VECTOR('',#3826,1.);
#3826 = DIRECTION('',(2.804146475864E-32,1.,-1.065228634467E-16));
#3827 = PCURVE('',#3772,#3828);
#3828 = DEFINITIONAL_REPRESENTATION('',(#3829),#3833);
#3829 = LINE('',#3830,#3831);
#3830 = CARTESIAN_POINT('',(3.535533905933E-02,1.424936230421));
#3831 = VECTOR('',#3832,1.);
#3832 = DIRECTION('',(6.162975822039E-32,1.));
#3833 = ( GEOMETRIC_REPRESENTATION_CONTEXT(2) 
PARAMETRIC_REPRESENTATION_CONTEXT() REPRESENTATION_CONTEXT('2D SPACE',''
  ) );
#3834 = PCURVE('',#980,#3835);
#3835 = DEFINITIONAL_REPRESENTATION('',(#3836),#3840);
#3836 = LINE('',#3837,#3838);
#3837 = CARTESIAN_POINT('',(-0.1,1.974936230421));
#3838 = VECTOR('',#3839,1.);
#3839 = DIRECTION('',(0.,1.));
#3840 = ( GEOMETRIC_REPRESENTATION_CONTEXT(2) 
PARAMETRIC_REPRESENTATION_CONTEXT() REPRESENTATION_CONTEXT('2D SPACE',''
  ) );
#3841 = ORIENTED_EDGE('',*,*,#3842,.T.);
#3842 = EDGE_CURVE('',#3820,#3764,#3843,.T.);
#3843 = SURFACE_CURVE('',#3844,(#3848,#3855),.PCURVE_S1.);
#3844 = LINE('',#3845,#3846);
#3845 = CARTESIAN_POINT('',(-5.547363,0.694863,2.724863));
#3846 = VECTOR('',#3847,1.);
#3847 = DIRECTION('',(-0.57735026919,0.57735026919,0.57735026919));
#3848 = PCURVE('',#3772,#3849);
#3849 = DEFINITIONAL_REPRESENTATION('',(#3850),#3854);
#3850 = LINE('',#3851,#3852);
#3851 = CARTESIAN_POINT('',(-3.634335108041,2.044863));
#3852 = VECTOR('',#3853,1.);
#3853 = DIRECTION('',(-0.816496580928,0.57735026919));
#3854 = ( GEOMETRIC_REPRESENTATION_CONTEXT(2) 
PARAMETRIC_REPRESENTATION_CONTEXT() REPRESENTATION_CONTEXT('2D SPACE',''
  ) );
#3855 = PCURVE('',#3856,#3861);
#3856 = PLANE('',#3857);
#3857 = AXIS2_PLACEMENT_3D('',#3858,#3859,#3860);
#3858 = CARTESIAN_POINT('',(-3.0275,-1.825,0.615));
#3859 = DIRECTION('',(0.707106781187,0.707106781187,-3.238315696035E-16)
  );
#3860 = DIRECTION('',(-0.707106781187,0.707106781187,-1.454462294001E-30
    ));
#3861 = DEFINITIONAL_REPRESENTATION('',(#3862),#3866);
#3862 = LINE('',#3863,#3864);
#3863 = CARTESIAN_POINT('',(3.563624429922,2.109863));
#3864 = VECTOR('',#3865,1.);
#3865 = DIRECTION('',(0.816496580928,0.57735026919));
#3866 = ( GEOMETRIC_REPRESENTATION_CONTEXT(2) 
PARAMETRIC_REPRESENTATION_CONTEXT() REPRESENTATION_CONTEXT('2D SPACE',''
  ) );
#3867 = ADVANCED_FACE('',(#3868),#3882,.T.);
#3868 = FACE_BOUND('',#3869,.T.);
#3869 = EDGE_LOOP('',(#3870,#3905,#3928,#3956));
#3870 = ORIENTED_EDGE('',*,*,#3871,.T.);
#3871 = EDGE_CURVE('',#3872,#3874,#3876,.T.);
#3872 = VERTEX_POINT('',#3873);
#3873 = CARTESIAN_POINT('',(-1.325,1.3,0.11));
#3874 = VERTEX_POINT('',#3875);
#3875 = CARTESIAN_POINT('',(-1.175,1.3,0.11));
#3876 = SURFACE_CURVE('',#3877,(#3881,#3893),.PCURVE_S1.);
#3877 = LINE('',#3878,#3879);
#3878 = CARTESIAN_POINT('',(-1.325,1.3,0.11));
#3879 = VECTOR('',#3880,1.);
#3880 = DIRECTION('',(1.,-5.243344273594E-32,-2.289834988289E-16));
#3881 = PCURVE('',#3882,#3887);
#3882 = PLANE('',#3883);
#3883 = AXIS2_PLACEMENT_3D('',#3884,#3885,#3886);
#3884 = CARTESIAN_POINT('',(-1.325,1.3,0.11));
#3885 = DIRECTION('',(0.,1.,-2.289834988289E-16));
#3886 = DIRECTION('',(-2.289834988289E-16,-2.289834988289E-16,-1.));
#3887 = DEFINITIONAL_REPRESENTATION('',(#3888),#3892);
#3888 = LINE('',#3889,#3890);
#3889 = CARTESIAN_POINT('',(-0.,0.));
#3890 = VECTOR('',#3891,1.);
#3891 = DIRECTION('',(0.,-1.));
#3892 = ( GEOMETRIC_REPRESENTATION_CONTEXT(2) 
PARAMETRIC_REPRESENTATION_CONTEXT() REPRESENTATION_CONTEXT('2D SPACE',''
  ) );
#3893 = PCURVE('',#3894,#3899);
#3894 = CYLINDRICAL_SURFACE('',#3895,5.E-02);
#3895 = AXIS2_PLACEMENT_3D('',#3896,#3897,#3898);
#3896 = CARTESIAN_POINT('',(-1.325,1.35,0.11));
#3897 = DIRECTION('',(1.,-5.243344273594E-32,-2.289834988289E-16));
#3898 = DIRECTION('',(-2.080052407982E-46,1.,-2.289834988289E-16));
#3899 = DEFINITIONAL_REPRESENTATION('',(#3900),#3904);
#3900 = LINE('',#3901,#3902);
#3901 = CARTESIAN_POINT('',(3.14159265359,0.));
#3902 = VECTOR('',#3903,1.);
#3903 = DIRECTION('',(0.,1.));
#3904 = ( GEOMETRIC_REPRESENTATION_CONTEXT(2) 
PARAMETRIC_REPRESENTATION_CONTEXT() REPRESENTATION_CONTEXT('2D SPACE',''
  ) );
#3905 = ORIENTED_EDGE('',*,*,#3906,.T.);
#3906 = EDGE_CURVE('',#3874,#3907,#3909,.T.);
#3907 = VERTEX_POINT('',#3908);
#3908 = CARTESIAN_POINT('',(-1.175,1.3,5.E-02));
#3909 = SURFACE_CURVE('',#3910,(#3914,#3921),.PCURVE_S1.);
#3910 = LINE('',#3911,#3912);
#3911 = CARTESIAN_POINT('',(-1.175,1.3,0.841614));
#3912 = VECTOR('',#3913,1.);
#3913 = DIRECTION('',(-2.289834988289E-16,-2.289834988289E-16,-1.));
#3914 = PCURVE('',#3882,#3915);
#3915 = DEFINITIONAL_REPRESENTATION('',(#3916),#3920);
#3916 = LINE('',#3917,#3918);
#3917 = CARTESIAN_POINT('',(-0.731614,-0.15));
#3918 = VECTOR('',#3919,1.);
#3919 = DIRECTION('',(1.,0.));
#3920 = ( GEOMETRIC_REPRESENTATION_CONTEXT(2) 
PARAMETRIC_REPRESENTATION_CONTEXT() REPRESENTATION_CONTEXT('2D SPACE',''
  ) );
#3921 = PCURVE('',#1287,#3922);
#3922 = DEFINITIONAL_REPRESENTATION('',(#3923),#3927);
#3923 = LINE('',#3924,#3925);
#3924 = CARTESIAN_POINT('',(5.422092460224E-02,0.671113768985));
#3925 = VECTOR('',#3926,1.);
#3926 = DIRECTION('',(-2.289834988289E-16,-1.));
#3927 = ( GEOMETRIC_REPRESENTATION_CONTEXT(2) 
PARAMETRIC_REPRESENTATION_CONTEXT() REPRESENTATION_CONTEXT('2D SPACE',''
  ) );
#3928 = ORIENTED_EDGE('',*,*,#3929,.F.);
#3929 = EDGE_CURVE('',#3930,#3907,#3932,.T.);
#3930 = VERTEX_POINT('',#3931);
#3931 = CARTESIAN_POINT('',(-1.325,1.3,5.E-02));
#3932 = SURFACE_CURVE('',#3933,(#3937,#3944),.PCURVE_S1.);
#3933 = LINE('',#3934,#3935);
#3934 = CARTESIAN_POINT('',(-1.325,1.3,5.E-02));
#3935 = VECTOR('',#3936,1.);
#3936 = DIRECTION('',(1.,-5.243344273594E-32,-2.289834988289E-16));
#3937 = PCURVE('',#3882,#3938);
#3938 = DEFINITIONAL_REPRESENTATION('',(#3939),#3943);
#3939 = LINE('',#3940,#3941);
#3940 = CARTESIAN_POINT('',(6.E-02,-1.373900992974E-17));
#3941 = VECTOR('',#3942,1.);
#3942 = DIRECTION('',(0.,-1.));
#3943 = ( GEOMETRIC_REPRESENTATION_CONTEXT(2) 
PARAMETRIC_REPRESENTATION_CONTEXT() REPRESENTATION_CONTEXT('2D SPACE',''
  ) );
#3944 = PCURVE('',#3945,#3950);
#3945 = PLANE('',#3946);
#3946 = AXIS2_PLACEMENT_3D('',#3947,#3948,#3949);
#3947 = CARTESIAN_POINT('',(-1.325,1.3,5.E-02));
#3948 = DIRECTION('',(-1.619157848018E-16,0.707106781186,-0.707106781187
    ));
#3949 = DIRECTION('',(-1.619157848018E-16,-0.707106781187,
    -0.707106781186));
#3950 = DEFINITIONAL_REPRESENTATION('',(#3951),#3955);
#3951 = LINE('',#3952,#3953);
#3952 = CARTESIAN_POINT('',(-0.,0.));
#3953 = VECTOR('',#3954,1.);
#3954 = DIRECTION('',(2.465190328816E-32,-1.));
#3955 = ( GEOMETRIC_REPRESENTATION_CONTEXT(2) 
PARAMETRIC_REPRESENTATION_CONTEXT() REPRESENTATION_CONTEXT('2D SPACE',''
  ) );
#3956 = ORIENTED_EDGE('',*,*,#3957,.F.);
#3957 = EDGE_CURVE('',#3872,#3930,#3958,.T.);
#3958 = SURFACE_CURVE('',#3959,(#3963,#3970),.PCURVE_S1.);
#3959 = LINE('',#3960,#3961);
#3960 = CARTESIAN_POINT('',(-1.325,1.3,0.11));
#3961 = VECTOR('',#3962,1.);
#3962 = DIRECTION('',(-2.289834988289E-16,-2.289834988289E-16,-1.));
#3963 = PCURVE('',#3882,#3964);
#3964 = DEFINITIONAL_REPRESENTATION('',(#3965),#3969);
#3965 = LINE('',#3966,#3967);
#3966 = CARTESIAN_POINT('',(-0.,0.));
#3967 = VECTOR('',#3968,1.);
#3968 = DIRECTION('',(1.,0.));
#3969 = ( GEOMETRIC_REPRESENTATION_CONTEXT(2) 
PARAMETRIC_REPRESENTATION_CONTEXT() REPRESENTATION_CONTEXT('2D SPACE',''
  ) );
#3970 = PCURVE('',#1342,#3971);
#3971 = DEFINITIONAL_REPRESENTATION('',(#3972),#3976);
#3972 = LINE('',#3973,#3974);
#3973 = CARTESIAN_POINT('',(5.422092460224E-02,-6.050023101547E-02));
#3974 = VECTOR('',#3975,1.);
#3975 = DIRECTION('',(-2.289834988289E-16,-1.));
#3976 = ( GEOMETRIC_REPRESENTATION_CONTEXT(2) 
PARAMETRIC_REPRESENTATION_CONTEXT() REPRESENTATION_CONTEXT('2D SPACE',''
  ) );
#3977 = ADVANCED_FACE('',(#3978),#3992,.T.);
#3978 = FACE_BOUND('',#3979,.T.);
#3979 = EDGE_LOOP('',(#3980,#4015,#4043,#4066));
#3980 = ORIENTED_EDGE('',*,*,#3981,.F.);
#3981 = EDGE_CURVE('',#3982,#3984,#3986,.T.);
#3982 = VERTEX_POINT('',#3983);
#3983 = CARTESIAN_POINT('',(1.9,1.,8.E-02));
#3984 = VERTEX_POINT('',#3985);
#3985 = CARTESIAN_POINT('',(1.9,0.92,8.E-02));
#3986 = SURFACE_CURVE('',#3987,(#3991,#4003),.PCURVE_S1.);
#3987 = LINE('',#3988,#3989);
#3988 = CARTESIAN_POINT('',(1.9,0.694863,8.E-02));
#3989 = VECTOR('',#3990,1.);
#3990 = DIRECTION('',(-1.224606353822E-16,-1.,2.289834988289E-16));
#3991 = PCURVE('',#3992,#3997);
#3992 = PLANE('',#3993);
#3993 = AXIS2_PLACEMENT_3D('',#3994,#3995,#3996);
#3994 = CARTESIAN_POINT('',(1.925,0.85,5.5E-02));
#3995 = DIRECTION('',(-0.707106781187,-7.532303909457E-17,
    -0.707106781187));
#3996 = DIRECTION('',(0.707106781187,6.231304445401E-16,-0.707106781187)
  );
#3997 = DEFINITIONAL_REPRESENTATION('',(#3998),#4002);
#3998 = LINE('',#3999,#4000);
#3999 = CARTESIAN_POINT('',(-3.535533905933E-02,0.155137));
#4000 = VECTOR('',#4001,1.);
#4001 = DIRECTION('',(-8.716389750491E-16,1.));
#4002 = ( GEOMETRIC_REPRESENTATION_CONTEXT(2) 
PARAMETRIC_REPRESENTATION_CONTEXT() REPRESENTATION_CONTEXT('2D SPACE',''
  ) );
#4003 = PCURVE('',#4004,#4009);
#4004 = PLANE('',#4005);
#4005 = AXIS2_PLACEMENT_3D('',#4006,#4007,#4008);
#4006 = CARTESIAN_POINT('',(1.6625,1.,8.E-02));
#4007 = DIRECTION('',(-2.289834988289E-16,-2.289834988289E-16,-1.));
#4008 = DIRECTION('',(0.,-1.,2.289834988289E-16));
#4009 = DEFINITIONAL_REPRESENTATION('',(#4010),#4014);
#4010 = LINE('',#4011,#4012);
#4011 = CARTESIAN_POINT('',(0.305137,-0.2375));
#4012 = VECTOR('',#4013,1.);
#4013 = DIRECTION('',(1.,1.224606353822E-16));
#4014 = ( GEOMETRIC_REPRESENTATION_CONTEXT(2) 
PARAMETRIC_REPRESENTATION_CONTEXT() REPRESENTATION_CONTEXT('2D SPACE',''
  ) );
#4015 = ORIENTED_EDGE('',*,*,#4016,.F.);
#4016 = EDGE_CURVE('',#4017,#3982,#4019,.T.);
#4017 = VERTEX_POINT('',#4018);
#4018 = CARTESIAN_POINT('',(1.95,1.,3.E-02));
#4019 = SURFACE_CURVE('',#4020,(#4024,#4031),.PCURVE_S1.);
#4020 = LINE('',#4021,#4022);
#4021 = CARTESIAN_POINT('',(-13.5,1.,15.48));
#4022 = VECTOR('',#4023,1.);
#4023 = DIRECTION('',(-0.707106781187,1.064046335705E-16,0.707106781187)
  );
#4024 = PCURVE('',#3992,#4025);
#4025 = DEFINITIONAL_REPRESENTATION('',(#4026),#4030);
#4026 = LINE('',#4027,#4028);
#4027 = CARTESIAN_POINT('',(-21.8142441996,-0.15));
#4028 = VECTOR('',#4029,1.);
#4029 = DIRECTION('',(-1.,-7.295350781106E-16));
#4030 = ( GEOMETRIC_REPRESENTATION_CONTEXT(2) 
PARAMETRIC_REPRESENTATION_CONTEXT() REPRESENTATION_CONTEXT('2D SPACE',''
  ) );
#4031 = PCURVE('',#4032,#4037);
#4032 = PLANE('',#4033);
#4033 = AXIS2_PLACEMENT_3D('',#4034,#4035,#4036);
#4034 = CARTESIAN_POINT('',(2.325,1.,0.31));
#4035 = DIRECTION('',(2.804146475864E-32,1.,-1.065228634467E-16));
#4036 = DIRECTION('',(-2.289834988289E-16,-1.065228634467E-16,-1.));
#4037 = DEFINITIONAL_REPRESENTATION('',(#4038),#4042);
#4038 = LINE('',#4039,#4040);
#4039 = CARTESIAN_POINT('',(-15.17,15.825));
#4040 = VECTOR('',#4041,1.);
#4041 = DIRECTION('',(-0.707106781187,0.707106781187));
#4042 = ( GEOMETRIC_REPRESENTATION_CONTEXT(2) 
PARAMETRIC_REPRESENTATION_CONTEXT() REPRESENTATION_CONTEXT('2D SPACE',''
  ) );
#4043 = ORIENTED_EDGE('',*,*,#4044,.F.);
#4044 = EDGE_CURVE('',#4045,#4017,#4047,.T.);
#4045 = VERTEX_POINT('',#4046);
#4046 = CARTESIAN_POINT('',(1.95,0.7,3.E-02));
#4047 = SURFACE_CURVE('',#4048,(#4052,#4059),.PCURVE_S1.);
#4048 = LINE('',#4049,#4050);
#4049 = CARTESIAN_POINT('',(1.95,0.694863,3.E-02));
#4050 = VECTOR('',#4051,1.);
#4051 = DIRECTION('',(1.932570076653E-32,1.,-1.065228634467E-16));
#4052 = PCURVE('',#3992,#4053);
#4053 = DEFINITIONAL_REPRESENTATION('',(#4054),#4058);
#4054 = LINE('',#4055,#4056);
#4055 = CARTESIAN_POINT('',(3.535533905933E-02,0.155137));
#4056 = VECTOR('',#4057,1.);
#4057 = DIRECTION('',(6.984534836347E-16,-1.));
#4058 = ( GEOMETRIC_REPRESENTATION_CONTEXT(2) 
PARAMETRIC_REPRESENTATION_CONTEXT() REPRESENTATION_CONTEXT('2D SPACE',''
  ) );
#4059 = PCURVE('',#667,#4060);
#4060 = DEFINITIONAL_REPRESENTATION('',(#4061),#4065);
#4061 = LINE('',#4062,#4063);
#4062 = CARTESIAN_POINT('',(0.305137,-49.0525));
#4063 = VECTOR('',#4064,1.);
#4064 = DIRECTION('',(-1.,8.715763992105E-33));
#4065 = ( GEOMETRIC_REPRESENTATION_CONTEXT(2) 
PARAMETRIC_REPRESENTATION_CONTEXT() REPRESENTATION_CONTEXT('2D SPACE',''
  ) );
#4066 = ORIENTED_EDGE('',*,*,#4067,.T.);
#4067 = EDGE_CURVE('',#4045,#3984,#4068,.T.);
#4068 = SURFACE_CURVE('',#4069,(#4073,#4080),.PCURVE_S1.);
#4069 = LINE('',#4070,#4071);
#4070 = CARTESIAN_POINT('',(1.9511675,0.694863,2.88325E-02));
#4071 = VECTOR('',#4072,1.);
#4072 = DIRECTION('',(-0.216371161204,0.952033109297,0.216371161204));
#4073 = PCURVE('',#3992,#4074);
#4074 = DEFINITIONAL_REPRESENTATION('',(#4075),#4079);
#4075 = LINE('',#4076,#4077);
#4076 = CARTESIAN_POINT('',(3.70064333934E-02,0.155137));
#4077 = VECTOR('',#4078,1.);
#4078 = DIRECTION('',(-0.305995030681,-0.952033109297));
#4079 = ( GEOMETRIC_REPRESENTATION_CONTEXT(2) 
PARAMETRIC_REPRESENTATION_CONTEXT() REPRESENTATION_CONTEXT('2D SPACE',''
  ) );
#4080 = PCURVE('',#4081,#4086);
#4081 = PLANE('',#4082);
#4082 = AXIS2_PLACEMENT_3D('',#4083,#4084,#4085);
#4083 = CARTESIAN_POINT('',(1.6625,0.92,8.E-02));
#4084 = DIRECTION('',(-2.232893331422E-16,0.221621103589,-0.975132855791
    ));
#4085 = DIRECTION('',(-5.074757571413E-17,-0.975132855791,
    -0.221621103589));
#4086 = DEFINITIONAL_REPRESENTATION('',(#4087),#4091);
#4087 = LINE('',#4088,#4089);
#4088 = CARTESIAN_POINT('',(0.230878283572,-0.2886675));
#4089 = VECTOR('',#4090,1.);
#4090 = DIRECTION('',(-0.976311180208,0.216371161204));
#4091 = ( GEOMETRIC_REPRESENTATION_CONTEXT(2) 
PARAMETRIC_REPRESENTATION_CONTEXT() REPRESENTATION_CONTEXT('2D SPACE',''
  ) );
#4092 = ADVANCED_FACE('',(#4093),#3552,.F.);
#4093 = FACE_BOUND('',#4094,.T.);
#4094 = EDGE_LOOP('',(#4095,#4118,#4146,#4167));
#4095 = ORIENTED_EDGE('',*,*,#4096,.F.);
#4096 = EDGE_CURVE('',#4097,#3509,#4099,.T.);
#4097 = VERTEX_POINT('',#4098);
#4098 = CARTESIAN_POINT('',(2.765,-1.63,0.3));
#4099 = SURFACE_CURVE('',#4100,(#4104,#4111),.PCURVE_S1.);
#4100 = LINE('',#4101,#4102);
#4101 = CARTESIAN_POINT('',(-2.235,-1.63,0.3));
#4102 = VECTOR('',#4103,1.);
#4103 = DIRECTION('',(-1.,5.243344273594E-32,2.289834988289E-16));
#4104 = PCURVE('',#3552,#4105);
#4105 = DEFINITIONAL_REPRESENTATION('',(#4106),#4110);
#4106 = LINE('',#4107,#4108);
#4107 = CARTESIAN_POINT('',(1.56,8.0725));
#4108 = VECTOR('',#4109,1.);
#4109 = DIRECTION('',(2.080052407982E-46,1.));
#4110 = ( GEOMETRIC_REPRESENTATION_CONTEXT(2) 
PARAMETRIC_REPRESENTATION_CONTEXT() REPRESENTATION_CONTEXT('2D SPACE',''
  ) );
#4111 = PCURVE('',#3524,#4112);
#4112 = DEFINITIONAL_REPRESENTATION('',(#4113),#4117);
#4113 = LINE('',#4114,#4115);
#4114 = CARTESIAN_POINT('',(-4.130220822471E-18,-9.));
#4115 = VECTOR('',#4116,1.);
#4116 = DIRECTION('',(6.902532920684E-31,-1.));
#4117 = ( GEOMETRIC_REPRESENTATION_CONTEXT(2) 
PARAMETRIC_REPRESENTATION_CONTEXT() REPRESENTATION_CONTEXT('2D SPACE',''
  ) );
#4118 = ORIENTED_EDGE('',*,*,#4119,.T.);
#4119 = EDGE_CURVE('',#4097,#4120,#4122,.T.);
#4120 = VERTEX_POINT('',#4121);
#4121 = CARTESIAN_POINT('',(2.765,-1.2,0.3));
#4122 = SURFACE_CURVE('',#4123,(#4127,#4134),.PCURVE_S1.);
#4123 = LINE('',#4124,#4125);
#4124 = CARTESIAN_POINT('',(2.765,0.694863,0.3));
#4125 = VECTOR('',#4126,1.);
#4126 = DIRECTION('',(5.243344273594E-32,1.,0.));
#4127 = PCURVE('',#3552,#4128);
#4128 = DEFINITIONAL_REPRESENTATION('',(#4129),#4133);
#4129 = LINE('',#4130,#4131);
#4130 = CARTESIAN_POINT('',(-0.764863,3.0725));
#4131 = VECTOR('',#4132,1.);
#4132 = DIRECTION('',(-1.,2.080052407982E-46));
#4133 = ( GEOMETRIC_REPRESENTATION_CONTEXT(2) 
PARAMETRIC_REPRESENTATION_CONTEXT() REPRESENTATION_CONTEXT('2D SPACE',''
  ) );
#4134 = PCURVE('',#4135,#4140);
#4135 = PLANE('',#4136);
#4136 = AXIS2_PLACEMENT_3D('',#4137,#4138,#4139);
#4137 = CARTESIAN_POINT('',(2.765,-1.8,1.05));
#4138 = DIRECTION('',(-1.,5.243344273594E-32,2.289834988289E-16));
#4139 = DIRECTION('',(-2.080052407982E-46,1.,-2.289834988289E-16));
#4140 = DEFINITIONAL_REPRESENTATION('',(#4141),#4145);
#4141 = LINE('',#4142,#4143);
#4142 = CARTESIAN_POINT('',(2.494863,0.75));
#4143 = VECTOR('',#4144,1.);
#4144 = DIRECTION('',(1.,-2.289834988289E-16));
#4145 = ( GEOMETRIC_REPRESENTATION_CONTEXT(2) 
PARAMETRIC_REPRESENTATION_CONTEXT() REPRESENTATION_CONTEXT('2D SPACE',''
  ) );
#4146 = ORIENTED_EDGE('',*,*,#4147,.T.);
#4147 = EDGE_CURVE('',#4120,#3537,#4148,.T.);
#4148 = SURFACE_CURVE('',#4149,(#4153,#4160),.PCURVE_S1.);
#4149 = LINE('',#4150,#4151);
#4150 = CARTESIAN_POINT('',(-16.,-1.2,0.3));
#4151 = VECTOR('',#4152,1.);
#4152 = DIRECTION('',(-1.,5.243344273594E-32,2.289834988289E-16));
#4153 = PCURVE('',#3552,#4154);
#4154 = DEFINITIONAL_REPRESENTATION('',(#4155),#4159);
#4155 = LINE('',#4156,#4157);
#4156 = CARTESIAN_POINT('',(1.13,21.8375));
#4157 = VECTOR('',#4158,1.);
#4158 = DIRECTION('',(2.080052407982E-46,1.));
#4159 = ( GEOMETRIC_REPRESENTATION_CONTEXT(2) 
PARAMETRIC_REPRESENTATION_CONTEXT() REPRESENTATION_CONTEXT('2D SPACE',''
  ) );
#4160 = PCURVE('',#3580,#4161);
#4161 = DEFINITIONAL_REPRESENTATION('',(#4162),#4166);
#4162 = LINE('',#4163,#4164);
#4163 = CARTESIAN_POINT('',(-1.001060213395E-14,-22.785));
#4164 = VECTOR('',#4165,1.);
#4165 = DIRECTION('',(4.622231866529E-33,-1.));
#4166 = ( GEOMETRIC_REPRESENTATION_CONTEXT(2) 
PARAMETRIC_REPRESENTATION_CONTEXT() REPRESENTATION_CONTEXT('2D SPACE',''
  ) );
#4167 = ORIENTED_EDGE('',*,*,#3536,.F.);
#4168 = ADVANCED_FACE('',(#4169),#3856,.F.);
#4169 = FACE_BOUND('',#4170,.T.);
#4170 = EDGE_LOOP('',(#4171,#4196,#4224,#4245,#4246));
#4171 = ORIENTED_EDGE('',*,*,#4172,.F.);
#4172 = EDGE_CURVE('',#4173,#4175,#4177,.T.);
#4173 = VERTEX_POINT('',#4174);
#4174 = CARTESIAN_POINT('',(-3.1025,-1.75,1.));
#4175 = VERTEX_POINT('',#4176);
#4176 = CARTESIAN_POINT('',(-2.9525,-1.9,1.));
#4177 = SURFACE_CURVE('',#4178,(#4182,#4189),.PCURVE_S1.);
#4178 = LINE('',#4179,#4180);
#4179 = CARTESIAN_POINT('',(-5.547363,0.694863,1.));
#4180 = VECTOR('',#4181,1.);
#4181 = DIRECTION('',(0.707106781187,-0.707106781187,1.429810390713E-30)
  );
#4182 = PCURVE('',#3856,#4183);
#4183 = DEFINITIONAL_REPRESENTATION('',(#4184),#4188);
#4184 = LINE('',#4185,#4186);
#4185 = CARTESIAN_POINT('',(3.563624429922,0.385));
#4186 = VECTOR('',#4187,1.);
#4187 = DIRECTION('',(-1.,-2.465190328816E-32));
#4188 = ( GEOMETRIC_REPRESENTATION_CONTEXT(2) 
PARAMETRIC_REPRESENTATION_CONTEXT() REPRESENTATION_CONTEXT('2D SPACE',''
  ) );
#4189 = PCURVE('',#62,#4190);
#4190 = DEFINITIONAL_REPRESENTATION('',(#4191),#4195);
#4191 = LINE('',#4192,#4193);
#4192 = CARTESIAN_POINT('',(-2.188730268294,36.129261388842));
#4193 = VECTOR('',#4194,1.);
#4194 = DIRECTION('',(0.707106781187,0.707106781187));
#4195 = ( GEOMETRIC_REPRESENTATION_CONTEXT(2) 
PARAMETRIC_REPRESENTATION_CONTEXT() REPRESENTATION_CONTEXT('2D SPACE',''
  ) );
#4196 = ORIENTED_EDGE('',*,*,#4197,.F.);
#4197 = EDGE_CURVE('',#4198,#4173,#4200,.T.);
#4198 = VERTEX_POINT('',#4199);
#4199 = CARTESIAN_POINT('',(-3.1025,-1.75,0.18));
#4200 = SURFACE_CURVE('',#4201,(#4205,#4212),.PCURVE_S1.);
#4201 = LINE('',#4202,#4203);
#4202 = CARTESIAN_POINT('',(-3.1025,-1.75,0.615));
#4203 = VECTOR('',#4204,1.);
#4204 = DIRECTION('',(2.289834988289E-16,2.289834988289E-16,1.));
#4205 = PCURVE('',#3856,#4206);
#4206 = DEFINITIONAL_REPRESENTATION('',(#4207),#4211);
#4207 = LINE('',#4208,#4209);
#4208 = CARTESIAN_POINT('',(0.106066017178,1.355854680849E-31));
#4209 = VECTOR('',#4210,1.);
#4210 = DIRECTION('',(1.479114197289E-31,1.));
#4211 = ( GEOMETRIC_REPRESENTATION_CONTEXT(2) 
PARAMETRIC_REPRESENTATION_CONTEXT() REPRESENTATION_CONTEXT('2D SPACE',''
  ) );
#4212 = PCURVE('',#4213,#4218);
#4213 = PLANE('',#4214);
#4214 = AXIS2_PLACEMENT_3D('',#4215,#4216,#4217);
#4215 = CARTESIAN_POINT('',(-3.1025,7.493623042064E-02,0.402847335292));
#4216 = DIRECTION('',(1.,-5.243344273594E-32,-2.289834988289E-16));
#4217 = DIRECTION('',(2.804146475864E-32,1.,-1.065228634467E-16));
#4218 = DEFINITIONAL_REPRESENTATION('',(#4219),#4223);
#4219 = LINE('',#4220,#4221);
#4220 = CARTESIAN_POINT('',(-1.824936230421,0.212152664708));
#4221 = VECTOR('',#4222,1.);
#4222 = DIRECTION('',(1.224606353822E-16,1.));
#4223 = ( GEOMETRIC_REPRESENTATION_CONTEXT(2) 
PARAMETRIC_REPRESENTATION_CONTEXT() REPRESENTATION_CONTEXT('2D SPACE',''
  ) );
#4224 = ORIENTED_EDGE('',*,*,#4225,.F.);
#4225 = EDGE_CURVE('',#3764,#4198,#4226,.T.);
#4226 = SURFACE_CURVE('',#4227,(#4231,#4238),.PCURVE_S1.);
#4227 = LINE('',#4228,#4229);
#4228 = CARTESIAN_POINT('',(-5.547363,0.694863,0.18));
#4229 = VECTOR('',#4230,1.);
#4230 = DIRECTION('',(-0.707106781187,0.707106781187,1.110223024625E-16)
  );
#4231 = PCURVE('',#3856,#4232);
#4232 = DEFINITIONAL_REPRESENTATION('',(#4233),#4237);
#4233 = LINE('',#4234,#4235);
#4234 = CARTESIAN_POINT('',(3.563624429922,-0.435));
#4235 = VECTOR('',#4236,1.);
#4236 = DIRECTION('',(1.,1.110223024625E-16));
#4237 = ( GEOMETRIC_REPRESENTATION_CONTEXT(2) 
PARAMETRIC_REPRESENTATION_CONTEXT() REPRESENTATION_CONTEXT('2D SPACE',''
  ) );
#4238 = PCURVE('',#3784,#4239);
#4239 = DEFINITIONAL_REPRESENTATION('',(#4240),#4244);
#4240 = LINE('',#4241,#4242);
#4241 = CARTESIAN_POINT('',(-2.594863,2.594863));
#4242 = VECTOR('',#4243,1.);
#4243 = DIRECTION('',(-0.707106781187,0.707106781187));
#4244 = ( GEOMETRIC_REPRESENTATION_CONTEXT(2) 
PARAMETRIC_REPRESENTATION_CONTEXT() REPRESENTATION_CONTEXT('2D SPACE',''
  ) );
#4245 = ORIENTED_EDGE('',*,*,#3842,.F.);
#4246 = ORIENTED_EDGE('',*,*,#4247,.T.);
#4247 = EDGE_CURVE('',#3820,#4175,#4248,.T.);
#4248 = SURFACE_CURVE('',#4249,(#4253,#4260),.PCURVE_S1.);
#4249 = LINE('',#4250,#4251);
#4250 = CARTESIAN_POINT('',(-2.9525,-1.9,0.615));
#4251 = VECTOR('',#4252,1.);
#4252 = DIRECTION('',(2.289834988289E-16,2.289834988289E-16,1.));
#4253 = PCURVE('',#3856,#4254);
#4254 = DEFINITIONAL_REPRESENTATION('',(#4255),#4259);
#4255 = LINE('',#4256,#4257);
#4256 = CARTESIAN_POINT('',(-0.106066017178,-1.879707625722E-31));
#4257 = VECTOR('',#4258,1.);
#4258 = DIRECTION('',(1.479114197289E-31,1.));
#4259 = ( GEOMETRIC_REPRESENTATION_CONTEXT(2) 
PARAMETRIC_REPRESENTATION_CONTEXT() REPRESENTATION_CONTEXT('2D SPACE',''
  ) );
#4260 = PCURVE('',#4261,#4266);
#4261 = PLANE('',#4262);
#4262 = AXIS2_PLACEMENT_3D('',#4263,#4264,#4265);
#4263 = CARTESIAN_POINT('',(-22.885,-1.9,1.05));
#4264 = DIRECTION('',(0.,-1.,2.289834988289E-16));
#4265 = DIRECTION('',(-1.,5.243344273594E-32,2.289834988289E-16));
#4266 = DEFINITIONAL_REPRESENTATION('',(#4267),#4271);
#4267 = LINE('',#4268,#4269);
#4268 = CARTESIAN_POINT('',(-19.9325,0.435));
#4269 = VECTOR('',#4270,1.);
#4270 = DIRECTION('',(0.,-1.));
#4271 = ( GEOMETRIC_REPRESENTATION_CONTEXT(2) 
PARAMETRIC_REPRESENTATION_CONTEXT() REPRESENTATION_CONTEXT('2D SPACE',''
  ) );
#4272 = ADVANCED_FACE('',(#4273),#980,.F.);
#4273 = FACE_BOUND('',#4274,.T.);
#4274 = EDGE_LOOP('',(#4275,#4276,#4297,#4298,#4299,#4322));
#4275 = ORIENTED_EDGE('',*,*,#3819,.T.);
#4276 = ORIENTED_EDGE('',*,*,#4277,.F.);
#4277 = EDGE_CURVE('',#965,#3797,#4278,.T.);
#4278 = SURFACE_CURVE('',#4279,(#4283,#4290),.PCURVE_S1.);
#4279 = LINE('',#4280,#4281);
#4280 = CARTESIAN_POINT('',(-2.9525,-0.8,0.402847335292));
#4281 = VECTOR('',#4282,1.);
#4282 = DIRECTION('',(2.289834988289E-16,1.065228634467E-16,1.));
#4283 = PCURVE('',#980,#4284);
#4284 = DEFINITIONAL_REPRESENTATION('',(#4285),#4289);
#4285 = LINE('',#4286,#4287);
#4286 = CARTESIAN_POINT('',(-0.372847335292,1.1));
#4287 = VECTOR('',#4288,1.);
#4288 = DIRECTION('',(-1.,0.));
#4289 = ( GEOMETRIC_REPRESENTATION_CONTEXT(2) 
PARAMETRIC_REPRESENTATION_CONTEXT() REPRESENTATION_CONTEXT('2D SPACE',''
  ) );
#4290 = PCURVE('',#1006,#4291);
#4291 = DEFINITIONAL_REPRESENTATION('',(#4292),#4296);
#4292 = LINE('',#4293,#4294);
#4293 = CARTESIAN_POINT('',(0.153522180073,-1.882167131029E-02));
#4294 = VECTOR('',#4295,1.);
#4295 = DIRECTION('',(-1.,0.));
#4296 = ( GEOMETRIC_REPRESENTATION_CONTEXT(2) 
PARAMETRIC_REPRESENTATION_CONTEXT() REPRESENTATION_CONTEXT('2D SPACE',''
  ) );
#4297 = ORIENTED_EDGE('',*,*,#964,.T.);
#4298 = ORIENTED_EDGE('',*,*,#1784,.T.);
#4299 = ORIENTED_EDGE('',*,*,#4300,.T.);
#4300 = EDGE_CURVE('',#1762,#4301,#4303,.T.);
#4301 = VERTEX_POINT('',#4302);
#4302 = CARTESIAN_POINT('',(-2.9525,-1.9,3.E-02));
#4303 = SURFACE_CURVE('',#4304,(#4308,#4315),.PCURVE_S1.);
#4304 = LINE('',#4305,#4306);
#4305 = CARTESIAN_POINT('',(-2.9525,0.694863,3.E-02));
#4306 = VECTOR('',#4307,1.);
#4307 = DIRECTION('',(-2.804146475864E-32,-1.,1.065228634467E-16));
#4308 = PCURVE('',#980,#4309);
#4309 = DEFINITIONAL_REPRESENTATION('',(#4310),#4314);
#4310 = LINE('',#4311,#4312);
#4311 = CARTESIAN_POINT('',(-1.757982754052E-16,2.594863));
#4312 = VECTOR('',#4313,1.);
#4313 = DIRECTION('',(0.,-1.));
#4314 = ( GEOMETRIC_REPRESENTATION_CONTEXT(2) 
PARAMETRIC_REPRESENTATION_CONTEXT() REPRESENTATION_CONTEXT('2D SPACE',''
  ) );
#4315 = PCURVE('',#667,#4316);
#4316 = DEFINITIONAL_REPRESENTATION('',(#4317),#4321);
#4317 = LINE('',#4318,#4319);
#4318 = CARTESIAN_POINT('',(0.305137,-44.15));
#4319 = VECTOR('',#4320,1.);
#4320 = DIRECTION('',(1.,2.736911063134E-48));
#4321 = ( GEOMETRIC_REPRESENTATION_CONTEXT(2) 
PARAMETRIC_REPRESENTATION_CONTEXT() REPRESENTATION_CONTEXT('2D SPACE',''
  ) );
#4322 = ORIENTED_EDGE('',*,*,#4323,.T.);
#4323 = EDGE_CURVE('',#4301,#3820,#4324,.T.);
#4324 = SURFACE_CURVE('',#4325,(#4329,#4336),.PCURVE_S1.);
#4325 = LINE('',#4326,#4327);
#4326 = CARTESIAN_POINT('',(-2.9525,-1.9,0.402847335292));
#4327 = VECTOR('',#4328,1.);
#4328 = DIRECTION('',(2.289834988289E-16,1.065228634467E-16,1.));
#4329 = PCURVE('',#980,#4330);
#4330 = DEFINITIONAL_REPRESENTATION('',(#4331),#4335);
#4331 = LINE('',#4332,#4333);
#4332 = CARTESIAN_POINT('',(-0.372847335292,-3.971676578378E-17));
#4333 = VECTOR('',#4334,1.);
#4334 = DIRECTION('',(-1.,0.));
#4335 = ( GEOMETRIC_REPRESENTATION_CONTEXT(2) 
PARAMETRIC_REPRESENTATION_CONTEXT() REPRESENTATION_CONTEXT('2D SPACE',''
  ) );
#4336 = PCURVE('',#4261,#4337);
#4337 = DEFINITIONAL_REPRESENTATION('',(#4338),#4342);
#4338 = LINE('',#4339,#4340);
#4339 = CARTESIAN_POINT('',(-19.9325,0.647152664708));
#4340 = VECTOR('',#4341,1.);
#4341 = DIRECTION('',(0.,-1.));
#4342 = ( GEOMETRIC_REPRESENTATION_CONTEXT(2) 
PARAMETRIC_REPRESENTATION_CONTEXT() REPRESENTATION_CONTEXT('2D SPACE',''
  ) );
#4343 = ADVANCED_FACE('',(#4344),#611,.T.);
#4344 = FACE_BOUND('',#4345,.T.);
#4345 = EDGE_LOOP('',(#4346,#4369,#4390,#4391,#4392,#4413));
#4346 = ORIENTED_EDGE('',*,*,#4347,.T.);
#4347 = EDGE_CURVE('',#591,#4348,#4350,.T.);
#4348 = VERTEX_POINT('',#4349);
#4349 = CARTESIAN_POINT('',(-1.9,0.92,8.E-02));
#4350 = SURFACE_CURVE('',#4351,(#4355,#4362),.PCURVE_S1.);
#4351 = LINE('',#4352,#4353);
#4352 = CARTESIAN_POINT('',(-17.5,0.92,8.E-02));
#4353 = VECTOR('',#4354,1.);
#4354 = DIRECTION('',(-1.,5.243344273594E-32,2.289834988289E-16));
#4355 = PCURVE('',#611,#4356);
#4356 = DEFINITIONAL_REPRESENTATION('',(#4357),#4361);
#4357 = LINE('',#4358,#4359);
#4358 = CARTESIAN_POINT('',(8.E-02,15.6625));
#4359 = VECTOR('',#4360,1.);
#4360 = DIRECTION('',(2.080052407982E-46,1.));
#4361 = ( GEOMETRIC_REPRESENTATION_CONTEXT(2) 
PARAMETRIC_REPRESENTATION_CONTEXT() REPRESENTATION_CONTEXT('2D SPACE',''
  ) );
#4362 = PCURVE('',#693,#4363);
#4363 = DEFINITIONAL_REPRESENTATION('',(#4364),#4368);
#4364 = LINE('',#4365,#4366);
#4365 = CARTESIAN_POINT('',(-1.749253556813E-18,15.6625));
#4366 = VECTOR('',#4367,1.);
#4367 = DIRECTION('',(-1.848892746612E-31,1.));
#4368 = ( GEOMETRIC_REPRESENTATION_CONTEXT(2) 
PARAMETRIC_REPRESENTATION_CONTEXT() REPRESENTATION_CONTEXT('2D SPACE',''
  ) );
#4369 = ORIENTED_EDGE('',*,*,#4370,.T.);
#4370 = EDGE_CURVE('',#4348,#2521,#4371,.T.);
#4371 = SURFACE_CURVE('',#4372,(#4376,#4383),.PCURVE_S1.);
#4372 = LINE('',#4373,#4374);
#4373 = CARTESIAN_POINT('',(-1.9,0.694863,8.E-02));
#4374 = VECTOR('',#4375,1.);
#4375 = DIRECTION('',(-1.224606353822E-16,1.,-2.289834988289E-16));
#4376 = PCURVE('',#611,#4377);
#4377 = DEFINITIONAL_REPRESENTATION('',(#4378),#4382);
#4378 = LINE('',#4379,#4380);
#4379 = CARTESIAN_POINT('',(0.305137,6.25E-02));
#4380 = VECTOR('',#4381,1.);
#4381 = DIRECTION('',(-1.,1.224606353822E-16));
#4382 = ( GEOMETRIC_REPRESENTATION_CONTEXT(2) 
PARAMETRIC_REPRESENTATION_CONTEXT() REPRESENTATION_CONTEXT('2D SPACE',''
  ) );
#4383 = PCURVE('',#2559,#4384);
#4384 = DEFINITIONAL_REPRESENTATION('',(#4385),#4389);
#4385 = LINE('',#4386,#4387);
#4386 = CARTESIAN_POINT('',(-3.535533905933E-02,-0.155137));
#4387 = VECTOR('',#4388,1.);
#4388 = DIRECTION('',(8.716389750491E-16,1.));
#4389 = ( GEOMETRIC_REPRESENTATION_CONTEXT(2) 
PARAMETRIC_REPRESENTATION_CONTEXT() REPRESENTATION_CONTEXT('2D SPACE',''
  ) );
#4390 = ORIENTED_EDGE('',*,*,#2520,.F.);
#4391 = ORIENTED_EDGE('',*,*,#3047,.T.);
#4392 = ORIENTED_EDGE('',*,*,#4393,.F.);
#4393 = EDGE_CURVE('',#589,#2669,#4394,.T.);
#4394 = SURFACE_CURVE('',#4395,(#4399,#4406),.PCURVE_S1.);
#4395 = LINE('',#4396,#4397);
#4396 = CARTESIAN_POINT('',(-17.5,1.,8.E-02));
#4397 = VECTOR('',#4398,1.);
#4398 = DIRECTION('',(-1.,5.243344273594E-32,2.289834988289E-16));
#4399 = PCURVE('',#611,#4400);
#4400 = DEFINITIONAL_REPRESENTATION('',(#4401),#4405);
#4401 = LINE('',#4402,#4403);
#4402 = CARTESIAN_POINT('',(8.198683773256E-31,15.6625));
#4403 = VECTOR('',#4404,1.);
#4404 = DIRECTION('',(2.080052407982E-46,1.));
#4405 = ( GEOMETRIC_REPRESENTATION_CONTEXT(2) 
PARAMETRIC_REPRESENTATION_CONTEXT() REPRESENTATION_CONTEXT('2D SPACE',''
  ) );
#4406 = PCURVE('',#639,#4407);
#4407 = DEFINITIONAL_REPRESENTATION('',(#4408),#4412);
#4408 = LINE('',#4409,#4410);
#4409 = CARTESIAN_POINT('',(0.23,19.825));
#4410 = VECTOR('',#4411,1.);
#4411 = DIRECTION('',(0.,1.));
#4412 = ( GEOMETRIC_REPRESENTATION_CONTEXT(2) 
PARAMETRIC_REPRESENTATION_CONTEXT() REPRESENTATION_CONTEXT('2D SPACE',''
  ) );
#4413 = ORIENTED_EDGE('',*,*,#588,.T.);
#4414 = ADVANCED_FACE('',(#4415),#4429,.T.);
#4415 = FACE_BOUND('',#4416,.T.);
#4416 = EDGE_LOOP('',(#4417,#4447,#4470,#4493));
#4417 = ORIENTED_EDGE('',*,*,#4418,.T.);
#4418 = EDGE_CURVE('',#4419,#4421,#4423,.T.);
#4419 = VERTEX_POINT('',#4420);
#4420 = CARTESIAN_POINT('',(-1.325,1.35,0.31));
#4421 = VERTEX_POINT('',#4422);
#4422 = CARTESIAN_POINT('',(-1.175,1.35,0.31));
#4423 = SURFACE_CURVE('',#4424,(#4428,#4440),.PCURVE_S1.);
#4424 = LINE('',#4425,#4426);
#4425 = CARTESIAN_POINT('',(1.5,1.35,0.31));
#4426 = VECTOR('',#4427,1.);
#4427 = DIRECTION('',(1.,-5.243344273594E-32,-2.289834988289E-16));
#4428 = PCURVE('',#4429,#4434);
#4429 = PLANE('',#4430);
#4430 = AXIS2_PLACEMENT_3D('',#4431,#4432,#4433);
#4431 = CARTESIAN_POINT('',(-1.325,1.35,0.31));
#4432 = DIRECTION('',(0.,1.,-2.289834988289E-16));
#4433 = DIRECTION('',(-2.289834988289E-16,-2.289834988289E-16,-1.));
#4434 = DEFINITIONAL_REPRESENTATION('',(#4435),#4439);
#4435 = LINE('',#4436,#4437);
#4436 = CARTESIAN_POINT('',(3.349924504459E-15,-2.825));
#4437 = VECTOR('',#4438,1.);
#4438 = DIRECTION('',(0.,-1.));
#4439 = ( GEOMETRIC_REPRESENTATION_CONTEXT(2) 
PARAMETRIC_REPRESENTATION_CONTEXT() REPRESENTATION_CONTEXT('2D SPACE',''
  ) );
#4440 = PCURVE('',#530,#4441);
#4441 = DEFINITIONAL_REPRESENTATION('',(#4442),#4446);
#4442 = LINE('',#4443,#4444);
#4443 = CARTESIAN_POINT('',(-0.15,0.323724317761));
#4444 = VECTOR('',#4445,1.);
#4445 = DIRECTION('',(-1.,-2.736911063134E-48));
#4446 = ( GEOMETRIC_REPRESENTATION_CONTEXT(2) 
PARAMETRIC_REPRESENTATION_CONTEXT() REPRESENTATION_CONTEXT('2D SPACE',''
  ) );
#4447 = ORIENTED_EDGE('',*,*,#4448,.T.);
#4448 = EDGE_CURVE('',#4421,#4449,#4451,.T.);
#4449 = VERTEX_POINT('',#4450);
#4450 = CARTESIAN_POINT('',(-1.175,1.35,0.16));
#4451 = SURFACE_CURVE('',#4452,(#4456,#4463),.PCURVE_S1.);
#4452 = LINE('',#4453,#4454);
#4453 = CARTESIAN_POINT('',(-1.175,1.35,0.841614));
#4454 = VECTOR('',#4455,1.);
#4455 = DIRECTION('',(-2.289834988289E-16,-2.289834988289E-16,-1.));
#4456 = PCURVE('',#4429,#4457);
#4457 = DEFINITIONAL_REPRESENTATION('',(#4458),#4462);
#4458 = LINE('',#4459,#4460);
#4459 = CARTESIAN_POINT('',(-0.531614,-0.15));
#4460 = VECTOR('',#4461,1.);
#4461 = DIRECTION('',(1.,0.));
#4462 = ( GEOMETRIC_REPRESENTATION_CONTEXT(2) 
PARAMETRIC_REPRESENTATION_CONTEXT() REPRESENTATION_CONTEXT('2D SPACE',''
  ) );
#4463 = PCURVE('',#1287,#4464);
#4464 = DEFINITIONAL_REPRESENTATION('',(#4465),#4469);
#4465 = LINE('',#4466,#4467);
#4466 = CARTESIAN_POINT('',(0.104220924602,0.671113768985));
#4467 = VECTOR('',#4468,1.);
#4468 = DIRECTION('',(-2.289834988289E-16,-1.));
#4469 = ( GEOMETRIC_REPRESENTATION_CONTEXT(2) 
PARAMETRIC_REPRESENTATION_CONTEXT() REPRESENTATION_CONTEXT('2D SPACE',''
  ) );
#4470 = ORIENTED_EDGE('',*,*,#4471,.F.);
#4471 = EDGE_CURVE('',#4472,#4449,#4474,.T.);
#4472 = VERTEX_POINT('',#4473);
#4473 = CARTESIAN_POINT('',(-1.325,1.35,0.16));
#4474 = SURFACE_CURVE('',#4475,(#4479,#4486),.PCURVE_S1.);
#4475 = LINE('',#4476,#4477);
#4476 = CARTESIAN_POINT('',(-1.325,1.35,0.16));
#4477 = VECTOR('',#4478,1.);
#4478 = DIRECTION('',(1.,-5.243344273594E-32,-2.289834988289E-16));
#4479 = PCURVE('',#4429,#4480);
#4480 = DEFINITIONAL_REPRESENTATION('',(#4481),#4485);
#4481 = LINE('',#4482,#4483);
#4482 = CARTESIAN_POINT('',(0.15,-3.434752482434E-17));
#4483 = VECTOR('',#4484,1.);
#4484 = DIRECTION('',(0.,-1.));
#4485 = ( GEOMETRIC_REPRESENTATION_CONTEXT(2) 
PARAMETRIC_REPRESENTATION_CONTEXT() REPRESENTATION_CONTEXT('2D SPACE',''
  ) );
#4486 = PCURVE('',#3894,#4487);
#4487 = DEFINITIONAL_REPRESENTATION('',(#4488),#4492);
#4488 = LINE('',#4489,#4490);
#4489 = CARTESIAN_POINT('',(1.570796326795,0.));
#4490 = VECTOR('',#4491,1.);
#4491 = DIRECTION('',(0.,1.));
#4492 = ( GEOMETRIC_REPRESENTATION_CONTEXT(2) 
PARAMETRIC_REPRESENTATION_CONTEXT() REPRESENTATION_CONTEXT('2D SPACE',''
  ) );
#4493 = ORIENTED_EDGE('',*,*,#4494,.T.);
#4494 = EDGE_CURVE('',#4472,#4419,#4495,.T.);
#4495 = SURFACE_CURVE('',#4496,(#4500,#4507),.PCURVE_S1.);
#4496 = LINE('',#4497,#4498);
#4497 = CARTESIAN_POINT('',(-1.325,1.35,0.31));
#4498 = VECTOR('',#4499,1.);
#4499 = DIRECTION('',(2.289834988289E-16,2.289834988289E-16,1.));
#4500 = PCURVE('',#4429,#4501);
#4501 = DEFINITIONAL_REPRESENTATION('',(#4502),#4506);
#4502 = LINE('',#4503,#4504);
#4503 = CARTESIAN_POINT('',(-0.,0.));
#4504 = VECTOR('',#4505,1.);
#4505 = DIRECTION('',(-1.,0.));
#4506 = ( GEOMETRIC_REPRESENTATION_CONTEXT(2) 
PARAMETRIC_REPRESENTATION_CONTEXT() REPRESENTATION_CONTEXT('2D SPACE',''
  ) );
#4507 = PCURVE('',#1342,#4508);
#4508 = DEFINITIONAL_REPRESENTATION('',(#4509),#4513);
#4509 = LINE('',#4510,#4511);
#4510 = CARTESIAN_POINT('',(0.104220924602,0.139499768985));
#4511 = VECTOR('',#4512,1.);
#4512 = DIRECTION('',(2.289834988289E-16,1.));
#4513 = ( GEOMETRIC_REPRESENTATION_CONTEXT(2) 
PARAMETRIC_REPRESENTATION_CONTEXT() REPRESENTATION_CONTEXT('2D SPACE',''
  ) );
#4514 = ADVANCED_FACE('',(#4515),#253,.T.);
#4515 = FACE_BOUND('',#4516,.T.);
#4516 = EDGE_LOOP('',(#4517,#4540,#4541,#4542,#4543,#4566,#4594,#4622));
#4517 = ORIENTED_EDGE('',*,*,#4518,.F.);
#4518 = EDGE_CURVE('',#407,#4519,#4521,.T.);
#4519 = VERTEX_POINT('',#4520);
#4520 = CARTESIAN_POINT('',(3.27,0.46,0.84));
#4521 = SURFACE_CURVE('',#4522,(#4526,#4533),.PCURVE_S1.);
#4522 = LINE('',#4523,#4524);
#4523 = CARTESIAN_POINT('',(-1.5,0.46,0.84));
#4524 = VECTOR('',#4525,1.);
#4525 = DIRECTION('',(1.,-5.243344273594E-32,-2.289834988289E-16));
#4526 = PCURVE('',#253,#4527);
#4527 = DEFINITIONAL_REPRESENTATION('',(#4528),#4532);
#4528 = LINE('',#4529,#4530);
#4529 = CARTESIAN_POINT('',(0.53,-2.825));
#4530 = VECTOR('',#4531,1.);
#4531 = DIRECTION('',(2.080052407982E-46,-1.));
#4532 = ( GEOMETRIC_REPRESENTATION_CONTEXT(2) 
PARAMETRIC_REPRESENTATION_CONTEXT() REPRESENTATION_CONTEXT('2D SPACE',''
  ) );
#4533 = PCURVE('',#422,#4534);
#4534 = DEFINITIONAL_REPRESENTATION('',(#4535),#4539);
#4535 = LINE('',#4536,#4537);
#4536 = CARTESIAN_POINT('',(-4.999999999999E-02,-7.25));
#4537 = VECTOR('',#4538,1.);
#4538 = DIRECTION('',(0.,1.));
#4539 = ( GEOMETRIC_REPRESENTATION_CONTEXT(2) 
PARAMETRIC_REPRESENTATION_CONTEXT() REPRESENTATION_CONTEXT('2D SPACE',''
  ) );
#4540 = ORIENTED_EDGE('',*,*,#564,.T.);
#4541 = ORIENTED_EDGE('',*,*,#239,.T.);
#4542 = ORIENTED_EDGE('',*,*,#882,.T.);
#4543 = ORIENTED_EDGE('',*,*,#4544,.F.);
#4544 = EDGE_CURVE('',#4545,#855,#4547,.T.);
#4545 = VERTEX_POINT('',#4546);
#4546 = CARTESIAN_POINT('',(3.3,-2.E-02,0.84));
#4547 = SURFACE_CURVE('',#4548,(#4552,#4559),.PCURVE_S1.);
#4548 = LINE('',#4549,#4550);
#4549 = CARTESIAN_POINT('',(8.,-2.E-02,0.84));
#4550 = VECTOR('',#4551,1.);
#4551 = DIRECTION('',(-1.,5.243344273594E-32,2.289834988289E-16));
#4552 = PCURVE('',#253,#4553);
#4553 = DEFINITIONAL_REPRESENTATION('',(#4554),#4558);
#4554 = LINE('',#4555,#4556);
#4555 = CARTESIAN_POINT('',(4.999999999979E-02,-12.325));
#4556 = VECTOR('',#4557,1.);
#4557 = DIRECTION('',(-2.080052407982E-46,1.));
#4558 = ( GEOMETRIC_REPRESENTATION_CONTEXT(2) 
PARAMETRIC_REPRESENTATION_CONTEXT() REPRESENTATION_CONTEXT('2D SPACE',''
  ) );
#4559 = PCURVE('',#870,#4560);
#4560 = DEFINITIONAL_REPRESENTATION('',(#4561),#4565);
#4561 = LINE('',#4562,#4563);
#4562 = CARTESIAN_POINT('',(0.21,0.7));
#4563 = VECTOR('',#4564,1.);
#4564 = DIRECTION('',(0.,-1.));
#4565 = ( GEOMETRIC_REPRESENTATION_CONTEXT(2) 
PARAMETRIC_REPRESENTATION_CONTEXT() REPRESENTATION_CONTEXT('2D SPACE',''
  ) );
#4566 = ORIENTED_EDGE('',*,*,#4567,.F.);
#4567 = EDGE_CURVE('',#4568,#4545,#4570,.T.);
#4568 = VERTEX_POINT('',#4569);
#4569 = CARTESIAN_POINT('',(3.3,0.9,0.84));
#4570 = SURFACE_CURVE('',#4571,(#4575,#4582),.PCURVE_S1.);
#4571 = LINE('',#4572,#4573);
#4572 = CARTESIAN_POINT('',(3.3,0.694863,0.84));
#4573 = VECTOR('',#4574,1.);
#4574 = DIRECTION('',(-2.804146475864E-32,-1.,1.065228634467E-16));
#4575 = PCURVE('',#253,#4576);
#4576 = DEFINITIONAL_REPRESENTATION('',(#4577),#4581);
#4577 = LINE('',#4578,#4579);
#4578 = CARTESIAN_POINT('',(0.764863,-7.625));
#4579 = VECTOR('',#4580,1.);
#4580 = DIRECTION('',(-1.,-1.094764425254E-46));
#4581 = ( GEOMETRIC_REPRESENTATION_CONTEXT(2) 
PARAMETRIC_REPRESENTATION_CONTEXT() REPRESENTATION_CONTEXT('2D SPACE',''
  ) );
#4582 = PCURVE('',#4583,#4588);
#4583 = PLANE('',#4584);
#4584 = AXIS2_PLACEMENT_3D('',#4585,#4586,#4587);
#4585 = CARTESIAN_POINT('',(3.3,0.694863,0.841614));
#4586 = DIRECTION('',(1.,-5.243344273594E-32,-2.289834988289E-16));
#4587 = DIRECTION('',(2.804146475864E-32,1.,-1.065228634467E-16));
#4588 = DEFINITIONAL_REPRESENTATION('',(#4589),#4593);
#4589 = LINE('',#4590,#4591);
#4590 = CARTESIAN_POINT('',(-9.99028794261E-16,-1.61399999999E-03));
#4591 = VECTOR('',#4592,1.);
#4592 = DIRECTION('',(-1.,0.));
#4593 = ( GEOMETRIC_REPRESENTATION_CONTEXT(2) 
PARAMETRIC_REPRESENTATION_CONTEXT() REPRESENTATION_CONTEXT('2D SPACE',''
  ) );
#4594 = ORIENTED_EDGE('',*,*,#4595,.F.);
#4595 = EDGE_CURVE('',#4596,#4568,#4598,.T.);
#4596 = VERTEX_POINT('',#4597);
#4597 = CARTESIAN_POINT('',(3.27,0.9,0.84));
#4598 = SURFACE_CURVE('',#4599,(#4603,#4610),.PCURVE_S1.);
#4599 = LINE('',#4600,#4601);
#4600 = CARTESIAN_POINT('',(4.,0.9,0.84));
#4601 = VECTOR('',#4602,1.);
#4602 = DIRECTION('',(1.,-5.243344273594E-32,-2.289834988289E-16));
#4603 = PCURVE('',#253,#4604);
#4604 = DEFINITIONAL_REPRESENTATION('',(#4605),#4609);
#4605 = LINE('',#4606,#4607);
#4606 = CARTESIAN_POINT('',(0.97,-8.325));
#4607 = VECTOR('',#4608,1.);
#4608 = DIRECTION('',(2.080052407982E-46,-1.));
#4609 = ( GEOMETRIC_REPRESENTATION_CONTEXT(2) 
PARAMETRIC_REPRESENTATION_CONTEXT() REPRESENTATION_CONTEXT('2D SPACE',''
  ) );
#4610 = PCURVE('',#4611,#4616);
#4611 = PLANE('',#4612);
#4612 = AXIS2_PLACEMENT_3D('',#4613,#4614,#4615);
#4613 = CARTESIAN_POINT('',(2.25,0.9,0.29));
#4614 = DIRECTION('',(2.804146475864E-32,1.,-1.065228634467E-16));
#4615 = DIRECTION('',(1.,-5.243344273594E-32,-2.289834988289E-16));
#4616 = DEFINITIONAL_REPRESENTATION('',(#4617),#4621);
#4617 = LINE('',#4618,#4619);
#4618 = CARTESIAN_POINT('',(1.75,-0.55));
#4619 = VECTOR('',#4620,1.);
#4620 = DIRECTION('',(1.,0.));
#4621 = ( GEOMETRIC_REPRESENTATION_CONTEXT(2) 
PARAMETRIC_REPRESENTATION_CONTEXT() REPRESENTATION_CONTEXT('2D SPACE',''
  ) );
#4622 = ORIENTED_EDGE('',*,*,#4623,.F.);
#4623 = EDGE_CURVE('',#4519,#4596,#4624,.T.);
#4624 = SURFACE_CURVE('',#4625,(#4629,#4636),.PCURVE_S1.);
#4625 = LINE('',#4626,#4627);
#4626 = CARTESIAN_POINT('',(3.27,0.694863,0.84));
#4627 = VECTOR('',#4628,1.);
#4628 = DIRECTION('',(2.804146475864E-32,1.,-1.065228634467E-16));
#4629 = PCURVE('',#253,#4630);
#4630 = DEFINITIONAL_REPRESENTATION('',(#4631),#4635);
#4631 = LINE('',#4632,#4633);
#4632 = CARTESIAN_POINT('',(0.764863,-7.595));
#4633 = VECTOR('',#4634,1.);
#4634 = DIRECTION('',(1.,1.094764425254E-46));
#4635 = ( GEOMETRIC_REPRESENTATION_CONTEXT(2) 
PARAMETRIC_REPRESENTATION_CONTEXT() REPRESENTATION_CONTEXT('2D SPACE',''
  ) );
#4636 = PCURVE('',#4637,#4642);
#4637 = PLANE('',#4638);
#4638 = AXIS2_PLACEMENT_3D('',#4639,#4640,#4641);
#4639 = CARTESIAN_POINT('',(3.27,1.045602317761,-0.794708));
#4640 = DIRECTION('',(1.,-5.243344273594E-32,-2.289834988289E-16));
#4641 = DIRECTION('',(2.804146475864E-32,1.,-1.065228634467E-16));
#4642 = DEFINITIONAL_REPRESENTATION('',(#4643),#4647);
#4643 = LINE('',#4644,#4645);
#4644 = CARTESIAN_POINT('',(-0.350739317761,1.634708));
#4645 = VECTOR('',#4646,1.);
#4646 = DIRECTION('',(1.,0.));
#4647 = ( GEOMETRIC_REPRESENTATION_CONTEXT(2) 
PARAMETRIC_REPRESENTATION_CONTEXT() REPRESENTATION_CONTEXT('2D SPACE',''
  ) );
#4648 = ADVANCED_FACE('',(#4649),#1611,.F.);
#4649 = FACE_BOUND('',#4650,.T.);
#4650 = EDGE_LOOP('',(#4651,#4652,#4675,#4698));
#4651 = ORIENTED_EDGE('',*,*,#1595,.F.);
#4652 = ORIENTED_EDGE('',*,*,#4653,.T.);
#4653 = EDGE_CURVE('',#1573,#4654,#4656,.T.);
#4654 = VERTEX_POINT('',#4655);
#4655 = CARTESIAN_POINT('',(-1.325,1.,7.866077735406E-02));
#4656 = SURFACE_CURVE('',#4657,(#4661,#4668),.PCURVE_S1.);
#4657 = LINE('',#4658,#4659);
#4658 = CARTESIAN_POINT('',(-1.325,1.,0.841614));
#4659 = VECTOR('',#4660,1.);
#4660 = DIRECTION('',(-2.289834988289E-16,-1.065228634467E-16,-1.));
#4661 = PCURVE('',#1611,#4662);
#4662 = DEFINITIONAL_REPRESENTATION('',(#4663),#4667);
#4663 = LINE('',#4664,#4665);
#4664 = CARTESIAN_POINT('',(-0.762953222646,0.15));
#4665 = VECTOR('',#4666,1.);
#4666 = DIRECTION('',(1.,0.));
#4667 = ( GEOMETRIC_REPRESENTATION_CONTEXT(2) 
PARAMETRIC_REPRESENTATION_CONTEXT() REPRESENTATION_CONTEXT('2D SPACE',''
  ) );
#4668 = PCURVE('',#1342,#4669);
#4669 = DEFINITIONAL_REPRESENTATION('',(#4670),#4674);
#4670 = LINE('',#4671,#4672);
#4671 = CARTESIAN_POINT('',(-0.245779075398,0.671113768985));
#4672 = VECTOR('',#4673,1.);
#4673 = DIRECTION('',(-1.065228634467E-16,-1.));
#4674 = ( GEOMETRIC_REPRESENTATION_CONTEXT(2) 
PARAMETRIC_REPRESENTATION_CONTEXT() REPRESENTATION_CONTEXT('2D SPACE',''
  ) );
#4675 = ORIENTED_EDGE('',*,*,#4676,.F.);
#4676 = EDGE_CURVE('',#4677,#4654,#4679,.T.);
#4677 = VERTEX_POINT('',#4678);
#4678 = CARTESIAN_POINT('',(-1.175,1.,7.866077735406E-02));
#4679 = SURFACE_CURVE('',#4680,(#4684,#4691),.PCURVE_S1.);
#4680 = LINE('',#4681,#4682);
#4681 = CARTESIAN_POINT('',(4.,1.,7.866077735406E-02));
#4682 = VECTOR('',#4683,1.);
#4683 = DIRECTION('',(-1.,5.243344273594E-32,2.289834988289E-16));
#4684 = PCURVE('',#1611,#4685);
#4685 = DEFINITIONAL_REPRESENTATION('',(#4686),#4690);
#4686 = LINE('',#4687,#4688);
#4687 = CARTESIAN_POINT('',(-7.47665818146E-17,-5.175));
#4688 = VECTOR('',#4689,1.);
#4689 = DIRECTION('',(0.,1.));
#4690 = ( GEOMETRIC_REPRESENTATION_CONTEXT(2) 
PARAMETRIC_REPRESENTATION_CONTEXT() REPRESENTATION_CONTEXT('2D SPACE',''
  ) );
#4691 = PCURVE('',#1315,#4692);
#4692 = DEFINITIONAL_REPRESENTATION('',(#4693),#4697);
#4693 = LINE('',#4694,#4695);
#4694 = CARTESIAN_POINT('',(5.833781539828E-02,-5.325));
#4695 = VECTOR('',#4696,1.);
#4696 = DIRECTION('',(9.244463733059E-32,1.));
#4697 = ( GEOMETRIC_REPRESENTATION_CONTEXT(2) 
PARAMETRIC_REPRESENTATION_CONTEXT() REPRESENTATION_CONTEXT('2D SPACE',''
  ) );
#4698 = ORIENTED_EDGE('',*,*,#4699,.F.);
#4699 = EDGE_CURVE('',#1596,#4677,#4700,.T.);
#4700 = SURFACE_CURVE('',#4701,(#4705,#4712),.PCURVE_S1.);
#4701 = LINE('',#4702,#4703);
#4702 = CARTESIAN_POINT('',(-1.175,1.,0.841614));
#4703 = VECTOR('',#4704,1.);
#4704 = DIRECTION('',(-2.289834988289E-16,-1.065228634467E-16,-1.));
#4705 = PCURVE('',#1611,#4706);
#4706 = DEFINITIONAL_REPRESENTATION('',(#4707),#4711);
#4707 = LINE('',#4708,#4709);
#4708 = CARTESIAN_POINT('',(-0.762953222646,1.747036983643E-16));
#4709 = VECTOR('',#4710,1.);
#4710 = DIRECTION('',(1.,0.));
#4711 = ( GEOMETRIC_REPRESENTATION_CONTEXT(2) 
PARAMETRIC_REPRESENTATION_CONTEXT() REPRESENTATION_CONTEXT('2D SPACE',''
  ) );
#4712 = PCURVE('',#1287,#4713);
#4713 = DEFINITIONAL_REPRESENTATION('',(#4714),#4718);
#4714 = LINE('',#4715,#4716);
#4715 = CARTESIAN_POINT('',(-0.245779075398,0.671113768985));
#4716 = VECTOR('',#4717,1.);
#4717 = DIRECTION('',(-1.065228634467E-16,-1.));
#4718 = ( GEOMETRIC_REPRESENTATION_CONTEXT(2) 
PARAMETRIC_REPRESENTATION_CONTEXT() REPRESENTATION_CONTEXT('2D SPACE',''
  ) );
#4719 = ADVANCED_FACE('',(#4720),#3664,.T.);
#4720 = FACE_BOUND('',#4721,.T.);
#4721 = EDGE_LOOP('',(#4722,#4745,#4768,#4789));
#4722 = ORIENTED_EDGE('',*,*,#4723,.F.);
#4723 = EDGE_CURVE('',#4724,#3621,#4726,.T.);
#4724 = VERTEX_POINT('',#4725);
#4725 = CARTESIAN_POINT('',(2.765,-0.6,0.69));
#4726 = SURFACE_CURVE('',#4727,(#4731,#4738),.PCURVE_S1.);
#4727 = LINE('',#4728,#4729);
#4728 = CARTESIAN_POINT('',(5.285,-0.6,0.69));
#4729 = VECTOR('',#4730,1.);
#4730 = DIRECTION('',(-1.,5.243344273594E-32,2.289834988289E-16));
#4731 = PCURVE('',#3664,#4732);
#4732 = DEFINITIONAL_REPRESENTATION('',(#4733),#4737);
#4733 = LINE('',#4734,#4735);
#4734 = CARTESIAN_POINT('',(-6.336325955147E-31,-12.07));
#4735 = VECTOR('',#4736,1.);
#4736 = DIRECTION('',(-2.736911063134E-48,1.));
#4737 = ( GEOMETRIC_REPRESENTATION_CONTEXT(2) 
PARAMETRIC_REPRESENTATION_CONTEXT() REPRESENTATION_CONTEXT('2D SPACE',''
  ) );
#4738 = PCURVE('',#3636,#4739);
#4739 = DEFINITIONAL_REPRESENTATION('',(#4740),#4744);
#4740 = LINE('',#4741,#4742);
#4741 = CARTESIAN_POINT('',(-0.20254450242,23.905719514881));
#4742 = VECTOR('',#4743,1.);
#4743 = DIRECTION('',(0.,-1.));
#4744 = ( GEOMETRIC_REPRESENTATION_CONTEXT(2) 
PARAMETRIC_REPRESENTATION_CONTEXT() REPRESENTATION_CONTEXT('2D SPACE',''
  ) );
#4745 = ORIENTED_EDGE('',*,*,#4746,.F.);
#4746 = EDGE_CURVE('',#4747,#4724,#4749,.T.);
#4747 = VERTEX_POINT('',#4748);
#4748 = CARTESIAN_POINT('',(2.765,-0.7,0.69));
#4749 = SURFACE_CURVE('',#4750,(#4754,#4761),.PCURVE_S1.);
#4750 = LINE('',#4751,#4752);
#4751 = CARTESIAN_POINT('',(2.765,7.493623042064E-02,0.69));
#4752 = VECTOR('',#4753,1.);
#4753 = DIRECTION('',(3.757481798336E-32,1.,-6.488950002326E-17));
#4754 = PCURVE('',#3664,#4755);
#4755 = DEFINITIONAL_REPRESENTATION('',(#4756),#4760);
#4756 = LINE('',#4757,#4758);
#4757 = CARTESIAN_POINT('',(-0.674936230421,-9.55));
#4758 = VECTOR('',#4759,1.);
#4759 = DIRECTION('',(-1.,-2.736911063134E-48));
#4760 = ( GEOMETRIC_REPRESENTATION_CONTEXT(2) 
PARAMETRIC_REPRESENTATION_CONTEXT() REPRESENTATION_CONTEXT('2D SPACE',''
  ) );
#4761 = PCURVE('',#4135,#4762);
#4762 = DEFINITIONAL_REPRESENTATION('',(#4763),#4767);
#4763 = LINE('',#4764,#4765);
#4764 = CARTESIAN_POINT('',(1.874936230421,0.36));
#4765 = VECTOR('',#4766,1.);
#4766 = DIRECTION('',(1.,-1.640939988057E-16));
#4767 = ( GEOMETRIC_REPRESENTATION_CONTEXT(2) 
PARAMETRIC_REPRESENTATION_CONTEXT() REPRESENTATION_CONTEXT('2D SPACE',''
  ) );
#4768 = ORIENTED_EDGE('',*,*,#4769,.T.);
#4769 = EDGE_CURVE('',#4747,#3649,#4770,.T.);
#4770 = SURFACE_CURVE('',#4771,(#4775,#4782),.PCURVE_S1.);
#4771 = LINE('',#4772,#4773);
#4772 = CARTESIAN_POINT('',(10.5,-0.7,0.69));
#4773 = VECTOR('',#4774,1.);
#4774 = DIRECTION('',(-1.,5.243344273594E-32,2.289834988289E-16));
#4775 = PCURVE('',#3664,#4776);
#4776 = DEFINITIONAL_REPRESENTATION('',(#4777),#4781);
#4777 = LINE('',#4778,#4779);
#4778 = CARTESIAN_POINT('',(1.E-01,-17.285));
#4779 = VECTOR('',#4780,1.);
#4780 = DIRECTION('',(-2.736911063134E-48,1.));
#4781 = ( GEOMETRIC_REPRESENTATION_CONTEXT(2) 
PARAMETRIC_REPRESENTATION_CONTEXT() REPRESENTATION_CONTEXT('2D SPACE',''
  ) );
#4782 = PCURVE('',#3692,#4783);
#4783 = DEFINITIONAL_REPRESENTATION('',(#4784),#4788);
#4784 = LINE('',#4785,#4786);
#4785 = CARTESIAN_POINT('',(-2.462462903076E-18,3.735));
#4786 = VECTOR('',#4787,1.);
#4787 = DIRECTION('',(1.54074395551E-32,-1.));
#4788 = ( GEOMETRIC_REPRESENTATION_CONTEXT(2) 
PARAMETRIC_REPRESENTATION_CONTEXT() REPRESENTATION_CONTEXT('2D SPACE',''
  ) );
#4789 = ORIENTED_EDGE('',*,*,#3648,.T.);
#4790 = ADVANCED_FACE('',(#4791),#4805,.T.);
#4791 = FACE_BOUND('',#4792,.T.);
#4792 = EDGE_LOOP('',(#4793,#4828,#4856,#4879));
#4793 = ORIENTED_EDGE('',*,*,#4794,.F.);
#4794 = EDGE_CURVE('',#4795,#4797,#4799,.T.);
#4795 = VERTEX_POINT('',#4796);
#4796 = CARTESIAN_POINT('',(-0.9,0.92,8.E-02));
#4797 = VERTEX_POINT('',#4798);
#4798 = CARTESIAN_POINT('',(-0.9,1.,8.E-02));
#4799 = SURFACE_CURVE('',#4800,(#4804,#4816),.PCURVE_S1.);
#4800 = LINE('',#4801,#4802);
#4801 = CARTESIAN_POINT('',(-0.9,0.694863,8.E-02));
#4802 = VECTOR('',#4803,1.);
#4803 = DIRECTION('',(-1.224606353822E-16,1.,-2.289834988289E-16));
#4804 = PCURVE('',#4805,#4810);
#4805 = PLANE('',#4806);
#4806 = AXIS2_PLACEMENT_3D('',#4807,#4808,#4809);
#4807 = CARTESIAN_POINT('',(-0.925,0.85,5.5E-02));
#4808 = DIRECTION('',(0.707106781187,-7.532303909457E-17,-0.707106781187
    ));
#4809 = DIRECTION('',(-0.707106781187,6.231304445401E-16,-0.707106781187
    ));
#4810 = DEFINITIONAL_REPRESENTATION('',(#4811),#4815);
#4811 = LINE('',#4812,#4813);
#4812 = CARTESIAN_POINT('',(-3.535533905933E-02,-0.155137));
#4813 = VECTOR('',#4814,1.);
#4814 = DIRECTION('',(8.716389750491E-16,1.));
#4815 = ( GEOMETRIC_REPRESENTATION_CONTEXT(2) 
PARAMETRIC_REPRESENTATION_CONTEXT() REPRESENTATION_CONTEXT('2D SPACE',''
  ) );
#4816 = PCURVE('',#4817,#4822);
#4817 = PLANE('',#4818);
#4818 = AXIS2_PLACEMENT_3D('',#4819,#4820,#4821);
#4819 = CARTESIAN_POINT('',(-0.8375,1.,8.E-02));
#4820 = DIRECTION('',(-2.289834988289E-16,-2.289834988289E-16,-1.));
#4821 = DIRECTION('',(0.,-1.,2.289834988289E-16));
#4822 = DEFINITIONAL_REPRESENTATION('',(#4823),#4827);
#4823 = LINE('',#4824,#4825);
#4824 = CARTESIAN_POINT('',(0.305137,6.25E-02));
#4825 = VECTOR('',#4826,1.);
#4826 = DIRECTION('',(-1.,1.224606353822E-16));
#4827 = ( GEOMETRIC_REPRESENTATION_CONTEXT(2) 
PARAMETRIC_REPRESENTATION_CONTEXT() REPRESENTATION_CONTEXT('2D SPACE',''
  ) );
#4828 = ORIENTED_EDGE('',*,*,#4829,.T.);
#4829 = EDGE_CURVE('',#4795,#4830,#4832,.T.);
#4830 = VERTEX_POINT('',#4831);
#4831 = CARTESIAN_POINT('',(-0.95,0.7,3.E-02));
#4832 = SURFACE_CURVE('',#4833,(#4837,#4844),.PCURVE_S1.);
#4833 = LINE('',#4834,#4835);
#4834 = CARTESIAN_POINT('',(-0.9511675,0.694863,2.88325E-02));
#4835 = VECTOR('',#4836,1.);
#4836 = DIRECTION('',(-0.216371161204,-0.952033109297,-0.216371161204));
#4837 = PCURVE('',#4805,#4838);
#4838 = DEFINITIONAL_REPRESENTATION('',(#4839),#4843);
#4839 = LINE('',#4840,#4841);
#4840 = CARTESIAN_POINT('',(3.70064333934E-02,-0.155137));
#4841 = VECTOR('',#4842,1.);
#4842 = DIRECTION('',(0.305995030681,-0.952033109297));
#4843 = ( GEOMETRIC_REPRESENTATION_CONTEXT(2) 
PARAMETRIC_REPRESENTATION_CONTEXT() REPRESENTATION_CONTEXT('2D SPACE',''
  ) );
#4844 = PCURVE('',#4845,#4850);
#4845 = PLANE('',#4846);
#4846 = AXIS2_PLACEMENT_3D('',#4847,#4848,#4849);
#4847 = CARTESIAN_POINT('',(-0.8375,0.92,8.E-02));
#4848 = DIRECTION('',(-2.232893331422E-16,0.221621103589,-0.975132855791
    ));
#4849 = DIRECTION('',(-5.074757571413E-17,-0.975132855791,
    -0.221621103589));
#4850 = DEFINITIONAL_REPRESENTATION('',(#4851),#4855);
#4851 = LINE('',#4852,#4853);
#4852 = CARTESIAN_POINT('',(0.230878283572,0.1136675));
#4853 = VECTOR('',#4854,1.);
#4854 = DIRECTION('',(0.976311180208,0.216371161204));
#4855 = ( GEOMETRIC_REPRESENTATION_CONTEXT(2) 
PARAMETRIC_REPRESENTATION_CONTEXT() REPRESENTATION_CONTEXT('2D SPACE',''
  ) );
#4856 = ORIENTED_EDGE('',*,*,#4857,.F.);
#4857 = EDGE_CURVE('',#4858,#4830,#4860,.T.);
#4858 = VERTEX_POINT('',#4859);
#4859 = CARTESIAN_POINT('',(-0.95,1.,3.E-02));
#4860 = SURFACE_CURVE('',#4861,(#4865,#4872),.PCURVE_S1.);
#4861 = LINE('',#4862,#4863);
#4862 = CARTESIAN_POINT('',(-0.95,0.694863,3.E-02));
#4863 = VECTOR('',#4864,1.);
#4864 = DIRECTION('',(-3.675722875075E-32,-1.,1.065228634467E-16));
#4865 = PCURVE('',#4805,#4866);
#4866 = DEFINITIONAL_REPRESENTATION('',(#4867),#4871);
#4867 = LINE('',#4868,#4869);
#4868 = CARTESIAN_POINT('',(3.535533905933E-02,-0.155137));
#4869 = VECTOR('',#4870,1.);
#4870 = DIRECTION('',(-6.984534836347E-16,-1.));
#4871 = ( GEOMETRIC_REPRESENTATION_CONTEXT(2) 
PARAMETRIC_REPRESENTATION_CONTEXT() REPRESENTATION_CONTEXT('2D SPACE',''
  ) );
#4872 = PCURVE('',#667,#4873);
#4873 = DEFINITIONAL_REPRESENTATION('',(#4874),#4878);
#4874 = LINE('',#4875,#4876);
#4875 = CARTESIAN_POINT('',(0.305137,-46.1525));
#4876 = VECTOR('',#4877,1.);
#4877 = DIRECTION('',(1.,8.715763992105E-33));
#4878 = ( GEOMETRIC_REPRESENTATION_CONTEXT(2) 
PARAMETRIC_REPRESENTATION_CONTEXT() REPRESENTATION_CONTEXT('2D SPACE',''
  ) );
#4879 = ORIENTED_EDGE('',*,*,#4880,.F.);
#4880 = EDGE_CURVE('',#4797,#4858,#4881,.T.);
#4881 = SURFACE_CURVE('',#4882,(#4886,#4893),.PCURVE_S1.);
#4882 = LINE('',#4883,#4884);
#4883 = CARTESIAN_POINT('',(-16.5,1.,-15.52));
#4884 = VECTOR('',#4885,1.);
#4885 = DIRECTION('',(-0.707106781187,-1.064046335705E-16,
    -0.707106781187));
#4886 = PCURVE('',#4805,#4887);
#4887 = DEFINITIONAL_REPRESENTATION('',(#4888),#4892);
#4888 = LINE('',#4889,#4890);
#4889 = CARTESIAN_POINT('',(22.026376233961,0.15));
#4890 = VECTOR('',#4891,1.);
#4891 = DIRECTION('',(1.,-7.295350781106E-16));
#4892 = ( GEOMETRIC_REPRESENTATION_CONTEXT(2) 
PARAMETRIC_REPRESENTATION_CONTEXT() REPRESENTATION_CONTEXT('2D SPACE',''
  ) );
#4893 = PCURVE('',#1639,#4894);
#4894 = DEFINITIONAL_REPRESENTATION('',(#4895),#4899);
#4895 = LINE('',#4896,#4897);
#4896 = CARTESIAN_POINT('',(15.83,19.325));
#4897 = VECTOR('',#4898,1.);
#4898 = DIRECTION('',(0.707106781187,0.707106781187));
#4899 = ( GEOMETRIC_REPRESENTATION_CONTEXT(2) 
PARAMETRIC_REPRESENTATION_CONTEXT() REPRESENTATION_CONTEXT('2D SPACE',''
  ) );
#4900 = ADVANCED_FACE('',(#4901),#4915,.T.);
#4901 = FACE_BOUND('',#4902,.T.);
#4902 = EDGE_LOOP('',(#4903,#4933,#4956,#4984));
#4903 = ORIENTED_EDGE('',*,*,#4904,.T.);
#4904 = EDGE_CURVE('',#4905,#4907,#4909,.T.);
#4905 = VERTEX_POINT('',#4906);
#4906 = CARTESIAN_POINT('',(-3.5,-0.8,0.18));
#4907 = VERTEX_POINT('',#4908);
#4908 = CARTESIAN_POINT('',(-3.1025,-0.8,0.18));
#4909 = SURFACE_CURVE('',#4910,(#4914,#4926),.PCURVE_S1.);
#4910 = LINE('',#4911,#4912);
#4911 = CARTESIAN_POINT('',(-3.5,-0.8,0.18));
#4912 = VECTOR('',#4913,1.);
#4913 = DIRECTION('',(1.,-5.243344273594E-32,-2.289834988289E-16));
#4914 = PCURVE('',#4915,#4920);
#4915 = PLANE('',#4916);
#4916 = AXIS2_PLACEMENT_3D('',#4917,#4918,#4919);
#4917 = CARTESIAN_POINT('',(-3.3,-0.8,0.18));
#4918 = DIRECTION('',(-1.831867990632E-16,-0.6,-0.8));
#4919 = DIRECTION('',(1.373900992974E-16,-0.8,0.6));
#4920 = DEFINITIONAL_REPRESENTATION('',(#4921),#4925);
#4921 = LINE('',#4922,#4923);
#4922 = CARTESIAN_POINT('',(-1.08246744901E-17,0.2));
#4923 = VECTOR('',#4924,1.);
#4924 = DIRECTION('',(-3.451266460342E-31,-1.));
#4925 = ( GEOMETRIC_REPRESENTATION_CONTEXT(2) 
PARAMETRIC_REPRESENTATION_CONTEXT() REPRESENTATION_CONTEXT('2D SPACE',''
  ) );
#4926 = PCURVE('',#1006,#4927);
#4927 = DEFINITIONAL_REPRESENTATION('',(#4928),#4932);
#4928 = LINE('',#4929,#4930);
#4929 = CARTESIAN_POINT('',(0.376369515365,-0.56632167131));
#4930 = VECTOR('',#4931,1.);
#4931 = DIRECTION('',(0.,1.));
#4932 = ( GEOMETRIC_REPRESENTATION_CONTEXT(2) 
PARAMETRIC_REPRESENTATION_CONTEXT() REPRESENTATION_CONTEXT('2D SPACE',''
  ) );
#4933 = ORIENTED_EDGE('',*,*,#4934,.T.);
#4934 = EDGE_CURVE('',#4907,#4935,#4937,.T.);
#4935 = VERTEX_POINT('',#4936);
#4936 = CARTESIAN_POINT('',(-3.1025,-1.,0.33));
#4937 = SURFACE_CURVE('',#4938,(#4942,#4949),.PCURVE_S1.);
#4938 = LINE('',#4939,#4940);
#4939 = CARTESIAN_POINT('',(-3.1025,0.694863,-0.94114725));
#4940 = VECTOR('',#4941,1.);
#4941 = DIRECTION('',(1.373900992974E-16,-0.8,0.6));
#4942 = PCURVE('',#4915,#4943);
#4943 = DEFINITIONAL_REPRESENTATION('',(#4944),#4948);
#4944 = LINE('',#4945,#4946);
#4945 = CARTESIAN_POINT('',(-1.86857875,-0.1975));
#4946 = VECTOR('',#4947,1.);
#4947 = DIRECTION('',(1.,0.));
#4948 = ( GEOMETRIC_REPRESENTATION_CONTEXT(2) 
PARAMETRIC_REPRESENTATION_CONTEXT() REPRESENTATION_CONTEXT('2D SPACE',''
  ) );
#4949 = PCURVE('',#4213,#4950);
#4950 = DEFINITIONAL_REPRESENTATION('',(#4951),#4955);
#4951 = LINE('',#4952,#4953);
#4952 = CARTESIAN_POINT('',(0.619926769579,-1.343994585292));
#4953 = VECTOR('',#4954,1.);
#4954 = DIRECTION('',(-0.8,0.6));
#4955 = ( GEOMETRIC_REPRESENTATION_CONTEXT(2) 
PARAMETRIC_REPRESENTATION_CONTEXT() REPRESENTATION_CONTEXT('2D SPACE',''
  ) );
#4956 = ORIENTED_EDGE('',*,*,#4957,.F.);
#4957 = EDGE_CURVE('',#4958,#4935,#4960,.T.);
#4958 = VERTEX_POINT('',#4959);
#4959 = CARTESIAN_POINT('',(-3.5,-1.,0.33));
#4960 = SURFACE_CURVE('',#4961,(#4965,#4972),.PCURVE_S1.);
#4961 = LINE('',#4962,#4963);
#4962 = CARTESIAN_POINT('',(-4.,-1.,0.33));
#4963 = VECTOR('',#4964,1.);
#4964 = DIRECTION('',(1.,-5.243344273594E-32,-2.289834988289E-16));
#4965 = PCURVE('',#4915,#4966);
#4966 = DEFINITIONAL_REPRESENTATION('',(#4967),#4971);
#4967 = LINE('',#4968,#4969);
#4968 = CARTESIAN_POINT('',(0.25,0.7));
#4969 = VECTOR('',#4970,1.);
#4970 = DIRECTION('',(-3.451266460342E-31,-1.));
#4971 = ( GEOMETRIC_REPRESENTATION_CONTEXT(2) 
PARAMETRIC_REPRESENTATION_CONTEXT() REPRESENTATION_CONTEXT('2D SPACE',''
  ) );
#4972 = PCURVE('',#4973,#4978);
#4973 = PLANE('',#4974);
#4974 = AXIS2_PLACEMENT_3D('',#4975,#4976,#4977);
#4975 = CARTESIAN_POINT('',(-3.3,-1.,0.33));
#4976 = DIRECTION('',(-2.804146475864E-32,-1.,1.065228634467E-16));
#4977 = DIRECTION('',(2.289834988289E-16,1.065228634467E-16,1.));
#4978 = DEFINITIONAL_REPRESENTATION('',(#4979),#4983);
#4979 = LINE('',#4980,#4981);
#4980 = CARTESIAN_POINT('',(-1.602884491803E-16,0.7));
#4981 = VECTOR('',#4982,1.);
#4982 = DIRECTION('',(0.,-1.));
#4983 = ( GEOMETRIC_REPRESENTATION_CONTEXT(2) 
PARAMETRIC_REPRESENTATION_CONTEXT() REPRESENTATION_CONTEXT('2D SPACE',''
  ) );
#4984 = ORIENTED_EDGE('',*,*,#4985,.F.);
#4985 = EDGE_CURVE('',#4905,#4958,#4986,.T.);
#4986 = SURFACE_CURVE('',#4987,(#4991,#4998),.PCURVE_S1.);
#4987 = LINE('',#4988,#4989);
#4988 = CARTESIAN_POINT('',(-3.5,-0.8,0.18));
#4989 = VECTOR('',#4990,1.);
#4990 = DIRECTION('',(1.373900992974E-16,-0.8,0.6));
#4991 = PCURVE('',#4915,#4992);
#4992 = DEFINITIONAL_REPRESENTATION('',(#4993),#4997);
#4993 = LINE('',#4994,#4995);
#4994 = CARTESIAN_POINT('',(-1.08246744901E-17,0.2));
#4995 = VECTOR('',#4996,1.);
#4996 = DIRECTION('',(1.,0.));
#4997 = ( GEOMETRIC_REPRESENTATION_CONTEXT(2) 
PARAMETRIC_REPRESENTATION_CONTEXT() REPRESENTATION_CONTEXT('2D SPACE',''
  ) );
#4998 = PCURVE('',#929,#4999);
#4999 = DEFINITIONAL_REPRESENTATION('',(#5000),#5004);
#5000 = LINE('',#5001,#5002);
#5001 = CARTESIAN_POINT('',(-1.494863,-0.661614));
#5002 = VECTOR('',#5003,1.);
#5003 = DIRECTION('',(-0.8,0.6));
#5004 = ( GEOMETRIC_REPRESENTATION_CONTEXT(2) 
PARAMETRIC_REPRESENTATION_CONTEXT() REPRESENTATION_CONTEXT('2D SPACE',''
  ) );
#5005 = ADVANCED_FACE('',(#5006),#788,.T.);
#5006 = FACE_BOUND('',#5007,.T.);
#5007 = EDGE_LOOP('',(#5008,#5009,#5032,#5060));
#5008 = ORIENTED_EDGE('',*,*,#772,.T.);
#5009 = ORIENTED_EDGE('',*,*,#5010,.T.);
#5010 = EDGE_CURVE('',#744,#5011,#5013,.T.);
#5011 = VERTEX_POINT('',#5012);
#5012 = CARTESIAN_POINT('',(-0.675,1.,7.866077735406E-02));
#5013 = SURFACE_CURVE('',#5014,(#5018,#5025),.PCURVE_S1.);
#5014 = LINE('',#5015,#5016);
#5015 = CARTESIAN_POINT('',(-0.675,0.694863,7.500931358166E-03));
#5016 = VECTOR('',#5017,1.);
#5017 = DIRECTION('',(5.200494915182E-17,0.973868596229,0.227112212966)
  );
#5018 = PCURVE('',#788,#5019);
#5019 = DEFINITIONAL_REPRESENTATION('',(#5020),#5024);
#5020 = LINE('',#5021,#5022);
#5021 = CARTESIAN_POINT('',(-0.254986796548,-0.15));
#5022 = VECTOR('',#5023,1.);
#5023 = DIRECTION('',(1.,-3.697785493223E-32));
#5024 = ( GEOMETRIC_REPRESENTATION_CONTEXT(2) 
PARAMETRIC_REPRESENTATION_CONTEXT() REPRESENTATION_CONTEXT('2D SPACE',''
  ) );
#5025 = PCURVE('',#760,#5026);
#5026 = DEFINITIONAL_REPRESENTATION('',(#5027),#5031);
#5027 = LINE('',#5028,#5029);
#5028 = CARTESIAN_POINT('',(-0.550916075398,-0.162999299657));
#5029 = VECTOR('',#5030,1.);
#5030 = DIRECTION('',(0.973868596229,0.227112212966));
#5031 = ( GEOMETRIC_REPRESENTATION_CONTEXT(2) 
PARAMETRIC_REPRESENTATION_CONTEXT() REPRESENTATION_CONTEXT('2D SPACE',''
  ) );
#5032 = ORIENTED_EDGE('',*,*,#5033,.T.);
#5033 = EDGE_CURVE('',#5011,#5034,#5036,.T.);
#5034 = VERTEX_POINT('',#5035);
#5035 = CARTESIAN_POINT('',(-0.825,1.,7.866077735406E-02));
#5036 = SURFACE_CURVE('',#5037,(#5041,#5048),.PCURVE_S1.);
#5037 = LINE('',#5038,#5039);
#5038 = CARTESIAN_POINT('',(4.5,1.,7.866077735406E-02));
#5039 = VECTOR('',#5040,1.);
#5040 = DIRECTION('',(-1.,5.243344273594E-32,2.289834988289E-16));
#5041 = PCURVE('',#788,#5042);
#5042 = DEFINITIONAL_REPRESENTATION('',(#5043),#5047);
#5043 = LINE('',#5044,#5045);
#5044 = CARTESIAN_POINT('',(5.833781539828E-02,-5.325));
#5045 = VECTOR('',#5046,1.);
#5046 = DIRECTION('',(9.244463733059E-32,1.));
#5047 = ( GEOMETRIC_REPRESENTATION_CONTEXT(2) 
PARAMETRIC_REPRESENTATION_CONTEXT() REPRESENTATION_CONTEXT('2D SPACE',''
  ) );
#5048 = PCURVE('',#5049,#5054);
#5049 = PLANE('',#5050);
#5050 = AXIS2_PLACEMENT_3D('',#5051,#5052,#5053);
#5051 = CARTESIAN_POINT('',(-0.675,1.,7.866077735406E-02));
#5052 = DIRECTION('',(2.804146475864E-32,1.,-1.065228634467E-16));
#5053 = DIRECTION('',(-2.289834988289E-16,-1.065228634467E-16,-1.));
#5054 = DEFINITIONAL_REPRESENTATION('',(#5055),#5059);
#5055 = LINE('',#5056,#5057);
#5056 = CARTESIAN_POINT('',(-8.864436962242E-17,-5.175));
#5057 = VECTOR('',#5058,1.);
#5058 = DIRECTION('',(0.,1.));
#5059 = ( GEOMETRIC_REPRESENTATION_CONTEXT(2) 
PARAMETRIC_REPRESENTATION_CONTEXT() REPRESENTATION_CONTEXT('2D SPACE',''
  ) );
#5060 = ORIENTED_EDGE('',*,*,#5061,.F.);
#5061 = EDGE_CURVE('',#773,#5034,#5062,.T.);
#5062 = SURFACE_CURVE('',#5063,(#5067,#5074),.PCURVE_S1.);
#5063 = LINE('',#5064,#5065);
#5064 = CARTESIAN_POINT('',(-0.825,0.943186633611,6.541154699934E-02));
#5065 = VECTOR('',#5066,1.);
#5066 = DIRECTION('',(5.200494915182E-17,0.973868596229,0.227112212966)
  );
#5067 = PCURVE('',#788,#5068);
#5068 = DEFINITIONAL_REPRESENTATION('',(#5069),#5073);
#5069 = LINE('',#5070,#5071);
#5070 = CARTESIAN_POINT('',(0.,0.));
#5071 = VECTOR('',#5072,1.);
#5072 = DIRECTION('',(1.,-3.697785493223E-32));
#5073 = ( GEOMETRIC_REPRESENTATION_CONTEXT(2) 
PARAMETRIC_REPRESENTATION_CONTEXT() REPRESENTATION_CONTEXT('2D SPACE',''
  ) );
#5074 = PCURVE('',#815,#5075);
#5075 = DEFINITIONAL_REPRESENTATION('',(#5076),#5080);
#5076 = LINE('',#5077,#5078);
#5077 = CARTESIAN_POINT('',(-0.302592441787,-0.105088684016));
#5078 = VECTOR('',#5079,1.);
#5079 = DIRECTION('',(0.973868596229,0.227112212966));
#5080 = ( GEOMETRIC_REPRESENTATION_CONTEXT(2) 
PARAMETRIC_REPRESENTATION_CONTEXT() REPRESENTATION_CONTEXT('2D SPACE',''
  ) );
#5081 = ADVANCED_FACE('',(#5082),#1006,.T.);
#5082 = FACE_BOUND('',#5083,.T.);
#5083 = EDGE_LOOP('',(#5084,#5105,#5106,#5127,#5128,#5129));
#5084 = ORIENTED_EDGE('',*,*,#5085,.T.);
#5085 = EDGE_CURVE('',#3762,#4907,#5086,.T.);
#5086 = SURFACE_CURVE('',#5087,(#5091,#5098),.PCURVE_S1.);
#5087 = LINE('',#5088,#5089);
#5088 = CARTESIAN_POINT('',(-3.1025,-0.8,0.18));
#5089 = VECTOR('',#5090,1.);
#5090 = DIRECTION('',(-1.,5.243344273594E-32,2.289834988289E-16));
#5091 = PCURVE('',#1006,#5092);
#5092 = DEFINITIONAL_REPRESENTATION('',(#5093),#5097);
#5093 = LINE('',#5094,#5095);
#5094 = CARTESIAN_POINT('',(0.376369515365,-0.16882167131));
#5095 = VECTOR('',#5096,1.);
#5096 = DIRECTION('',(0.,-1.));
#5097 = ( GEOMETRIC_REPRESENTATION_CONTEXT(2) 
PARAMETRIC_REPRESENTATION_CONTEXT() REPRESENTATION_CONTEXT('2D SPACE',''
  ) );
#5098 = PCURVE('',#3784,#5099);
#5099 = DEFINITIONAL_REPRESENTATION('',(#5100),#5104);
#5100 = LINE('',#5101,#5102);
#5101 = CARTESIAN_POINT('',(-0.15,1.1));
#5102 = VECTOR('',#5103,1.);
#5103 = DIRECTION('',(-1.,-2.736911063134E-48));
#5104 = ( GEOMETRIC_REPRESENTATION_CONTEXT(2) 
PARAMETRIC_REPRESENTATION_CONTEXT() REPRESENTATION_CONTEXT('2D SPACE',''
  ) );
#5105 = ORIENTED_EDGE('',*,*,#4904,.F.);
#5106 = ORIENTED_EDGE('',*,*,#5107,.F.);
#5107 = EDGE_CURVE('',#907,#4905,#5108,.T.);
#5108 = SURFACE_CURVE('',#5109,(#5113,#5120),.PCURVE_S1.);
#5109 = LINE('',#5110,#5111);
#5110 = CARTESIAN_POINT('',(-3.5,-0.8,1.258386));
#5111 = VECTOR('',#5112,1.);
#5112 = DIRECTION('',(2.289834988289E-16,1.065228634467E-16,1.));
#5113 = PCURVE('',#1006,#5114);
#5114 = DEFINITIONAL_REPRESENTATION('',(#5115),#5119);
#5115 = LINE('',#5116,#5117);
#5116 = CARTESIAN_POINT('',(-0.702016484635,-0.56632167131));
#5117 = VECTOR('',#5118,1.);
#5118 = DIRECTION('',(-1.,0.));
#5119 = ( GEOMETRIC_REPRESENTATION_CONTEXT(2) 
PARAMETRIC_REPRESENTATION_CONTEXT() REPRESENTATION_CONTEXT('2D SPACE',''
  ) );
#5120 = PCURVE('',#929,#5121);
#5121 = DEFINITIONAL_REPRESENTATION('',(#5122),#5126);
#5122 = LINE('',#5123,#5124);
#5123 = CARTESIAN_POINT('',(-1.494863,0.416772));
#5124 = VECTOR('',#5125,1.);
#5125 = DIRECTION('',(0.,1.));
#5126 = ( GEOMETRIC_REPRESENTATION_CONTEXT(2) 
PARAMETRIC_REPRESENTATION_CONTEXT() REPRESENTATION_CONTEXT('2D SPACE',''
  ) );
#5127 = ORIENTED_EDGE('',*,*,#992,.F.);
#5128 = ORIENTED_EDGE('',*,*,#4277,.T.);
#5129 = ORIENTED_EDGE('',*,*,#3796,.F.);
#5130 = ADVANCED_FACE('',(#5131),#5145,.T.);
#5131 = FACE_BOUND('',#5132,.T.);
#5132 = EDGE_LOOP('',(#5133,#5163,#5186,#5209));
#5133 = ORIENTED_EDGE('',*,*,#5134,.T.);
#5134 = EDGE_CURVE('',#5135,#5137,#5139,.T.);
#5135 = VERTEX_POINT('',#5136);
#5136 = CARTESIAN_POINT('',(-1.325,1.25,-6.661338147751E-16));
#5137 = VERTEX_POINT('',#5138);
#5138 = CARTESIAN_POINT('',(-1.175,1.25,-6.661338147751E-16));
#5139 = SURFACE_CURVE('',#5140,(#5144,#5156),.PCURVE_S1.);
#5140 = LINE('',#5141,#5142);
#5141 = CARTESIAN_POINT('',(-1.325,1.25,-6.661338147751E-16));
#5142 = VECTOR('',#5143,1.);
#5143 = DIRECTION('',(1.,-5.243344273594E-32,-2.289834988289E-16));
#5144 = PCURVE('',#5145,#5150);
#5145 = PLANE('',#5146);
#5146 = AXIS2_PLACEMENT_3D('',#5147,#5148,#5149);
#5147 = CARTESIAN_POINT('',(-1.325,1.25,-6.661338147751E-16));
#5148 = DIRECTION('',(-2.289834988289E-16,-2.289834988289E-16,-1.));
#5149 = DIRECTION('',(0.,-1.,2.289834988289E-16));
#5150 = DEFINITIONAL_REPRESENTATION('',(#5151),#5155);
#5151 = LINE('',#5152,#5153);
#5152 = CARTESIAN_POINT('',(0.,0.));
#5153 = VECTOR('',#5154,1.);
#5154 = DIRECTION('',(-2.080052407982E-46,-1.));
#5155 = ( GEOMETRIC_REPRESENTATION_CONTEXT(2) 
PARAMETRIC_REPRESENTATION_CONTEXT() REPRESENTATION_CONTEXT('2D SPACE',''
  ) );
#5156 = PCURVE('',#3945,#5157);
#5157 = DEFINITIONAL_REPRESENTATION('',(#5158),#5162);
#5158 = LINE('',#5159,#5160);
#5159 = CARTESIAN_POINT('',(7.071067811866E-02,-1.144917494145E-17));
#5160 = VECTOR('',#5161,1.);
#5161 = DIRECTION('',(2.465190328816E-32,-1.));
#5162 = ( GEOMETRIC_REPRESENTATION_CONTEXT(2) 
PARAMETRIC_REPRESENTATION_CONTEXT() REPRESENTATION_CONTEXT('2D SPACE',''
  ) );
#5163 = ORIENTED_EDGE('',*,*,#5164,.T.);
#5164 = EDGE_CURVE('',#5137,#5165,#5167,.T.);
#5165 = VERTEX_POINT('',#5166);
#5166 = CARTESIAN_POINT('',(-1.175,0.92,-5.551115123126E-16));
#5167 = SURFACE_CURVE('',#5168,(#5172,#5179),.PCURVE_S1.);
#5168 = LINE('',#5169,#5170);
#5169 = CARTESIAN_POINT('',(-1.175,0.694863,-5.551115123126E-16));
#5170 = VECTOR('',#5171,1.);
#5171 = DIRECTION('',(0.,-1.,2.289834988289E-16));
#5172 = PCURVE('',#5145,#5173);
#5173 = DEFINITIONAL_REPRESENTATION('',(#5174),#5178);
#5174 = LINE('',#5175,#5176);
#5175 = CARTESIAN_POINT('',(0.555137,-0.15));
#5176 = VECTOR('',#5177,1.);
#5177 = DIRECTION('',(1.,0.));
#5178 = ( GEOMETRIC_REPRESENTATION_CONTEXT(2) 
PARAMETRIC_REPRESENTATION_CONTEXT() REPRESENTATION_CONTEXT('2D SPACE',''
  ) );
#5179 = PCURVE('',#1287,#5180);
#5180 = DEFINITIONAL_REPRESENTATION('',(#5181),#5185);
#5181 = LINE('',#5182,#5183);
#5182 = CARTESIAN_POINT('',(-0.550916075398,-0.170500231015));
#5183 = VECTOR('',#5184,1.);
#5184 = DIRECTION('',(-1.,2.289834988289E-16));
#5185 = ( GEOMETRIC_REPRESENTATION_CONTEXT(2) 
PARAMETRIC_REPRESENTATION_CONTEXT() REPRESENTATION_CONTEXT('2D SPACE',''
  ) );
#5186 = ORIENTED_EDGE('',*,*,#5187,.F.);
#5187 = EDGE_CURVE('',#5188,#5165,#5190,.T.);
#5188 = VERTEX_POINT('',#5189);
#5189 = CARTESIAN_POINT('',(-1.325,0.92,-5.551115123126E-16));
#5190 = SURFACE_CURVE('',#5191,(#5195,#5202),.PCURVE_S1.);
#5191 = LINE('',#5192,#5193);
#5192 = CARTESIAN_POINT('',(-1.325,0.92,-5.551115123126E-16));
#5193 = VECTOR('',#5194,1.);
#5194 = DIRECTION('',(1.,-5.243344273594E-32,-2.289834988289E-16));
#5195 = PCURVE('',#5145,#5196);
#5196 = DEFINITIONAL_REPRESENTATION('',(#5197),#5201);
#5197 = LINE('',#5198,#5199);
#5198 = CARTESIAN_POINT('',(0.33,5.473822126269E-48));
#5199 = VECTOR('',#5200,1.);
#5200 = DIRECTION('',(-2.080052407982E-46,-1.));
#5201 = ( GEOMETRIC_REPRESENTATION_CONTEXT(2) 
PARAMETRIC_REPRESENTATION_CONTEXT() REPRESENTATION_CONTEXT('2D SPACE',''
  ) );
#5202 = PCURVE('',#1258,#5203);
#5203 = DEFINITIONAL_REPRESENTATION('',(#5204),#5208);
#5204 = LINE('',#5205,#5206);
#5205 = CARTESIAN_POINT('',(0.,0.));
#5206 = VECTOR('',#5207,1.);
#5207 = DIRECTION('',(0.,-1.));
#5208 = ( GEOMETRIC_REPRESENTATION_CONTEXT(2) 
PARAMETRIC_REPRESENTATION_CONTEXT() REPRESENTATION_CONTEXT('2D SPACE',''
  ) );
#5209 = ORIENTED_EDGE('',*,*,#5210,.T.);
#5210 = EDGE_CURVE('',#5188,#5135,#5211,.T.);
#5211 = SURFACE_CURVE('',#5212,(#5216,#5223),.PCURVE_S1.);
#5212 = LINE('',#5213,#5214);
#5213 = CARTESIAN_POINT('',(-1.325,0.92,-5.551115123126E-16));
#5214 = VECTOR('',#5215,1.);
#5215 = DIRECTION('',(0.,1.,-2.289834988289E-16));
#5216 = PCURVE('',#5145,#5217);
#5217 = DEFINITIONAL_REPRESENTATION('',(#5218),#5222);
#5218 = LINE('',#5219,#5220);
#5219 = CARTESIAN_POINT('',(0.33,5.473822126269E-48));
#5220 = VECTOR('',#5221,1.);
#5221 = DIRECTION('',(-1.,0.));
#5222 = ( GEOMETRIC_REPRESENTATION_CONTEXT(2) 
PARAMETRIC_REPRESENTATION_CONTEXT() REPRESENTATION_CONTEXT('2D SPACE',''
  ) );
#5223 = PCURVE('',#1342,#5224);
#5224 = DEFINITIONAL_REPRESENTATION('',(#5225),#5229);
#5225 = LINE('',#5226,#5227);
#5226 = CARTESIAN_POINT('',(-0.325779075398,-0.170500231015));
#5227 = VECTOR('',#5228,1.);
#5228 = DIRECTION('',(1.,-2.289834988289E-16));
#5229 = ( GEOMETRIC_REPRESENTATION_CONTEXT(2) 
PARAMETRIC_REPRESENTATION_CONTEXT() REPRESENTATION_CONTEXT('2D SPACE',''
  ) );
#5230 = ADVANCED_FACE('',(#5231),#3784,.F.);
#5231 = FACE_BOUND('',#5232,.T.);
#5232 = EDGE_LOOP('',(#5233,#5234,#5235,#5236));
#5233 = ORIENTED_EDGE('',*,*,#5085,.F.);
#5234 = ORIENTED_EDGE('',*,*,#3761,.T.);
#5235 = ORIENTED_EDGE('',*,*,#4225,.T.);
#5236 = ORIENTED_EDGE('',*,*,#5237,.T.);
#5237 = EDGE_CURVE('',#4198,#4907,#5238,.T.);
#5238 = SURFACE_CURVE('',#5239,(#5243,#5250),.PCURVE_S1.);
#5239 = LINE('',#5240,#5241);
#5240 = CARTESIAN_POINT('',(-3.1025,0.694863,0.18));
#5241 = VECTOR('',#5242,1.);
#5242 = DIRECTION('',(2.804146475864E-32,1.,-1.065228634467E-16));
#5243 = PCURVE('',#3784,#5244);
#5244 = DEFINITIONAL_REPRESENTATION('',(#5245),#5249);
#5245 = LINE('',#5246,#5247);
#5246 = CARTESIAN_POINT('',(-0.15,2.594863));
#5247 = VECTOR('',#5248,1.);
#5248 = DIRECTION('',(9.031806508344E-47,1.));
#5249 = ( GEOMETRIC_REPRESENTATION_CONTEXT(2) 
PARAMETRIC_REPRESENTATION_CONTEXT() REPRESENTATION_CONTEXT('2D SPACE',''
  ) );
#5250 = PCURVE('',#4213,#5251);
#5251 = DEFINITIONAL_REPRESENTATION('',(#5252),#5256);
#5252 = LINE('',#5253,#5254);
#5253 = CARTESIAN_POINT('',(0.619926769579,-0.222847335292));
#5254 = VECTOR('',#5255,1.);
#5255 = DIRECTION('',(1.,0.));
#5256 = ( GEOMETRIC_REPRESENTATION_CONTEXT(2) 
PARAMETRIC_REPRESENTATION_CONTEXT() REPRESENTATION_CONTEXT('2D SPACE',''
  ) );
#5257 = ADVANCED_FACE('',(#5258),#2145,.T.);
#5258 = FACE_BOUND('',#5259,.T.);
#5259 = EDGE_LOOP('',(#5260,#5281,#5282,#5303));
#5260 = ORIENTED_EDGE('',*,*,#5261,.F.);
#5261 = EDGE_CURVE('',#2130,#2281,#5262,.T.);
#5262 = SURFACE_CURVE('',#5263,(#5267,#5274),.PCURVE_S1.);
#5263 = LINE('',#5264,#5265);
#5264 = CARTESIAN_POINT('',(-4.,1.35,0.31));
#5265 = VECTOR('',#5266,1.);
#5266 = DIRECTION('',(-1.,5.243344273594E-32,2.289834988289E-16));
#5267 = PCURVE('',#2145,#5268);
#5268 = DEFINITIONAL_REPRESENTATION('',(#5269),#5273);
#5269 = LINE('',#5270,#5271);
#5270 = CARTESIAN_POINT('',(2.381948804864E-15,1.675));
#5271 = VECTOR('',#5272,1.);
#5272 = DIRECTION('',(0.,1.));
#5273 = ( GEOMETRIC_REPRESENTATION_CONTEXT(2) 
PARAMETRIC_REPRESENTATION_CONTEXT() REPRESENTATION_CONTEXT('2D SPACE',''
  ) );
#5274 = PCURVE('',#530,#5275);
#5275 = DEFINITIONAL_REPRESENTATION('',(#5276),#5280);
#5276 = LINE('',#5277,#5278);
#5277 = CARTESIAN_POINT('',(5.35,0.323724317761));
#5278 = VECTOR('',#5279,1.);
#5279 = DIRECTION('',(1.,2.736911063134E-48));
#5280 = ( GEOMETRIC_REPRESENTATION_CONTEXT(2) 
PARAMETRIC_REPRESENTATION_CONTEXT() REPRESENTATION_CONTEXT('2D SPACE',''
  ) );
#5281 = ORIENTED_EDGE('',*,*,#2129,.F.);
#5282 = ORIENTED_EDGE('',*,*,#5283,.F.);
#5283 = EDGE_CURVE('',#2279,#2101,#5284,.T.);
#5284 = SURFACE_CURVE('',#5285,(#5289,#5296),.PCURVE_S1.);
#5285 = LINE('',#5286,#5287);
#5286 = CARTESIAN_POINT('',(-2.325,1.35,0.16));
#5287 = VECTOR('',#5288,1.);
#5288 = DIRECTION('',(1.,-5.243344273594E-32,-2.289834988289E-16));
#5289 = PCURVE('',#2145,#5290);
#5290 = DEFINITIONAL_REPRESENTATION('',(#5291),#5295);
#5291 = LINE('',#5292,#5293);
#5292 = CARTESIAN_POINT('',(0.15,-3.434752482434E-17));
#5293 = VECTOR('',#5294,1.);
#5294 = DIRECTION('',(0.,-1.));
#5295 = ( GEOMETRIC_REPRESENTATION_CONTEXT(2) 
PARAMETRIC_REPRESENTATION_CONTEXT() REPRESENTATION_CONTEXT('2D SPACE',''
  ) );
#5296 = PCURVE('',#2117,#5297);
#5297 = DEFINITIONAL_REPRESENTATION('',(#5298),#5302);
#5298 = LINE('',#5299,#5300);
#5299 = CARTESIAN_POINT('',(4.712388980385,0.15));
#5300 = VECTOR('',#5301,1.);
#5301 = DIRECTION('',(0.,-1.));
#5302 = ( GEOMETRIC_REPRESENTATION_CONTEXT(2) 
PARAMETRIC_REPRESENTATION_CONTEXT() REPRESENTATION_CONTEXT('2D SPACE',''
  ) );
#5303 = ORIENTED_EDGE('',*,*,#2278,.T.);
#5304 = ADVANCED_FACE('',(#5305),#146,.T.);
#5305 = FACE_BOUND('',#5306,.T.);
#5306 = EDGE_LOOP('',(#5307,#5308,#5309,#5310));
#5307 = ORIENTED_EDGE('',*,*,#542,.F.);
#5308 = ORIENTED_EDGE('',*,*,#1851,.F.);
#5309 = ORIENTED_EDGE('',*,*,#130,.F.);
#5310 = ORIENTED_EDGE('',*,*,#217,.F.);
#5311 = ADVANCED_FACE('',(#5312),#1947,.T.);
#5312 = FACE_BOUND('',#5313,.T.);
#5313 = EDGE_LOOP('',(#5314,#5335,#5336,#5337));
#5314 = ORIENTED_EDGE('',*,*,#5315,.F.);
#5315 = EDGE_CURVE('',#1932,#2420,#5316,.T.);
#5316 = SURFACE_CURVE('',#5317,(#5321,#5328),.PCURVE_S1.);
#5317 = LINE('',#5318,#5319);
#5318 = CARTESIAN_POINT('',(-2.175,0.943186633611,6.541154699934E-02));
#5319 = VECTOR('',#5320,1.);
#5320 = DIRECTION('',(-1.,5.243344273594E-32,2.289834988289E-16));
#5321 = PCURVE('',#1947,#5322);
#5322 = DEFINITIONAL_REPRESENTATION('',(#5323),#5327);
#5323 = LINE('',#5324,#5325);
#5324 = CARTESIAN_POINT('',(1.497112172552E-18,-0.15));
#5325 = VECTOR('',#5326,1.);
#5326 = DIRECTION('',(9.244463733059E-32,1.));
#5327 = ( GEOMETRIC_REPRESENTATION_CONTEXT(2) 
PARAMETRIC_REPRESENTATION_CONTEXT() REPRESENTATION_CONTEXT('2D SPACE',''
  ) );
#5328 = PCURVE('',#1976,#5329);
#5329 = DEFINITIONAL_REPRESENTATION('',(#5330),#5334);
#5330 = LINE('',#5331,#5332);
#5331 = CARTESIAN_POINT('',(4.483277601658,0.));
#5332 = VECTOR('',#5333,1.);
#5333 = DIRECTION('',(0.,1.));
#5334 = ( GEOMETRIC_REPRESENTATION_CONTEXT(2) 
PARAMETRIC_REPRESENTATION_CONTEXT() REPRESENTATION_CONTEXT('2D SPACE',''
  ) );
#5335 = ORIENTED_EDGE('',*,*,#1931,.T.);
#5336 = ORIENTED_EDGE('',*,*,#2253,.T.);
#5337 = ORIENTED_EDGE('',*,*,#2443,.F.);
#5338 = ADVANCED_FACE('',(#5339),#1976,.T.);
#5339 = FACE_BOUND('',#5340,.T.);
#5340 = EDGE_LOOP('',(#5341,#5342,#5343,#5364));
#5341 = ORIENTED_EDGE('',*,*,#5315,.T.);
#5342 = ORIENTED_EDGE('',*,*,#2419,.T.);
#5343 = ORIENTED_EDGE('',*,*,#5344,.F.);
#5344 = EDGE_CURVE('',#1960,#2397,#5345,.T.);
#5345 = SURFACE_CURVE('',#5346,(#5350,#5357),.PCURVE_S1.);
#5346 = LINE('',#5347,#5348);
#5347 = CARTESIAN_POINT('',(-2.175,0.92,3.619548911246E-02));
#5348 = VECTOR('',#5349,1.);
#5349 = DIRECTION('',(-1.,5.243344273594E-32,2.289834988289E-16));
#5350 = PCURVE('',#1976,#5351);
#5351 = DEFINITIONAL_REPRESENTATION('',(#5352),#5356);
#5352 = LINE('',#5353,#5354);
#5353 = CARTESIAN_POINT('',(3.14159265359,0.));
#5354 = VECTOR('',#5355,1.);
#5355 = DIRECTION('',(0.,1.));
#5356 = ( GEOMETRIC_REPRESENTATION_CONTEXT(2) 
PARAMETRIC_REPRESENTATION_CONTEXT() REPRESENTATION_CONTEXT('2D SPACE',''
  ) );
#5357 = PCURVE('',#2004,#5358);
#5358 = DEFINITIONAL_REPRESENTATION('',(#5359),#5363);
#5359 = LINE('',#5360,#5361);
#5360 = CARTESIAN_POINT('',(3.619548911246E-02,-8.288169738796E-18));
#5361 = VECTOR('',#5362,1.);
#5362 = DIRECTION('',(0.,-1.));
#5363 = ( GEOMETRIC_REPRESENTATION_CONTEXT(2) 
PARAMETRIC_REPRESENTATION_CONTEXT() REPRESENTATION_CONTEXT('2D SPACE',''
  ) );
#5364 = ORIENTED_EDGE('',*,*,#1959,.F.);
#5365 = ADVANCED_FACE('',(#5366),#2004,.F.);
#5366 = FACE_BOUND('',#5367,.T.);
#5367 = EDGE_LOOP('',(#5368,#5369,#5370,#5391));
#5368 = ORIENTED_EDGE('',*,*,#5344,.T.);
#5369 = ORIENTED_EDGE('',*,*,#2396,.F.);
#5370 = ORIENTED_EDGE('',*,*,#5371,.T.);
#5371 = EDGE_CURVE('',#2374,#1989,#5372,.T.);
#5372 = SURFACE_CURVE('',#5373,(#5377,#5384),.PCURVE_S1.);
#5373 = LINE('',#5374,#5375);
#5374 = CARTESIAN_POINT('',(-2.325,0.92,-3.330669073875E-16));
#5375 = VECTOR('',#5376,1.);
#5376 = DIRECTION('',(1.,-5.243344273594E-32,-2.289834988289E-16));
#5377 = PCURVE('',#2004,#5378);
#5378 = DEFINITIONAL_REPRESENTATION('',(#5379),#5383);
#5379 = LINE('',#5380,#5381);
#5380 = CARTESIAN_POINT('',(-3.434752482434E-17,-0.15));
#5381 = VECTOR('',#5382,1.);
#5382 = DIRECTION('',(0.,1.));
#5383 = ( GEOMETRIC_REPRESENTATION_CONTEXT(2) 
PARAMETRIC_REPRESENTATION_CONTEXT() REPRESENTATION_CONTEXT('2D SPACE',''
  ) );
#5384 = PCURVE('',#2032,#5385);
#5385 = DEFINITIONAL_REPRESENTATION('',(#5386),#5390);
#5386 = LINE('',#5387,#5388);
#5387 = CARTESIAN_POINT('',(0.33,-5.473822126269E-48));
#5388 = VECTOR('',#5389,1.);
#5389 = DIRECTION('',(-2.080052407982E-46,-1.));
#5390 = ( GEOMETRIC_REPRESENTATION_CONTEXT(2) 
PARAMETRIC_REPRESENTATION_CONTEXT() REPRESENTATION_CONTEXT('2D SPACE',''
  ) );
#5391 = ORIENTED_EDGE('',*,*,#1988,.T.);
#5392 = ADVANCED_FACE('',(#5393),#2032,.T.);
#5393 = FACE_BOUND('',#5394,.T.);
#5394 = EDGE_LOOP('',(#5395,#5416,#5417,#5418));
#5395 = ORIENTED_EDGE('',*,*,#5396,.F.);
#5396 = EDGE_CURVE('',#2017,#2351,#5397,.T.);
#5397 = SURFACE_CURVE('',#5398,(#5402,#5409),.PCURVE_S1.);
#5398 = LINE('',#5399,#5400);
#5399 = CARTESIAN_POINT('',(-2.175,1.25,-4.440892098501E-16));
#5400 = VECTOR('',#5401,1.);
#5401 = DIRECTION('',(-1.,5.243344273594E-32,2.289834988289E-16));
#5402 = PCURVE('',#2032,#5403);
#5403 = DEFINITIONAL_REPRESENTATION('',(#5404),#5408);
#5404 = LINE('',#5405,#5406);
#5405 = CARTESIAN_POINT('',(-7.865016410391E-33,-0.15));
#5406 = VECTOR('',#5407,1.);
#5407 = DIRECTION('',(2.080052407982E-46,1.));
#5408 = ( GEOMETRIC_REPRESENTATION_CONTEXT(2) 
PARAMETRIC_REPRESENTATION_CONTEXT() REPRESENTATION_CONTEXT('2D SPACE',''
  ) );
#5409 = PCURVE('',#2060,#5410);
#5410 = DEFINITIONAL_REPRESENTATION('',(#5411),#5415);
#5411 = LINE('',#5412,#5413);
#5412 = CARTESIAN_POINT('',(7.071067811866E-02,1.144917494145E-17));
#5413 = VECTOR('',#5414,1.);
#5414 = DIRECTION('',(-2.465190328816E-32,-1.));
#5415 = ( GEOMETRIC_REPRESENTATION_CONTEXT(2) 
PARAMETRIC_REPRESENTATION_CONTEXT() REPRESENTATION_CONTEXT('2D SPACE',''
  ) );
#5416 = ORIENTED_EDGE('',*,*,#2016,.F.);
#5417 = ORIENTED_EDGE('',*,*,#5371,.F.);
#5418 = ORIENTED_EDGE('',*,*,#2373,.T.);
#5419 = ADVANCED_FACE('',(#5420),#2060,.F.);
#5420 = FACE_BOUND('',#5421,.T.);
#5421 = EDGE_LOOP('',(#5422,#5423,#5424,#5445));
#5422 = ORIENTED_EDGE('',*,*,#5396,.T.);
#5423 = ORIENTED_EDGE('',*,*,#2350,.F.);
#5424 = ORIENTED_EDGE('',*,*,#5425,.F.);
#5425 = EDGE_CURVE('',#2045,#2328,#5426,.T.);
#5426 = SURFACE_CURVE('',#5427,(#5431,#5438),.PCURVE_S1.);
#5427 = LINE('',#5428,#5429);
#5428 = CARTESIAN_POINT('',(-2.175,1.3,5.E-02));
#5429 = VECTOR('',#5430,1.);
#5430 = DIRECTION('',(-1.,5.243344273594E-32,2.289834988289E-16));
#5431 = PCURVE('',#2060,#5432);
#5432 = DEFINITIONAL_REPRESENTATION('',(#5433),#5437);
#5433 = LINE('',#5434,#5435);
#5434 = CARTESIAN_POINT('',(-0.,0.));
#5435 = VECTOR('',#5436,1.);
#5436 = DIRECTION('',(-2.465190328816E-32,-1.));
#5437 = ( GEOMETRIC_REPRESENTATION_CONTEXT(2) 
PARAMETRIC_REPRESENTATION_CONTEXT() REPRESENTATION_CONTEXT('2D SPACE',''
  ) );
#5438 = PCURVE('',#2088,#5439);
#5439 = DEFINITIONAL_REPRESENTATION('',(#5440),#5444);
#5440 = LINE('',#5441,#5442);
#5441 = CARTESIAN_POINT('',(6.E-02,1.373900992974E-17));
#5442 = VECTOR('',#5443,1.);
#5443 = DIRECTION('',(0.,-1.));
#5444 = ( GEOMETRIC_REPRESENTATION_CONTEXT(2) 
PARAMETRIC_REPRESENTATION_CONTEXT() REPRESENTATION_CONTEXT('2D SPACE',''
  ) );
#5445 = ORIENTED_EDGE('',*,*,#2044,.T.);
#5446 = ADVANCED_FACE('',(#5447),#2088,.F.);
#5447 = FACE_BOUND('',#5448,.T.);
#5448 = EDGE_LOOP('',(#5449,#5450,#5451,#5472));
#5449 = ORIENTED_EDGE('',*,*,#5425,.T.);
#5450 = ORIENTED_EDGE('',*,*,#2327,.F.);
#5451 = ORIENTED_EDGE('',*,*,#5452,.F.);
#5452 = EDGE_CURVE('',#2073,#2304,#5453,.T.);
#5453 = SURFACE_CURVE('',#5454,(#5458,#5465),.PCURVE_S1.);
#5454 = LINE('',#5455,#5456);
#5455 = CARTESIAN_POINT('',(-2.175,1.3,0.11));
#5456 = VECTOR('',#5457,1.);
#5457 = DIRECTION('',(-1.,5.243344273594E-32,2.289834988289E-16));
#5458 = PCURVE('',#2088,#5459);
#5459 = DEFINITIONAL_REPRESENTATION('',(#5460),#5464);
#5460 = LINE('',#5461,#5462);
#5461 = CARTESIAN_POINT('',(-0.,0.));
#5462 = VECTOR('',#5463,1.);
#5463 = DIRECTION('',(0.,-1.));
#5464 = ( GEOMETRIC_REPRESENTATION_CONTEXT(2) 
PARAMETRIC_REPRESENTATION_CONTEXT() REPRESENTATION_CONTEXT('2D SPACE',''
  ) );
#5465 = PCURVE('',#2117,#5466);
#5466 = DEFINITIONAL_REPRESENTATION('',(#5467),#5471);
#5467 = LINE('',#5468,#5469);
#5468 = CARTESIAN_POINT('',(3.14159265359,0.));
#5469 = VECTOR('',#5470,1.);
#5470 = DIRECTION('',(0.,1.));
#5471 = ( GEOMETRIC_REPRESENTATION_CONTEXT(2) 
PARAMETRIC_REPRESENTATION_CONTEXT() REPRESENTATION_CONTEXT('2D SPACE',''
  ) );
#5472 = ORIENTED_EDGE('',*,*,#2072,.T.);
#5473 = ADVANCED_FACE('',(#5474),#2117,.F.);
#5474 = FACE_BOUND('',#5475,.F.);
#5475 = EDGE_LOOP('',(#5476,#5477,#5478,#5479));
#5476 = ORIENTED_EDGE('',*,*,#2100,.F.);
#5477 = ORIENTED_EDGE('',*,*,#5283,.F.);
#5478 = ORIENTED_EDGE('',*,*,#2303,.T.);
#5479 = ORIENTED_EDGE('',*,*,#5452,.F.);
#5480 = ADVANCED_FACE('',(#5481),#1166,.T.);
#5481 = FACE_BOUND('',#5482,.T.);
#5482 = EDGE_LOOP('',(#5483,#5484,#5485,#5508));
#5483 = ORIENTED_EDGE('',*,*,#1549,.F.);
#5484 = ORIENTED_EDGE('',*,*,#1150,.T.);
#5485 = ORIENTED_EDGE('',*,*,#5486,.F.);
#5486 = EDGE_CURVE('',#5487,#1123,#5489,.T.);
#5487 = VERTEX_POINT('',#5488);
#5488 = CARTESIAN_POINT('',(-1.45,1.,3.E-02));
#5489 = SURFACE_CURVE('',#5490,(#5494,#5501),.PCURVE_S1.);
#5490 = LINE('',#5491,#5492);
#5491 = CARTESIAN_POINT('',(-1.45,0.694863,3.E-02));
#5492 = VECTOR('',#5493,1.);
#5493 = DIRECTION('',(-3.675722875075E-32,-1.,1.065228634467E-16));
#5494 = PCURVE('',#1166,#5495);
#5495 = DEFINITIONAL_REPRESENTATION('',(#5496),#5500);
#5496 = LINE('',#5497,#5498);
#5497 = CARTESIAN_POINT('',(3.535533905933E-02,-0.155137));
#5498 = VECTOR('',#5499,1.);
#5499 = DIRECTION('',(-6.984534836347E-16,-1.));
#5500 = ( GEOMETRIC_REPRESENTATION_CONTEXT(2) 
PARAMETRIC_REPRESENTATION_CONTEXT() REPRESENTATION_CONTEXT('2D SPACE',''
  ) );
#5501 = PCURVE('',#667,#5502);
#5502 = DEFINITIONAL_REPRESENTATION('',(#5503),#5507);
#5503 = LINE('',#5504,#5505);
#5504 = CARTESIAN_POINT('',(0.305137,-45.6525));
#5505 = VECTOR('',#5506,1.);
#5506 = DIRECTION('',(1.,8.715763992105E-33));
#5507 = ( GEOMETRIC_REPRESENTATION_CONTEXT(2) 
PARAMETRIC_REPRESENTATION_CONTEXT() REPRESENTATION_CONTEXT('2D SPACE',''
  ) );
#5508 = ORIENTED_EDGE('',*,*,#5509,.F.);
#5509 = EDGE_CURVE('',#1550,#5487,#5510,.T.);
#5510 = SURFACE_CURVE('',#5511,(#5515,#5522),.PCURVE_S1.);
#5511 = LINE('',#5512,#5513);
#5512 = CARTESIAN_POINT('',(-17.,1.,-15.52));
#5513 = VECTOR('',#5514,1.);
#5514 = DIRECTION('',(-0.707106781187,-1.064046335705E-16,
    -0.707106781187));
#5515 = PCURVE('',#1166,#5516);
#5516 = DEFINITIONAL_REPRESENTATION('',(#5517),#5521);
#5517 = LINE('',#5518,#5519);
#5518 = CARTESIAN_POINT('',(22.026376233961,0.15));
#5519 = VECTOR('',#5520,1.);
#5520 = DIRECTION('',(1.,-7.295350781106E-16));
#5521 = ( GEOMETRIC_REPRESENTATION_CONTEXT(2) 
PARAMETRIC_REPRESENTATION_CONTEXT() REPRESENTATION_CONTEXT('2D SPACE',''
  ) );
#5522 = PCURVE('',#639,#5523);
#5523 = DEFINITIONAL_REPRESENTATION('',(#5524),#5528);
#5524 = LINE('',#5525,#5526);
#5525 = CARTESIAN_POINT('',(15.83,19.325));
#5526 = VECTOR('',#5527,1.);
#5527 = DIRECTION('',(0.707106781187,0.707106781187));
#5528 = ( GEOMETRIC_REPRESENTATION_CONTEXT(2) 
PARAMETRIC_REPRESENTATION_CONTEXT() REPRESENTATION_CONTEXT('2D SPACE',''
  ) );
#5529 = ADVANCED_FACE('',(#5530),#760,.T.);
#5530 = FACE_BOUND('',#5531,.T.);
#5531 = EDGE_LOOP('',(#5532,#5555,#5556,#5557,#5558,#5581,#5609,#5637,
    #5666,#5694,#5717));
#5532 = ORIENTED_EDGE('',*,*,#5533,.T.);
#5533 = EDGE_CURVE('',#5534,#5011,#5536,.T.);
#5534 = VERTEX_POINT('',#5535);
#5535 = CARTESIAN_POINT('',(-0.675,1.,8.E-02));
#5536 = SURFACE_CURVE('',#5537,(#5541,#5548),.PCURVE_S1.);
#5537 = LINE('',#5538,#5539);
#5538 = CARTESIAN_POINT('',(-0.675,1.,0.841614));
#5539 = VECTOR('',#5540,1.);
#5540 = DIRECTION('',(-2.289834988289E-16,-1.065228634467E-16,-1.));
#5541 = PCURVE('',#760,#5542);
#5542 = DEFINITIONAL_REPRESENTATION('',(#5543),#5547);
#5543 = LINE('',#5544,#5545);
#5544 = CARTESIAN_POINT('',(-0.245779075398,0.671113768985));
#5545 = VECTOR('',#5546,1.);
#5546 = DIRECTION('',(-1.065228634467E-16,-1.));
#5547 = ( GEOMETRIC_REPRESENTATION_CONTEXT(2) 
PARAMETRIC_REPRESENTATION_CONTEXT() REPRESENTATION_CONTEXT('2D SPACE',''
  ) );
#5548 = PCURVE('',#5049,#5549);
#5549 = DEFINITIONAL_REPRESENTATION('',(#5550),#5554);
#5550 = LINE('',#5551,#5552);
#5551 = CARTESIAN_POINT('',(-0.762953222646,1.747036983643E-16));
#5552 = VECTOR('',#5553,1.);
#5553 = DIRECTION('',(1.,0.));
#5554 = ( GEOMETRIC_REPRESENTATION_CONTEXT(2) 
PARAMETRIC_REPRESENTATION_CONTEXT() REPRESENTATION_CONTEXT('2D SPACE',''
  ) );
#5555 = ORIENTED_EDGE('',*,*,#5010,.F.);
#5556 = ORIENTED_EDGE('',*,*,#743,.T.);
#5557 = ORIENTED_EDGE('',*,*,#1408,.F.);
#5558 = ORIENTED_EDGE('',*,*,#5559,.F.);
#5559 = EDGE_CURVE('',#5560,#1381,#5562,.T.);
#5560 = VERTEX_POINT('',#5561);
#5561 = CARTESIAN_POINT('',(-0.675,1.25,-7.771561172376E-16));
#5562 = SURFACE_CURVE('',#5563,(#5567,#5574),.PCURVE_S1.);
#5563 = LINE('',#5564,#5565);
#5564 = CARTESIAN_POINT('',(-0.675,0.694863,-6.661338147751E-16));
#5565 = VECTOR('',#5566,1.);
#5566 = DIRECTION('',(0.,-1.,2.289834988289E-16));
#5567 = PCURVE('',#760,#5568);
#5568 = DEFINITIONAL_REPRESENTATION('',(#5569),#5573);
#5569 = LINE('',#5570,#5571);
#5570 = CARTESIAN_POINT('',(-0.550916075398,-0.170500231015));
#5571 = VECTOR('',#5572,1.);
#5572 = DIRECTION('',(-1.,2.289834988289E-16));
#5573 = ( GEOMETRIC_REPRESENTATION_CONTEXT(2) 
PARAMETRIC_REPRESENTATION_CONTEXT() REPRESENTATION_CONTEXT('2D SPACE',''
  ) );
#5574 = PCURVE('',#1396,#5575);
#5575 = DEFINITIONAL_REPRESENTATION('',(#5576),#5580);
#5576 = LINE('',#5577,#5578);
#5577 = CARTESIAN_POINT('',(0.555137,-0.15));
#5578 = VECTOR('',#5579,1.);
#5579 = DIRECTION('',(1.,0.));
#5580 = ( GEOMETRIC_REPRESENTATION_CONTEXT(2) 
PARAMETRIC_REPRESENTATION_CONTEXT() REPRESENTATION_CONTEXT('2D SPACE',''
  ) );
#5581 = ORIENTED_EDGE('',*,*,#5582,.F.);
#5582 = EDGE_CURVE('',#5583,#5560,#5585,.T.);
#5583 = VERTEX_POINT('',#5584);
#5584 = CARTESIAN_POINT('',(-0.675,1.3,5.E-02));
#5585 = SURFACE_CURVE('',#5586,(#5590,#5597),.PCURVE_S1.);
#5586 = LINE('',#5587,#5588);
#5587 = CARTESIAN_POINT('',(-0.675,0.694863,-0.555137));
#5588 = VECTOR('',#5589,1.);
#5589 = DIRECTION('',(-1.619157848018E-16,-0.707106781187,
    -0.707106781186));
#5590 = PCURVE('',#760,#5591);
#5591 = DEFINITIONAL_REPRESENTATION('',(#5592),#5596);
#5592 = LINE('',#5593,#5594);
#5593 = CARTESIAN_POINT('',(-0.550916075398,-0.725637231015));
#5594 = VECTOR('',#5595,1.);
#5595 = DIRECTION('',(-0.707106781187,-0.707106781186));
#5596 = ( GEOMETRIC_REPRESENTATION_CONTEXT(2) 
PARAMETRIC_REPRESENTATION_CONTEXT() REPRESENTATION_CONTEXT('2D SPACE',''
  ) );
#5597 = PCURVE('',#5598,#5603);
#5598 = PLANE('',#5599);
#5599 = AXIS2_PLACEMENT_3D('',#5600,#5601,#5602);
#5600 = CARTESIAN_POINT('',(-0.825,1.3,5.E-02));
#5601 = DIRECTION('',(-1.619157848018E-16,0.707106781186,-0.707106781187
    ));
#5602 = DIRECTION('',(-1.619157848018E-16,-0.707106781187,
    -0.707106781186));
#5603 = DEFINITIONAL_REPRESENTATION('',(#5604),#5608);
#5604 = LINE('',#5605,#5606);
#5605 = CARTESIAN_POINT('',(0.855792952494,-0.15));
#5606 = VECTOR('',#5607,1.);
#5607 = DIRECTION('',(1.,-7.395570986447E-32));
#5608 = ( GEOMETRIC_REPRESENTATION_CONTEXT(2) 
PARAMETRIC_REPRESENTATION_CONTEXT() REPRESENTATION_CONTEXT('2D SPACE',''
  ) );
#5609 = ORIENTED_EDGE('',*,*,#5610,.F.);
#5610 = EDGE_CURVE('',#5611,#5583,#5613,.T.);
#5611 = VERTEX_POINT('',#5612);
#5612 = CARTESIAN_POINT('',(-0.675,1.3,0.11));
#5613 = SURFACE_CURVE('',#5614,(#5618,#5625),.PCURVE_S1.);
#5614 = LINE('',#5615,#5616);
#5615 = CARTESIAN_POINT('',(-0.675,1.3,0.841614));
#5616 = VECTOR('',#5617,1.);
#5617 = DIRECTION('',(-2.289834988289E-16,-2.289834988289E-16,-1.));
#5618 = PCURVE('',#760,#5619);
#5619 = DEFINITIONAL_REPRESENTATION('',(#5620),#5624);
#5620 = LINE('',#5621,#5622);
#5621 = CARTESIAN_POINT('',(5.422092460224E-02,0.671113768985));
#5622 = VECTOR('',#5623,1.);
#5623 = DIRECTION('',(-2.289834988289E-16,-1.));
#5624 = ( GEOMETRIC_REPRESENTATION_CONTEXT(2) 
PARAMETRIC_REPRESENTATION_CONTEXT() REPRESENTATION_CONTEXT('2D SPACE',''
  ) );
#5625 = PCURVE('',#5626,#5631);
#5626 = PLANE('',#5627);
#5627 = AXIS2_PLACEMENT_3D('',#5628,#5629,#5630);
#5628 = CARTESIAN_POINT('',(-0.825,1.3,0.11));
#5629 = DIRECTION('',(0.,1.,-2.289834988289E-16));
#5630 = DIRECTION('',(-2.289834988289E-16,-2.289834988289E-16,-1.));
#5631 = DEFINITIONAL_REPRESENTATION('',(#5632),#5636);
#5632 = LINE('',#5633,#5634);
#5633 = CARTESIAN_POINT('',(-0.731614,-0.15));
#5634 = VECTOR('',#5635,1.);
#5635 = DIRECTION('',(1.,0.));
#5636 = ( GEOMETRIC_REPRESENTATION_CONTEXT(2) 
PARAMETRIC_REPRESENTATION_CONTEXT() REPRESENTATION_CONTEXT('2D SPACE',''
  ) );
#5637 = ORIENTED_EDGE('',*,*,#5638,.F.);
#5638 = EDGE_CURVE('',#5639,#5611,#5641,.T.);
#5639 = VERTEX_POINT('',#5640);
#5640 = CARTESIAN_POINT('',(-0.675,1.35,0.16));
#5641 = SURFACE_CURVE('',#5642,(#5647,#5654),.PCURVE_S1.);
#5642 = CIRCLE('',#5643,5.E-02);
#5643 = AXIS2_PLACEMENT_3D('',#5644,#5645,#5646);
#5644 = CARTESIAN_POINT('',(-0.675,1.35,0.11));
#5645 = DIRECTION('',(1.,-5.243344273594E-32,-2.289834988289E-16));
#5646 = DIRECTION('',(-2.080052407982E-46,1.,-2.289834988289E-16));
#5647 = PCURVE('',#760,#5648);
#5648 = DEFINITIONAL_REPRESENTATION('',(#5649),#5653);
#5649 = CIRCLE('',#5650,5.E-02);
#5650 = AXIS2_PLACEMENT_2D('',#5651,#5652);
#5651 = CARTESIAN_POINT('',(0.104220924602,-6.050023101547E-02));
#5652 = DIRECTION('',(1.,-2.289834988289E-16));
#5653 = ( GEOMETRIC_REPRESENTATION_CONTEXT(2) 
PARAMETRIC_REPRESENTATION_CONTEXT() REPRESENTATION_CONTEXT('2D SPACE',''
  ) );
#5654 = PCURVE('',#5655,#5660);
#5655 = CYLINDRICAL_SURFACE('',#5656,5.E-02);
#5656 = AXIS2_PLACEMENT_3D('',#5657,#5658,#5659);
#5657 = CARTESIAN_POINT('',(-0.825,1.35,0.11));
#5658 = DIRECTION('',(1.,-5.243344273594E-32,-2.289834988289E-16));
#5659 = DIRECTION('',(-2.080052407982E-46,1.,-2.289834988289E-16));
#5660 = DEFINITIONAL_REPRESENTATION('',(#5661),#5665);
#5661 = LINE('',#5662,#5663);
#5662 = CARTESIAN_POINT('',(-2.22044604925E-16,0.15));
#5663 = VECTOR('',#5664,1.);
#5664 = DIRECTION('',(1.,0.));
#5665 = ( GEOMETRIC_REPRESENTATION_CONTEXT(2) 
PARAMETRIC_REPRESENTATION_CONTEXT() REPRESENTATION_CONTEXT('2D SPACE',''
  ) );
#5666 = ORIENTED_EDGE('',*,*,#5667,.F.);
#5667 = EDGE_CURVE('',#5668,#5639,#5670,.T.);
#5668 = VERTEX_POINT('',#5669);
#5669 = CARTESIAN_POINT('',(-0.675,1.35,0.31));
#5670 = SURFACE_CURVE('',#5671,(#5675,#5682),.PCURVE_S1.);
#5671 = LINE('',#5672,#5673);
#5672 = CARTESIAN_POINT('',(-0.675,1.35,0.841614));
#5673 = VECTOR('',#5674,1.);
#5674 = DIRECTION('',(-2.289834988289E-16,-2.289834988289E-16,-1.));
#5675 = PCURVE('',#760,#5676);
#5676 = DEFINITIONAL_REPRESENTATION('',(#5677),#5681);
#5677 = LINE('',#5678,#5679);
#5678 = CARTESIAN_POINT('',(0.104220924602,0.671113768985));
#5679 = VECTOR('',#5680,1.);
#5680 = DIRECTION('',(-2.289834988289E-16,-1.));
#5681 = ( GEOMETRIC_REPRESENTATION_CONTEXT(2) 
PARAMETRIC_REPRESENTATION_CONTEXT() REPRESENTATION_CONTEXT('2D SPACE',''
  ) );
#5682 = PCURVE('',#5683,#5688);
#5683 = PLANE('',#5684);
#5684 = AXIS2_PLACEMENT_3D('',#5685,#5686,#5687);
#5685 = CARTESIAN_POINT('',(-0.825,1.35,0.31));
#5686 = DIRECTION('',(0.,1.,-2.289834988289E-16));
#5687 = DIRECTION('',(-2.289834988289E-16,-2.289834988289E-16,-1.));
#5688 = DEFINITIONAL_REPRESENTATION('',(#5689),#5693);
#5689 = LINE('',#5690,#5691);
#5690 = CARTESIAN_POINT('',(-0.531614,-0.15));
#5691 = VECTOR('',#5692,1.);
#5692 = DIRECTION('',(1.,0.));
#5693 = ( GEOMETRIC_REPRESENTATION_CONTEXT(2) 
PARAMETRIC_REPRESENTATION_CONTEXT() REPRESENTATION_CONTEXT('2D SPACE',''
  ) );
#5694 = ORIENTED_EDGE('',*,*,#5695,.F.);
#5695 = EDGE_CURVE('',#5696,#5668,#5698,.T.);
#5696 = VERTEX_POINT('',#5697);
#5697 = CARTESIAN_POINT('',(-0.675,1.,0.31));
#5698 = SURFACE_CURVE('',#5699,(#5703,#5710),.PCURVE_S1.);
#5699 = LINE('',#5700,#5701);
#5700 = CARTESIAN_POINT('',(-0.675,0.694863,0.31));
#5701 = VECTOR('',#5702,1.);
#5702 = DIRECTION('',(2.804146475864E-32,1.,-1.065228634467E-16));
#5703 = PCURVE('',#760,#5704);
#5704 = DEFINITIONAL_REPRESENTATION('',(#5705),#5709);
#5705 = LINE('',#5706,#5707);
#5706 = CARTESIAN_POINT('',(-0.550916075398,0.139499768985));
#5707 = VECTOR('',#5708,1.);
#5708 = DIRECTION('',(1.,-1.065228634467E-16));
#5709 = ( GEOMETRIC_REPRESENTATION_CONTEXT(2) 
PARAMETRIC_REPRESENTATION_CONTEXT() REPRESENTATION_CONTEXT('2D SPACE',''
  ) );
#5710 = PCURVE('',#530,#5711);
#5711 = DEFINITIONAL_REPRESENTATION('',(#5712),#5716);
#5712 = LINE('',#5713,#5714);
#5713 = CARTESIAN_POINT('',(2.025,0.978861317761));
#5714 = VECTOR('',#5715,1.);
#5715 = DIRECTION('',(-9.031806508344E-47,-1.));
#5716 = ( GEOMETRIC_REPRESENTATION_CONTEXT(2) 
PARAMETRIC_REPRESENTATION_CONTEXT() REPRESENTATION_CONTEXT('2D SPACE',''
  ) );
#5717 = ORIENTED_EDGE('',*,*,#5718,.T.);
#5718 = EDGE_CURVE('',#5696,#5534,#5719,.T.);
#5719 = SURFACE_CURVE('',#5720,(#5724,#5731),.PCURVE_S1.);
#5720 = LINE('',#5721,#5722);
#5721 = CARTESIAN_POINT('',(-0.675,1.,0.841614));
#5722 = VECTOR('',#5723,1.);
#5723 = DIRECTION('',(-2.289834988289E-16,-1.065228634467E-16,-1.));
#5724 = PCURVE('',#760,#5725);
#5725 = DEFINITIONAL_REPRESENTATION('',(#5726),#5730);
#5726 = LINE('',#5727,#5728);
#5727 = CARTESIAN_POINT('',(-0.245779075398,0.671113768985));
#5728 = VECTOR('',#5729,1.);
#5729 = DIRECTION('',(-1.065228634467E-16,-1.));
#5730 = ( GEOMETRIC_REPRESENTATION_CONTEXT(2) 
PARAMETRIC_REPRESENTATION_CONTEXT() REPRESENTATION_CONTEXT('2D SPACE',''
  ) );
#5731 = PCURVE('',#5732,#5737);
#5732 = PLANE('',#5733);
#5733 = AXIS2_PLACEMENT_3D('',#5734,#5735,#5736);
#5734 = CARTESIAN_POINT('',(3.325,1.,0.31));
#5735 = DIRECTION('',(2.804146475864E-32,1.,-1.065228634467E-16));
#5736 = DIRECTION('',(-2.289834988289E-16,-1.065228634467E-16,-1.));
#5737 = DEFINITIONAL_REPRESENTATION('',(#5738),#5742);
#5738 = LINE('',#5739,#5740);
#5739 = CARTESIAN_POINT('',(-0.531614,4.));
#5740 = VECTOR('',#5741,1.);
#5741 = DIRECTION('',(1.,0.));
#5742 = ( GEOMETRIC_REPRESENTATION_CONTEXT(2) 
PARAMETRIC_REPRESENTATION_CONTEXT() REPRESENTATION_CONTEXT('2D SPACE',''
  ) );
#5743 = ADVANCED_FACE('',(#5744),#3496,.F.);
#5744 = FACE_BOUND('',#5745,.T.);
#5745 = EDGE_LOOP('',(#5746,#5769,#5797,#5820,#5843,#5864));
#5746 = ORIENTED_EDGE('',*,*,#5747,.F.);
#5747 = EDGE_CURVE('',#5748,#3476,#5750,.T.);
#5748 = VERTEX_POINT('',#5749);
#5749 = CARTESIAN_POINT('',(-2.785,-1.8,0.92));
#5750 = SURFACE_CURVE('',#5751,(#5755,#5762),.PCURVE_S1.);
#5751 = LINE('',#5752,#5753);
#5752 = CARTESIAN_POINT('',(-2.7262105,-1.7412105,0.841614));
#5753 = VECTOR('',#5754,1.);
#5754 = DIRECTION('',(0.514495755428,0.514495755428,-0.68599434057));
#5755 = PCURVE('',#3496,#5756);
#5756 = DEFINITIONAL_REPRESENTATION('',(#5757),#5761);
#5757 = LINE('',#5758,#5759);
#5758 = CARTESIAN_POINT('',(-0.153851586344,0.266614));
#5759 = VECTOR('',#5760,1.);
#5760 = DIRECTION('',(-0.727606875109,-0.68599434057));
#5761 = ( GEOMETRIC_REPRESENTATION_CONTEXT(2) 
PARAMETRIC_REPRESENTATION_CONTEXT() REPRESENTATION_CONTEXT('2D SPACE',''
  ) );
#5762 = PCURVE('',#3746,#5763);
#5763 = DEFINITIONAL_REPRESENTATION('',(#5764),#5768);
#5764 = LINE('',#5765,#5766);
#5765 = CARTESIAN_POINT('',(0.1520175,-9.5112105));
#5766 = VECTOR('',#5767,1.);
#5767 = DIRECTION('',(-0.857492925713,0.514495755428));
#5768 = ( GEOMETRIC_REPRESENTATION_CONTEXT(2) 
PARAMETRIC_REPRESENTATION_CONTEXT() REPRESENTATION_CONTEXT('2D SPACE',''
  ) );
#5769 = ORIENTED_EDGE('',*,*,#5770,.T.);
#5770 = EDGE_CURVE('',#5748,#5771,#5773,.T.);
#5771 = VERTEX_POINT('',#5772);
#5772 = CARTESIAN_POINT('',(-2.785,-1.8,1.));
#5773 = SURFACE_CURVE('',#5774,(#5778,#5785),.PCURVE_S1.);
#5774 = LINE('',#5775,#5776);
#5775 = CARTESIAN_POINT('',(-2.785,-1.8,0.841614));
#5776 = VECTOR('',#5777,1.);
#5777 = DIRECTION('',(1.065228634467E-16,1.065228634467E-16,1.));
#5778 = PCURVE('',#3496,#5779);
#5779 = DEFINITIONAL_REPRESENTATION('',(#5780),#5784);
#5780 = LINE('',#5781,#5782);
#5781 = CARTESIAN_POINT('',(-7.071067811865E-02,0.266614));
#5782 = VECTOR('',#5783,1.);
#5783 = DIRECTION('',(1.731854914144E-16,1.));
#5784 = ( GEOMETRIC_REPRESENTATION_CONTEXT(2) 
PARAMETRIC_REPRESENTATION_CONTEXT() REPRESENTATION_CONTEXT('2D SPACE',''
  ) );
#5785 = PCURVE('',#5786,#5791);
#5786 = PLANE('',#5787);
#5787 = AXIS2_PLACEMENT_3D('',#5788,#5789,#5790);
#5788 = CARTESIAN_POINT('',(21.285,-1.8,0.92));
#5789 = DIRECTION('',(2.804146475864E-32,1.,-1.065228634467E-16));
#5790 = DIRECTION('',(2.289834988289E-16,1.065228634467E-16,1.));
#5791 = DEFINITIONAL_REPRESENTATION('',(#5792),#5796);
#5792 = LINE('',#5793,#5794);
#5793 = CARTESIAN_POINT('',(-7.8386E-02,-24.07));
#5794 = VECTOR('',#5795,1.);
#5795 = DIRECTION('',(1.,-1.224606353822E-16));
#5796 = ( GEOMETRIC_REPRESENTATION_CONTEXT(2) 
PARAMETRIC_REPRESENTATION_CONTEXT() REPRESENTATION_CONTEXT('2D SPACE',''
  ) );
#5797 = ORIENTED_EDGE('',*,*,#5798,.F.);
#5798 = EDGE_CURVE('',#5799,#5771,#5801,.T.);
#5799 = VERTEX_POINT('',#5800);
#5800 = CARTESIAN_POINT('',(-2.885,-1.9,1.));
#5801 = SURFACE_CURVE('',#5802,(#5806,#5813),.PCURVE_S1.);
#5802 = LINE('',#5803,#5804);
#5803 = CARTESIAN_POINT('',(-0.290137,0.694863,1.));
#5804 = VECTOR('',#5805,1.);
#5805 = DIRECTION('',(0.707106781187,0.707106781187,-3.238315696035E-16)
  );
#5806 = PCURVE('',#3496,#5807);
#5807 = DEFINITIONAL_REPRESENTATION('',(#5808),#5812);
#5808 = LINE('',#5809,#5810);
#5809 = CARTESIAN_POINT('',(-3.598979768981,0.425));
#5810 = VECTOR('',#5811,1.);
#5811 = DIRECTION('',(-1.,-4.930380657631E-32));
#5812 = ( GEOMETRIC_REPRESENTATION_CONTEXT(2) 
PARAMETRIC_REPRESENTATION_CONTEXT() REPRESENTATION_CONTEXT('2D SPACE',''
  ) );
#5813 = PCURVE('',#62,#5814);
#5814 = DEFINITIONAL_REPRESENTATION('',(#5815),#5819);
#5815 = LINE('',#5816,#5817);
#5816 = CARTESIAN_POINT('',(-2.188730268294,41.386487388842));
#5817 = VECTOR('',#5818,1.);
#5818 = DIRECTION('',(-0.707106781187,0.707106781187));
#5819 = ( GEOMETRIC_REPRESENTATION_CONTEXT(2) 
PARAMETRIC_REPRESENTATION_CONTEXT() REPRESENTATION_CONTEXT('2D SPACE',''
  ) );
#5820 = ORIENTED_EDGE('',*,*,#5821,.F.);
#5821 = EDGE_CURVE('',#5822,#5799,#5824,.T.);
#5822 = VERTEX_POINT('',#5823);
#5823 = CARTESIAN_POINT('',(-2.885,-1.9,0.1));
#5824 = SURFACE_CURVE('',#5825,(#5829,#5836),.PCURVE_S1.);
#5825 = LINE('',#5826,#5827);
#5826 = CARTESIAN_POINT('',(-2.885,-1.9,0.575));
#5827 = VECTOR('',#5828,1.);
#5828 = DIRECTION('',(2.289834988289E-16,2.289834988289E-16,1.));
#5829 = PCURVE('',#3496,#5830);
#5830 = DEFINITIONAL_REPRESENTATION('',(#5831),#5835);
#5831 = LINE('',#5832,#5833);
#5832 = CARTESIAN_POINT('',(7.071067811865E-02,-2.289834988289E-17));
#5833 = VECTOR('',#5834,1.);
#5834 = DIRECTION('',(-2.958228394579E-31,1.));
#5835 = ( GEOMETRIC_REPRESENTATION_CONTEXT(2) 
PARAMETRIC_REPRESENTATION_CONTEXT() REPRESENTATION_CONTEXT('2D SPACE',''
  ) );
#5836 = PCURVE('',#4261,#5837);
#5837 = DEFINITIONAL_REPRESENTATION('',(#5838),#5842);
#5838 = LINE('',#5839,#5840);
#5839 = CARTESIAN_POINT('',(-20.,0.475));
#5840 = VECTOR('',#5841,1.);
#5841 = DIRECTION('',(0.,-1.));
#5842 = ( GEOMETRIC_REPRESENTATION_CONTEXT(2) 
PARAMETRIC_REPRESENTATION_CONTEXT() REPRESENTATION_CONTEXT('2D SPACE',''
  ) );
#5843 = ORIENTED_EDGE('',*,*,#5844,.T.);
#5844 = EDGE_CURVE('',#5822,#3474,#5845,.T.);
#5845 = SURFACE_CURVE('',#5846,(#5850,#5857),.PCURVE_S1.);
#5846 = LINE('',#5847,#5848);
#5847 = CARTESIAN_POINT('',(-0.290137,0.694863,2.022120740741));
#5848 = VECTOR('',#5849,1.);
#5849 = DIRECTION('',(0.626384365641,0.626384365641,0.463988418994));
#5850 = PCURVE('',#3496,#5851);
#5851 = DEFINITIONAL_REPRESENTATION('',(#5852),#5856);
#5852 = LINE('',#5853,#5854);
#5853 = CARTESIAN_POINT('',(-3.598979768981,1.447120740741));
#5854 = VECTOR('',#5855,1.);
#5855 = DIRECTION('',(-0.885841265148,0.463988418994));
#5856 = ( GEOMETRIC_REPRESENTATION_CONTEXT(2) 
PARAMETRIC_REPRESENTATION_CONTEXT() REPRESENTATION_CONTEXT('2D SPACE',''
  ) );
#5857 = PCURVE('',#3524,#5858);
#5858 = DEFINITIONAL_REPRESENTATION('',(#5859),#5863);
#5859 = LINE('',#5860,#5861);
#5860 = CARTESIAN_POINT('',(2.893214097584,-7.055137));
#5861 = VECTOR('',#5862,1.);
#5862 = DIRECTION('',(0.779514352966,0.626384365641));
#5863 = ( GEOMETRIC_REPRESENTATION_CONTEXT(2) 
PARAMETRIC_REPRESENTATION_CONTEXT() REPRESENTATION_CONTEXT('2D SPACE',''
  ) );
#5864 = ORIENTED_EDGE('',*,*,#3473,.T.);
#5865 = ADVANCED_FACE('',(#5866),#1315,.T.);
#5866 = FACE_BOUND('',#5867,.T.);
#5867 = EDGE_LOOP('',(#5868,#5869,#5890,#5891));
#5868 = ORIENTED_EDGE('',*,*,#1299,.T.);
#5869 = ORIENTED_EDGE('',*,*,#5870,.T.);
#5870 = EDGE_CURVE('',#1271,#4677,#5871,.T.);
#5871 = SURFACE_CURVE('',#5872,(#5876,#5883),.PCURVE_S1.);
#5872 = LINE('',#5873,#5874);
#5873 = CARTESIAN_POINT('',(-1.175,0.694863,7.500931358166E-03));
#5874 = VECTOR('',#5875,1.);
#5875 = DIRECTION('',(5.200494915182E-17,0.973868596229,0.227112212966)
  );
#5876 = PCURVE('',#1315,#5877);
#5877 = DEFINITIONAL_REPRESENTATION('',(#5878),#5882);
#5878 = LINE('',#5879,#5880);
#5879 = CARTESIAN_POINT('',(-0.254986796548,-0.15));
#5880 = VECTOR('',#5881,1.);
#5881 = DIRECTION('',(1.,-3.697785493223E-32));
#5882 = ( GEOMETRIC_REPRESENTATION_CONTEXT(2) 
PARAMETRIC_REPRESENTATION_CONTEXT() REPRESENTATION_CONTEXT('2D SPACE',''
  ) );
#5883 = PCURVE('',#1287,#5884);
#5884 = DEFINITIONAL_REPRESENTATION('',(#5885),#5889);
#5885 = LINE('',#5886,#5887);
#5886 = CARTESIAN_POINT('',(-0.550916075398,-0.162999299657));
#5887 = VECTOR('',#5888,1.);
#5888 = DIRECTION('',(0.973868596229,0.227112212966));
#5889 = ( GEOMETRIC_REPRESENTATION_CONTEXT(2) 
PARAMETRIC_REPRESENTATION_CONTEXT() REPRESENTATION_CONTEXT('2D SPACE',''
  ) );
#5890 = ORIENTED_EDGE('',*,*,#4676,.T.);
#5891 = ORIENTED_EDGE('',*,*,#5892,.F.);
#5892 = EDGE_CURVE('',#1300,#4654,#5893,.T.);
#5893 = SURFACE_CURVE('',#5894,(#5898,#5905),.PCURVE_S1.);
#5894 = LINE('',#5895,#5896);
#5895 = CARTESIAN_POINT('',(-1.325,0.943186633611,6.541154699934E-02));
#5896 = VECTOR('',#5897,1.);
#5897 = DIRECTION('',(5.200494915182E-17,0.973868596229,0.227112212966)
  );
#5898 = PCURVE('',#1315,#5899);
#5899 = DEFINITIONAL_REPRESENTATION('',(#5900),#5904);
#5900 = LINE('',#5901,#5902);
#5901 = CARTESIAN_POINT('',(0.,0.));
#5902 = VECTOR('',#5903,1.);
#5903 = DIRECTION('',(1.,-3.697785493223E-32));
#5904 = ( GEOMETRIC_REPRESENTATION_CONTEXT(2) 
PARAMETRIC_REPRESENTATION_CONTEXT() REPRESENTATION_CONTEXT('2D SPACE',''
  ) );
#5905 = PCURVE('',#1342,#5906);
#5906 = DEFINITIONAL_REPRESENTATION('',(#5907),#5911);
#5907 = LINE('',#5908,#5909);
#5908 = CARTESIAN_POINT('',(-0.302592441787,-0.105088684016));
#5909 = VECTOR('',#5910,1.);
#5910 = DIRECTION('',(0.973868596229,0.227112212966));
#5911 = ( GEOMETRIC_REPRESENTATION_CONTEXT(2) 
PARAMETRIC_REPRESENTATION_CONTEXT() REPRESENTATION_CONTEXT('2D SPACE',''
  ) );
#5912 = ADVANCED_FACE('',(#5913),#4213,.F.);
#5913 = FACE_BOUND('',#5914,.T.);
#5914 = EDGE_LOOP('',(#5915,#5916,#5917,#5918,#5941));
#5915 = ORIENTED_EDGE('',*,*,#4934,.F.);
#5916 = ORIENTED_EDGE('',*,*,#5237,.F.);
#5917 = ORIENTED_EDGE('',*,*,#4197,.T.);
#5918 = ORIENTED_EDGE('',*,*,#5919,.T.);
#5919 = EDGE_CURVE('',#4173,#5920,#5922,.T.);
#5920 = VERTEX_POINT('',#5921);
#5921 = CARTESIAN_POINT('',(-3.1025,-1.,1.));
#5922 = SURFACE_CURVE('',#5923,(#5927,#5934),.PCURVE_S1.);
#5923 = LINE('',#5924,#5925);
#5924 = CARTESIAN_POINT('',(-3.1025,0.694863,1.));
#5925 = VECTOR('',#5926,1.);
#5926 = DIRECTION('',(0.,1.,-2.289834988289E-16));
#5927 = PCURVE('',#4213,#5928);
#5928 = DEFINITIONAL_REPRESENTATION('',(#5929),#5933);
#5929 = LINE('',#5930,#5931);
#5930 = CARTESIAN_POINT('',(0.619926769579,0.597152664708));
#5931 = VECTOR('',#5932,1.);
#5932 = DIRECTION('',(1.,-1.224606353822E-16));
#5933 = ( GEOMETRIC_REPRESENTATION_CONTEXT(2) 
PARAMETRIC_REPRESENTATION_CONTEXT() REPRESENTATION_CONTEXT('2D SPACE',''
  ) );
#5934 = PCURVE('',#62,#5935);
#5935 = DEFINITIONAL_REPRESENTATION('',(#5936),#5940);
#5936 = LINE('',#5937,#5938);
#5937 = CARTESIAN_POINT('',(-2.188730268294,38.574124388842));
#5938 = VECTOR('',#5939,1.);
#5939 = DIRECTION('',(-1.,0.));
#5940 = ( GEOMETRIC_REPRESENTATION_CONTEXT(2) 
PARAMETRIC_REPRESENTATION_CONTEXT() REPRESENTATION_CONTEXT('2D SPACE',''
  ) );
#5941 = ORIENTED_EDGE('',*,*,#5942,.T.);
#5942 = EDGE_CURVE('',#5920,#4935,#5943,.T.);
#5943 = SURFACE_CURVE('',#5944,(#5948,#5955),.PCURVE_S1.);
#5944 = LINE('',#5945,#5946);
#5945 = CARTESIAN_POINT('',(-3.1025,-1.,0.841614));
#5946 = VECTOR('',#5947,1.);
#5947 = DIRECTION('',(-2.289834988289E-16,-1.065228634467E-16,-1.));
#5948 = PCURVE('',#4213,#5949);
#5949 = DEFINITIONAL_REPRESENTATION('',(#5950),#5954);
#5950 = LINE('',#5951,#5952);
#5951 = CARTESIAN_POINT('',(-1.074936230421,0.438766664708));
#5952 = VECTOR('',#5953,1.);
#5953 = DIRECTION('',(0.,-1.));
#5954 = ( GEOMETRIC_REPRESENTATION_CONTEXT(2) 
PARAMETRIC_REPRESENTATION_CONTEXT() REPRESENTATION_CONTEXT('2D SPACE',''
  ) );
#5955 = PCURVE('',#4973,#5956);
#5956 = DEFINITIONAL_REPRESENTATION('',(#5957),#5961);
#5957 = LINE('',#5958,#5959);
#5958 = CARTESIAN_POINT('',(0.511614,-0.1975));
#5959 = VECTOR('',#5960,1.);
#5960 = DIRECTION('',(-1.,0.));
#5961 = ( GEOMETRIC_REPRESENTATION_CONTEXT(2) 
PARAMETRIC_REPRESENTATION_CONTEXT() REPRESENTATION_CONTEXT('2D SPACE',''
  ) );
#5962 = ADVANCED_FACE('',(#5963,#6077),#4973,.T.);
#5963 = FACE_BOUND('',#5964,.T.);
#5964 = EDGE_LOOP('',(#5965,#5995,#6023,#6051));
#5965 = ORIENTED_EDGE('',*,*,#5966,.F.);
#5966 = EDGE_CURVE('',#5967,#5969,#5971,.T.);
#5967 = VERTEX_POINT('',#5968);
#5968 = CARTESIAN_POINT('',(-3.115,-1.,0.51));
#5969 = VERTEX_POINT('',#5970);
#5970 = CARTESIAN_POINT('',(-3.115,-1.,0.82));
#5971 = SURFACE_CURVE('',#5972,(#5976,#5983),.PCURVE_S1.);
#5972 = LINE('',#5973,#5974);
#5973 = CARTESIAN_POINT('',(-3.115,-1.,0.841614));
#5974 = VECTOR('',#5975,1.);
#5975 = DIRECTION('',(2.289834988289E-16,1.065228634467E-16,1.));
#5976 = PCURVE('',#4973,#5977);
#5977 = DEFINITIONAL_REPRESENTATION('',(#5978),#5982);
#5978 = LINE('',#5979,#5980);
#5979 = CARTESIAN_POINT('',(0.511614,-0.185));
#5980 = VECTOR('',#5981,1.);
#5981 = DIRECTION('',(1.,0.));
#5982 = ( GEOMETRIC_REPRESENTATION_CONTEXT(2) 
PARAMETRIC_REPRESENTATION_CONTEXT() REPRESENTATION_CONTEXT('2D SPACE',''
  ) );
#5983 = PCURVE('',#5984,#5989);
#5984 = PLANE('',#5985);
#5985 = AXIS2_PLACEMENT_3D('',#5986,#5987,#5988);
#5986 = CARTESIAN_POINT('',(-3.115,-1.464196,0.375201));
#5987 = DIRECTION('',(1.,-5.243344273594E-32,-2.289834988289E-16));
#5988 = DIRECTION('',(5.243344273594E-32,1.,0.));
#5989 = DEFINITIONAL_REPRESENTATION('',(#5990),#5994);
#5990 = LINE('',#5991,#5992);
#5991 = CARTESIAN_POINT('',(0.464196,0.466413));
#5992 = VECTOR('',#5993,1.);
#5993 = DIRECTION('',(1.065228634467E-16,1.));
#5994 = ( GEOMETRIC_REPRESENTATION_CONTEXT(2) 
PARAMETRIC_REPRESENTATION_CONTEXT() REPRESENTATION_CONTEXT('2D SPACE',''
  ) );
#5995 = ORIENTED_EDGE('',*,*,#5996,.F.);
#5996 = EDGE_CURVE('',#5997,#5967,#5999,.T.);
#5997 = VERTEX_POINT('',#5998);
#5998 = CARTESIAN_POINT('',(-3.265,-1.,0.51));
#5999 = SURFACE_CURVE('',#6000,(#6004,#6011),.PCURVE_S1.);
#6000 = LINE('',#6001,#6002);
#6001 = CARTESIAN_POINT('',(4.5,-1.,0.51));
#6002 = VECTOR('',#6003,1.);
#6003 = DIRECTION('',(1.,-5.243344273594E-32,-2.289834988289E-16));
#6004 = PCURVE('',#4973,#6005);
#6005 = DEFINITIONAL_REPRESENTATION('',(#6006),#6010);
#6006 = LINE('',#6007,#6008);
#6007 = CARTESIAN_POINT('',(0.18,-7.8));
#6008 = VECTOR('',#6009,1.);
#6009 = DIRECTION('',(0.,-1.));
#6010 = ( GEOMETRIC_REPRESENTATION_CONTEXT(2) 
PARAMETRIC_REPRESENTATION_CONTEXT() REPRESENTATION_CONTEXT('2D SPACE',''
  ) );
#6011 = PCURVE('',#6012,#6017);
#6012 = PLANE('',#6013);
#6013 = AXIS2_PLACEMENT_3D('',#6014,#6015,#6016);
#6014 = CARTESIAN_POINT('',(-3.265,-1.1,0.51));
#6015 = DIRECTION('',(2.289834988289E-16,2.289834988289E-16,1.));
#6016 = DIRECTION('',(0.,1.,-2.289834988289E-16));
#6017 = DEFINITIONAL_REPRESENTATION('',(#6018),#6022);
#6018 = LINE('',#6019,#6020);
#6019 = CARTESIAN_POINT('',(0.1,-7.765));
#6020 = VECTOR('',#6021,1.);
#6021 = DIRECTION('',(2.080052407982E-46,-1.));
#6022 = ( GEOMETRIC_REPRESENTATION_CONTEXT(2) 
PARAMETRIC_REPRESENTATION_CONTEXT() REPRESENTATION_CONTEXT('2D SPACE',''
  ) );
#6023 = ORIENTED_EDGE('',*,*,#6024,.T.);
#6024 = EDGE_CURVE('',#5997,#6025,#6027,.T.);
#6025 = VERTEX_POINT('',#6026);
#6026 = CARTESIAN_POINT('',(-3.265,-1.,0.82));
#6027 = SURFACE_CURVE('',#6028,(#6032,#6039),.PCURVE_S1.);
#6028 = LINE('',#6029,#6030);
#6029 = CARTESIAN_POINT('',(-3.265,-1.,0.841614));
#6030 = VECTOR('',#6031,1.);
#6031 = DIRECTION('',(2.289834988289E-16,1.065228634467E-16,1.));
#6032 = PCURVE('',#4973,#6033);
#6033 = DEFINITIONAL_REPRESENTATION('',(#6034),#6038);
#6034 = LINE('',#6035,#6036);
#6035 = CARTESIAN_POINT('',(0.511614,-3.5E-02));
#6036 = VECTOR('',#6037,1.);
#6037 = DIRECTION('',(1.,0.));
#6038 = ( GEOMETRIC_REPRESENTATION_CONTEXT(2) 
PARAMETRIC_REPRESENTATION_CONTEXT() REPRESENTATION_CONTEXT('2D SPACE',''
  ) );
#6039 = PCURVE('',#6040,#6045);
#6040 = PLANE('',#6041);
#6041 = AXIS2_PLACEMENT_3D('',#6042,#6043,#6044);
#6042 = CARTESIAN_POINT('',(-3.265,-1.464196,0.375201));
#6043 = DIRECTION('',(1.,-5.243344273594E-32,-2.289834988289E-16));
#6044 = DIRECTION('',(5.243344273594E-32,1.,0.));
#6045 = DEFINITIONAL_REPRESENTATION('',(#6046),#6050);
#6046 = LINE('',#6047,#6048);
#6047 = CARTESIAN_POINT('',(0.464196,0.466413));
#6048 = VECTOR('',#6049,1.);
#6049 = DIRECTION('',(1.065228634467E-16,1.));
#6050 = ( GEOMETRIC_REPRESENTATION_CONTEXT(2) 
PARAMETRIC_REPRESENTATION_CONTEXT() REPRESENTATION_CONTEXT('2D SPACE',''
  ) );
#6051 = ORIENTED_EDGE('',*,*,#6052,.F.);
#6052 = EDGE_CURVE('',#5969,#6025,#6053,.T.);
#6053 = SURFACE_CURVE('',#6054,(#6058,#6065),.PCURVE_S1.);
#6054 = LINE('',#6055,#6056);
#6055 = CARTESIAN_POINT('',(4.5,-1.,0.82));
#6056 = VECTOR('',#6057,1.);
#6057 = DIRECTION('',(-1.,5.243344273594E-32,2.289834988289E-16));
#6058 = PCURVE('',#4973,#6059);
#6059 = DEFINITIONAL_REPRESENTATION('',(#6060),#6064);
#6060 = LINE('',#6061,#6062);
#6061 = CARTESIAN_POINT('',(0.49,-7.8));
#6062 = VECTOR('',#6063,1.);
#6063 = DIRECTION('',(0.,1.));
#6064 = ( GEOMETRIC_REPRESENTATION_CONTEXT(2) 
PARAMETRIC_REPRESENTATION_CONTEXT() REPRESENTATION_CONTEXT('2D SPACE',''
  ) );
#6065 = PCURVE('',#6066,#6071);
#6066 = PLANE('',#6067);
#6067 = AXIS2_PLACEMENT_3D('',#6068,#6069,#6070);
#6068 = CARTESIAN_POINT('',(-3.265,-1.9,0.82));
#6069 = DIRECTION('',(2.289834988289E-16,-1.200639317332E-47,1.));
#6070 = DIRECTION('',(5.243344273594E-32,1.,-2.917038411497E-62));
#6071 = DEFINITIONAL_REPRESENTATION('',(#6072),#6076);
#6072 = LINE('',#6073,#6074);
#6073 = CARTESIAN_POINT('',(0.9,-7.765));
#6074 = VECTOR('',#6075,1.);
#6075 = DIRECTION('',(-6.679536616831E-78,1.));
#6076 = ( GEOMETRIC_REPRESENTATION_CONTEXT(2) 
PARAMETRIC_REPRESENTATION_CONTEXT() REPRESENTATION_CONTEXT('2D SPACE',''
  ) );
#6077 = FACE_BOUND('',#6078,.T.);
#6078 = EDGE_LOOP('',(#6079,#6102,#6123,#6124));
#6079 = ORIENTED_EDGE('',*,*,#6080,.F.);
#6080 = EDGE_CURVE('',#6081,#5920,#6083,.T.);
#6081 = VERTEX_POINT('',#6082);
#6082 = CARTESIAN_POINT('',(-3.5,-1.,1.));
#6083 = SURFACE_CURVE('',#6084,(#6088,#6095),.PCURVE_S1.);
#6084 = LINE('',#6085,#6086);
#6085 = CARTESIAN_POINT('',(13.5,-1.,1.));
#6086 = VECTOR('',#6087,1.);
#6087 = DIRECTION('',(1.,-5.243344273594E-32,-2.289834988289E-16));
#6088 = PCURVE('',#4973,#6089);
#6089 = DEFINITIONAL_REPRESENTATION('',(#6090),#6094);
#6090 = LINE('',#6091,#6092);
#6091 = CARTESIAN_POINT('',(0.67,-16.8));
#6092 = VECTOR('',#6093,1.);
#6093 = DIRECTION('',(0.,-1.));
#6094 = ( GEOMETRIC_REPRESENTATION_CONTEXT(2) 
PARAMETRIC_REPRESENTATION_CONTEXT() REPRESENTATION_CONTEXT('2D SPACE',''
  ) );
#6095 = PCURVE('',#62,#6096);
#6096 = DEFINITIONAL_REPRESENTATION('',(#6097),#6101);
#6097 = LINE('',#6098,#6099);
#6098 = CARTESIAN_POINT('',(-0.493867268294,55.176624388842));
#6099 = VECTOR('',#6100,1.);
#6100 = DIRECTION('',(-2.080052407982E-46,1.));
#6101 = ( GEOMETRIC_REPRESENTATION_CONTEXT(2) 
PARAMETRIC_REPRESENTATION_CONTEXT() REPRESENTATION_CONTEXT('2D SPACE',''
  ) );
#6102 = ORIENTED_EDGE('',*,*,#6103,.T.);
#6103 = EDGE_CURVE('',#6081,#4958,#6104,.T.);
#6104 = SURFACE_CURVE('',#6105,(#6109,#6116),.PCURVE_S1.);
#6105 = LINE('',#6106,#6107);
#6106 = CARTESIAN_POINT('',(-3.5,-1.,0.841614));
#6107 = VECTOR('',#6108,1.);
#6108 = DIRECTION('',(-2.289834988289E-16,-1.065228634467E-16,-1.));
#6109 = PCURVE('',#4973,#6110);
#6110 = DEFINITIONAL_REPRESENTATION('',(#6111),#6115);
#6111 = LINE('',#6112,#6113);
#6112 = CARTESIAN_POINT('',(0.511614,0.2));
#6113 = VECTOR('',#6114,1.);
#6114 = DIRECTION('',(-1.,0.));
#6115 = ( GEOMETRIC_REPRESENTATION_CONTEXT(2) 
PARAMETRIC_REPRESENTATION_CONTEXT() REPRESENTATION_CONTEXT('2D SPACE',''
  ) );
#6116 = PCURVE('',#929,#6117);
#6117 = DEFINITIONAL_REPRESENTATION('',(#6118),#6122);
#6118 = LINE('',#6119,#6120);
#6119 = CARTESIAN_POINT('',(-1.694863,-1.805416599099E-16));
#6120 = VECTOR('',#6121,1.);
#6121 = DIRECTION('',(0.,-1.));
#6122 = ( GEOMETRIC_REPRESENTATION_CONTEXT(2) 
PARAMETRIC_REPRESENTATION_CONTEXT() REPRESENTATION_CONTEXT('2D SPACE',''
  ) );
#6123 = ORIENTED_EDGE('',*,*,#4957,.T.);
#6124 = ORIENTED_EDGE('',*,*,#5942,.F.);
#6125 = ADVANCED_FACE('',(#6126),#6141,.T.);
#6126 = FACE_BOUND('',#6127,.T.);
#6127 = EDGE_LOOP('',(#6128,#6163,#6191,#6219));
#6128 = ORIENTED_EDGE('',*,*,#6129,.F.);
#6129 = EDGE_CURVE('',#6130,#6132,#6134,.T.);
#6130 = VERTEX_POINT('',#6131);
#6131 = CARTESIAN_POINT('',(-3.265,-1.1,6.782713613136E-02));
#6132 = VERTEX_POINT('',#6133);
#6133 = CARTESIAN_POINT('',(-3.265,-1.147779969319,1.787644580805E-02));
#6134 = SURFACE_CURVE('',#6135,(#6140,#6152),.PCURVE_S1.);
#6135 = CIRCLE('',#6136,5.E-02);
#6136 = AXIS2_PLACEMENT_3D('',#6137,#6138,#6139);
#6137 = CARTESIAN_POINT('',(-3.265,-1.15,6.782713613136E-02));
#6138 = DIRECTION('',(-1.,5.243344273594E-32,2.289834988289E-16));
#6139 = DIRECTION('',(-5.243344273594E-32,-1.,0.));
#6140 = PCURVE('',#6141,#6146);
#6141 = CYLINDRICAL_SURFACE('',#6142,5.E-02);
#6142 = AXIS2_PLACEMENT_3D('',#6143,#6144,#6145);
#6143 = CARTESIAN_POINT('',(-3.265,-1.15,6.782713613136E-02));
#6144 = DIRECTION('',(-1.,5.243344273594E-32,2.289834988289E-16));
#6145 = DIRECTION('',(-5.243344273594E-32,-1.,0.));
#6146 = DEFINITIONAL_REPRESENTATION('',(#6147),#6151);
#6147 = LINE('',#6148,#6149);
#6148 = CARTESIAN_POINT('',(0.,0.));
#6149 = VECTOR('',#6150,1.);
#6150 = DIRECTION('',(1.,0.));
#6151 = ( GEOMETRIC_REPRESENTATION_CONTEXT(2) 
PARAMETRIC_REPRESENTATION_CONTEXT() REPRESENTATION_CONTEXT('2D SPACE',''
  ) );
#6152 = PCURVE('',#6040,#6153);
#6153 = DEFINITIONAL_REPRESENTATION('',(#6154),#6162);
#6154 = ( BOUNDED_CURVE() B_SPLINE_CURVE(2,(#6155,#6156,#6157,#6158,
#6159,#6160,#6161),.UNSPECIFIED.,.T.,.F.) B_SPLINE_CURVE_WITH_KNOTS((1,2
    ,2,2,2,1),(-2.094395102393,0.,2.094395102393,4.188790204786,
6.28318530718,8.377580409573),.UNSPECIFIED.) CURVE() 
GEOMETRIC_REPRESENTATION_ITEM() RATIONAL_B_SPLINE_CURVE((1.,0.5,1.,0.5,
1.,0.5,1.)) REPRESENTATION_ITEM('') );
#6155 = CARTESIAN_POINT('',(0.264196,-0.307373863869));
#6156 = CARTESIAN_POINT('',(0.264196,-0.22077132349));
#6157 = CARTESIAN_POINT('',(0.339196,-0.264072593679));
#6158 = CARTESIAN_POINT('',(0.414196,-0.307373863869));
#6159 = CARTESIAN_POINT('',(0.339196,-0.350675134058));
#6160 = CARTESIAN_POINT('',(0.264196,-0.393976404247));
#6161 = CARTESIAN_POINT('',(0.264196,-0.307373863869));
#6162 = ( GEOMETRIC_REPRESENTATION_CONTEXT(2) 
PARAMETRIC_REPRESENTATION_CONTEXT() REPRESENTATION_CONTEXT('2D SPACE',''
  ) );
#6163 = ORIENTED_EDGE('',*,*,#6164,.F.);
#6164 = EDGE_CURVE('',#6165,#6130,#6167,.T.);
#6165 = VERTEX_POINT('',#6166);
#6166 = CARTESIAN_POINT('',(-3.115,-1.1,6.782713613136E-02));
#6167 = SURFACE_CURVE('',#6168,(#6172,#6179),.PCURVE_S1.);
#6168 = LINE('',#6169,#6170);
#6169 = CARTESIAN_POINT('',(-3.265,-1.1,6.782713613136E-02));
#6170 = VECTOR('',#6171,1.);
#6171 = DIRECTION('',(-1.,5.243344273594E-32,2.289834988289E-16));
#6172 = PCURVE('',#6141,#6173);
#6173 = DEFINITIONAL_REPRESENTATION('',(#6174),#6178);
#6174 = LINE('',#6175,#6176);
#6175 = CARTESIAN_POINT('',(3.14159265359,0.));
#6176 = VECTOR('',#6177,1.);
#6177 = DIRECTION('',(0.,1.));
#6178 = ( GEOMETRIC_REPRESENTATION_CONTEXT(2) 
PARAMETRIC_REPRESENTATION_CONTEXT() REPRESENTATION_CONTEXT('2D SPACE',''
  ) );
#6179 = PCURVE('',#6180,#6185);
#6180 = PLANE('',#6181);
#6181 = AXIS2_PLACEMENT_3D('',#6182,#6183,#6184);
#6182 = CARTESIAN_POINT('',(-3.265,-1.1,0.46));
#6183 = DIRECTION('',(5.243344273594E-32,1.,-1.200639317332E-47));
#6184 = DIRECTION('',(-2.289834988289E-16,2.917038411497E-62,-1.));
#6185 = DEFINITIONAL_REPRESENTATION('',(#6186),#6190);
#6186 = LINE('',#6187,#6188);
#6187 = CARTESIAN_POINT('',(0.392172863869,-8.980111451441E-17));
#6188 = VECTOR('',#6189,1.);
#6189 = DIRECTION('',(0.,1.));
#6190 = ( GEOMETRIC_REPRESENTATION_CONTEXT(2) 
PARAMETRIC_REPRESENTATION_CONTEXT() REPRESENTATION_CONTEXT('2D SPACE',''
  ) );
#6191 = ORIENTED_EDGE('',*,*,#6192,.T.);
#6192 = EDGE_CURVE('',#6165,#6193,#6195,.T.);
#6193 = VERTEX_POINT('',#6194);
#6194 = CARTESIAN_POINT('',(-3.115,-1.147779969319,1.787644580805E-02));
#6195 = SURFACE_CURVE('',#6196,(#6201,#6208),.PCURVE_S1.);
#6196 = CIRCLE('',#6197,5.E-02);
#6197 = AXIS2_PLACEMENT_3D('',#6198,#6199,#6200);
#6198 = CARTESIAN_POINT('',(-3.115,-1.15,6.782713613136E-02));
#6199 = DIRECTION('',(-1.,5.243344273594E-32,2.289834988289E-16));
#6200 = DIRECTION('',(-5.243344273594E-32,-1.,0.));
#6201 = PCURVE('',#6141,#6202);
#6202 = DEFINITIONAL_REPRESENTATION('',(#6203),#6207);
#6203 = LINE('',#6204,#6205);
#6204 = CARTESIAN_POINT('',(-8.881784197001E-16,-0.15));
#6205 = VECTOR('',#6206,1.);
#6206 = DIRECTION('',(1.,0.));
#6207 = ( GEOMETRIC_REPRESENTATION_CONTEXT(2) 
PARAMETRIC_REPRESENTATION_CONTEXT() REPRESENTATION_CONTEXT('2D SPACE',''
  ) );
#6208 = PCURVE('',#5984,#6209);
#6209 = DEFINITIONAL_REPRESENTATION('',(#6210),#6218);
#6210 = ( BOUNDED_CURVE() B_SPLINE_CURVE(2,(#6211,#6212,#6213,#6214,
#6215,#6216,#6217),.UNSPECIFIED.,.T.,.F.) B_SPLINE_CURVE_WITH_KNOTS((1,2
    ,2,2,2,1),(-2.094395102393,0.,2.094395102393,4.188790204786,
6.28318530718,8.377580409573),.UNSPECIFIED.) CURVE() 
GEOMETRIC_REPRESENTATION_ITEM() RATIONAL_B_SPLINE_CURVE((1.,0.5,1.,0.5,
1.,0.5,1.)) REPRESENTATION_ITEM('') );
#6211 = CARTESIAN_POINT('',(0.264196,-0.307373863869));
#6212 = CARTESIAN_POINT('',(0.264196,-0.22077132349));
#6213 = CARTESIAN_POINT('',(0.339196,-0.264072593679));
#6214 = CARTESIAN_POINT('',(0.414196,-0.307373863869));
#6215 = CARTESIAN_POINT('',(0.339196,-0.350675134058));
#6216 = CARTESIAN_POINT('',(0.264196,-0.393976404247));
#6217 = CARTESIAN_POINT('',(0.264196,-0.307373863869));
#6218 = ( GEOMETRIC_REPRESENTATION_CONTEXT(2) 
PARAMETRIC_REPRESENTATION_CONTEXT() REPRESENTATION_CONTEXT('2D SPACE',''
  ) );
#6219 = ORIENTED_EDGE('',*,*,#6220,.F.);
#6220 = EDGE_CURVE('',#6132,#6193,#6221,.T.);
#6221 = SURFACE_CURVE('',#6222,(#6226,#6233),.PCURVE_S1.);
#6222 = LINE('',#6223,#6224);
#6223 = CARTESIAN_POINT('',(-3.265,-1.147779969319,1.787644580805E-02));
#6224 = VECTOR('',#6225,1.);
#6225 = DIRECTION('',(1.,-5.243344273594E-32,-2.289834988289E-16));
#6226 = PCURVE('',#6141,#6227);
#6227 = DEFINITIONAL_REPRESENTATION('',(#6228),#6232);
#6228 = LINE('',#6229,#6230);
#6229 = CARTESIAN_POINT('',(4.667973765138,0.));
#6230 = VECTOR('',#6231,1.);
#6231 = DIRECTION('',(0.,-1.));
#6232 = ( GEOMETRIC_REPRESENTATION_CONTEXT(2) 
PARAMETRIC_REPRESENTATION_CONTEXT() REPRESENTATION_CONTEXT('2D SPACE',''
  ) );
#6233 = PCURVE('',#6234,#6239);
#6234 = PLANE('',#6235);
#6235 = AXIS2_PLACEMENT_3D('',#6236,#6237,#6238);
#6236 = CARTESIAN_POINT('',(-3.265,-1.147779969319,1.787644580805E-02));
#6237 = DIRECTION('',(-2.28757676783E-16,4.440061362072E-02,
    -0.999013806466));
#6238 = DIRECTION('',(-1.016700785703E-17,-0.999013806466,
    -4.440061362072E-02));
#6239 = DEFINITIONAL_REPRESENTATION('',(#6240),#6244);
#6240 = LINE('',#6241,#6242);
#6241 = CARTESIAN_POINT('',(-0.,0.));
#6242 = VECTOR('',#6243,1.);
#6243 = DIRECTION('',(4.160008679876E-32,-1.));
#6244 = ( GEOMETRIC_REPRESENTATION_CONTEXT(2) 
PARAMETRIC_REPRESENTATION_CONTEXT() REPRESENTATION_CONTEXT('2D SPACE',''
  ) );
#6245 = ADVANCED_FACE('',(#6246),#6234,.T.);
#6246 = FACE_BOUND('',#6247,.T.);
#6247 = EDGE_LOOP('',(#6248,#6271,#6272,#6295));
#6248 = ORIENTED_EDGE('',*,*,#6249,.T.);
#6249 = EDGE_CURVE('',#6250,#6132,#6252,.T.);
#6250 = VERTEX_POINT('',#6251);
#6251 = CARTESIAN_POINT('',(-3.265,-1.55,-3.330669073875E-16));
#6252 = SURFACE_CURVE('',#6253,(#6257,#6264),.PCURVE_S1.);
#6253 = LINE('',#6254,#6255);
#6254 = CARTESIAN_POINT('',(-3.265,-1.55,-3.330669073875E-16));
#6255 = VECTOR('',#6256,1.);
#6256 = DIRECTION('',(1.016700785703E-17,0.999013806466,
    4.440061362072E-02));
#6257 = PCURVE('',#6234,#6258);
#6258 = DEFINITIONAL_REPRESENTATION('',(#6259),#6263);
#6259 = LINE('',#6260,#6261);
#6260 = CARTESIAN_POINT('',(0.402617089051,-4.093411107753E-18));
#6261 = VECTOR('',#6262,1.);
#6262 = DIRECTION('',(-1.,0.));
#6263 = ( GEOMETRIC_REPRESENTATION_CONTEXT(2) 
PARAMETRIC_REPRESENTATION_CONTEXT() REPRESENTATION_CONTEXT('2D SPACE',''
  ) );
#6264 = PCURVE('',#6040,#6265);
#6265 = DEFINITIONAL_REPRESENTATION('',(#6266),#6270);
#6266 = LINE('',#6267,#6268);
#6267 = CARTESIAN_POINT('',(-8.5804E-02,-0.375201));
#6268 = VECTOR('',#6269,1.);
#6269 = DIRECTION('',(0.999013806466,4.440061362072E-02));
#6270 = ( GEOMETRIC_REPRESENTATION_CONTEXT(2) 
PARAMETRIC_REPRESENTATION_CONTEXT() REPRESENTATION_CONTEXT('2D SPACE',''
  ) );
#6271 = ORIENTED_EDGE('',*,*,#6220,.T.);
#6272 = ORIENTED_EDGE('',*,*,#6273,.F.);
#6273 = EDGE_CURVE('',#6274,#6193,#6276,.T.);
#6274 = VERTEX_POINT('',#6275);
#6275 = CARTESIAN_POINT('',(-3.115,-1.55,-3.330669073875E-16));
#6276 = SURFACE_CURVE('',#6277,(#6281,#6288),.PCURVE_S1.);
#6277 = LINE('',#6278,#6279);
#6278 = CARTESIAN_POINT('',(-3.115,-1.55,-3.330669073875E-16));
#6279 = VECTOR('',#6280,1.);
#6280 = DIRECTION('',(1.016700785703E-17,0.999013806466,
    4.440061362072E-02));
#6281 = PCURVE('',#6234,#6282);
#6282 = DEFINITIONAL_REPRESENTATION('',(#6283),#6287);
#6283 = LINE('',#6284,#6285);
#6284 = CARTESIAN_POINT('',(0.402617089051,-0.15));
#6285 = VECTOR('',#6286,1.);
#6286 = DIRECTION('',(-1.,0.));
#6287 = ( GEOMETRIC_REPRESENTATION_CONTEXT(2) 
PARAMETRIC_REPRESENTATION_CONTEXT() REPRESENTATION_CONTEXT('2D SPACE',''
  ) );
#6288 = PCURVE('',#5984,#6289);
#6289 = DEFINITIONAL_REPRESENTATION('',(#6290),#6294);
#6290 = LINE('',#6291,#6292);
#6291 = CARTESIAN_POINT('',(-8.5804E-02,-0.375201));
#6292 = VECTOR('',#6293,1.);
#6293 = DIRECTION('',(0.999013806466,4.440061362072E-02));
#6294 = ( GEOMETRIC_REPRESENTATION_CONTEXT(2) 
PARAMETRIC_REPRESENTATION_CONTEXT() REPRESENTATION_CONTEXT('2D SPACE',''
  ) );
#6295 = ORIENTED_EDGE('',*,*,#6296,.F.);
#6296 = EDGE_CURVE('',#6250,#6274,#6297,.T.);
#6297 = SURFACE_CURVE('',#6298,(#6302,#6309),.PCURVE_S1.);
#6298 = LINE('',#6299,#6300);
#6299 = CARTESIAN_POINT('',(-3.265,-1.55,-3.330669073875E-16));
#6300 = VECTOR('',#6301,1.);
#6301 = DIRECTION('',(1.,-5.243344273594E-32,-2.289834988289E-16));
#6302 = PCURVE('',#6234,#6303);
#6303 = DEFINITIONAL_REPRESENTATION('',(#6304),#6308);
#6304 = LINE('',#6305,#6306);
#6305 = CARTESIAN_POINT('',(0.402617089051,-4.093411107753E-18));
#6306 = VECTOR('',#6307,1.);
#6307 = DIRECTION('',(4.160008679876E-32,-1.));
#6308 = ( GEOMETRIC_REPRESENTATION_CONTEXT(2) 
PARAMETRIC_REPRESENTATION_CONTEXT() REPRESENTATION_CONTEXT('2D SPACE',''
  ) );
#6309 = PCURVE('',#6310,#6315);
#6310 = PLANE('',#6311);
#6311 = AXIS2_PLACEMENT_3D('',#6312,#6313,#6314);
#6312 = CARTESIAN_POINT('',(-3.265,-1.55,-3.330669073875E-16));
#6313 = DIRECTION('',(-1.619157848018E-16,-0.707106781187,
    -0.707106781187));
#6314 = DIRECTION('',(1.619157848018E-16,-0.707106781187,0.707106781187)
  );
#6315 = DEFINITIONAL_REPRESENTATION('',(#6316),#6320);
#6316 = LINE('',#6317,#6318);
#6317 = CARTESIAN_POINT('',(0.,0.));
#6318 = VECTOR('',#6319,1.);
#6319 = DIRECTION('',(-3.697785493223E-31,-1.));
#6320 = ( GEOMETRIC_REPRESENTATION_CONTEXT(2) 
PARAMETRIC_REPRESENTATION_CONTEXT() REPRESENTATION_CONTEXT('2D SPACE',''
  ) );
#6321 = ADVANCED_FACE('',(#6322),#6310,.T.);
#6322 = FACE_BOUND('',#6323,.T.);
#6323 = EDGE_LOOP('',(#6324,#6347,#6348,#6371));
#6324 = ORIENTED_EDGE('',*,*,#6325,.T.);
#6325 = EDGE_CURVE('',#6326,#6250,#6328,.T.);
#6326 = VERTEX_POINT('',#6327);
#6327 = CARTESIAN_POINT('',(-3.265,-1.6,5.E-02));
#6328 = SURFACE_CURVE('',#6329,(#6333,#6340),.PCURVE_S1.);
#6329 = LINE('',#6330,#6331);
#6330 = CARTESIAN_POINT('',(-3.265,-1.6,5.E-02));
#6331 = VECTOR('',#6332,1.);
#6332 = DIRECTION('',(-1.619157848018E-16,0.707106781187,-0.707106781187
    ));
#6333 = PCURVE('',#6310,#6334);
#6334 = DEFINITIONAL_REPRESENTATION('',(#6335),#6339);
#6335 = LINE('',#6336,#6337);
#6336 = CARTESIAN_POINT('',(7.071067811866E-02,1.144917494145E-17));
#6337 = VECTOR('',#6338,1.);
#6338 = DIRECTION('',(-1.,-2.465190328816E-32));
#6339 = ( GEOMETRIC_REPRESENTATION_CONTEXT(2) 
PARAMETRIC_REPRESENTATION_CONTEXT() REPRESENTATION_CONTEXT('2D SPACE',''
  ) );
#6340 = PCURVE('',#6040,#6341);
#6341 = DEFINITIONAL_REPRESENTATION('',(#6342),#6346);
#6342 = LINE('',#6343,#6344);
#6343 = CARTESIAN_POINT('',(-0.135804,-0.325201));
#6344 = VECTOR('',#6345,1.);
#6345 = DIRECTION('',(0.707106781187,-0.707106781187));
#6346 = ( GEOMETRIC_REPRESENTATION_CONTEXT(2) 
PARAMETRIC_REPRESENTATION_CONTEXT() REPRESENTATION_CONTEXT('2D SPACE',''
  ) );
#6347 = ORIENTED_EDGE('',*,*,#6296,.T.);
#6348 = ORIENTED_EDGE('',*,*,#6349,.F.);
#6349 = EDGE_CURVE('',#6350,#6274,#6352,.T.);
#6350 = VERTEX_POINT('',#6351);
#6351 = CARTESIAN_POINT('',(-3.115,-1.6,5.E-02));
#6352 = SURFACE_CURVE('',#6353,(#6357,#6364),.PCURVE_S1.);
#6353 = LINE('',#6354,#6355);
#6354 = CARTESIAN_POINT('',(-3.115,-1.6,5.E-02));
#6355 = VECTOR('',#6356,1.);
#6356 = DIRECTION('',(-1.619157848018E-16,0.707106781187,-0.707106781187
    ));
#6357 = PCURVE('',#6310,#6358);
#6358 = DEFINITIONAL_REPRESENTATION('',(#6359),#6363);
#6359 = LINE('',#6360,#6361);
#6360 = CARTESIAN_POINT('',(7.071067811866E-02,-0.15));
#6361 = VECTOR('',#6362,1.);
#6362 = DIRECTION('',(-1.,-2.465190328816E-32));
#6363 = ( GEOMETRIC_REPRESENTATION_CONTEXT(2) 
PARAMETRIC_REPRESENTATION_CONTEXT() REPRESENTATION_CONTEXT('2D SPACE',''
  ) );
#6364 = PCURVE('',#5984,#6365);
#6365 = DEFINITIONAL_REPRESENTATION('',(#6366),#6370);
#6366 = LINE('',#6367,#6368);
#6367 = CARTESIAN_POINT('',(-0.135804,-0.325201));
#6368 = VECTOR('',#6369,1.);
#6369 = DIRECTION('',(0.707106781187,-0.707106781187));
#6370 = ( GEOMETRIC_REPRESENTATION_CONTEXT(2) 
PARAMETRIC_REPRESENTATION_CONTEXT() REPRESENTATION_CONTEXT('2D SPACE',''
  ) );
#6371 = ORIENTED_EDGE('',*,*,#6372,.F.);
#6372 = EDGE_CURVE('',#6326,#6350,#6373,.T.);
#6373 = SURFACE_CURVE('',#6374,(#6378,#6385),.PCURVE_S1.);
#6374 = LINE('',#6375,#6376);
#6375 = CARTESIAN_POINT('',(-3.265,-1.6,5.E-02));
#6376 = VECTOR('',#6377,1.);
#6377 = DIRECTION('',(1.,-5.243344273594E-32,-2.289834988289E-16));
#6378 = PCURVE('',#6310,#6379);
#6379 = DEFINITIONAL_REPRESENTATION('',(#6380),#6384);
#6380 = LINE('',#6381,#6382);
#6381 = CARTESIAN_POINT('',(7.071067811866E-02,1.144917494145E-17));
#6382 = VECTOR('',#6383,1.);
#6383 = DIRECTION('',(-3.697785493223E-31,-1.));
#6384 = ( GEOMETRIC_REPRESENTATION_CONTEXT(2) 
PARAMETRIC_REPRESENTATION_CONTEXT() REPRESENTATION_CONTEXT('2D SPACE',''
  ) );
#6385 = PCURVE('',#6386,#6391);
#6386 = PLANE('',#6387);
#6387 = AXIS2_PLACEMENT_3D('',#6388,#6389,#6390);
#6388 = CARTESIAN_POINT('',(-3.265,-1.6,5.E-02));
#6389 = DIRECTION('',(-5.243344273594E-32,-1.,1.200639317332E-47));
#6390 = DIRECTION('',(2.289834988289E-16,-2.917038411497E-62,1.));
#6391 = DEFINITIONAL_REPRESENTATION('',(#6392),#6396);
#6392 = LINE('',#6393,#6394);
#6393 = CARTESIAN_POINT('',(0.,0.));
#6394 = VECTOR('',#6395,1.);
#6395 = DIRECTION('',(0.,-1.));
#6396 = ( GEOMETRIC_REPRESENTATION_CONTEXT(2) 
PARAMETRIC_REPRESENTATION_CONTEXT() REPRESENTATION_CONTEXT('2D SPACE',''
  ) );
#6397 = ADVANCED_FACE('',(#6398),#6386,.T.);
#6398 = FACE_BOUND('',#6399,.T.);
#6399 = EDGE_LOOP('',(#6400,#6423,#6424,#6447));
#6400 = ORIENTED_EDGE('',*,*,#6401,.F.);
#6401 = EDGE_CURVE('',#6326,#6402,#6404,.T.);
#6402 = VERTEX_POINT('',#6403);
#6403 = CARTESIAN_POINT('',(-3.265,-1.6,0.12));
#6404 = SURFACE_CURVE('',#6405,(#6409,#6416),.PCURVE_S1.);
#6405 = LINE('',#6406,#6407);
#6406 = CARTESIAN_POINT('',(-3.265,-1.6,5.E-02));
#6407 = VECTOR('',#6408,1.);
#6408 = DIRECTION('',(2.289834988289E-16,0.,1.));
#6409 = PCURVE('',#6386,#6410);
#6410 = DEFINITIONAL_REPRESENTATION('',(#6411),#6415);
#6411 = LINE('',#6412,#6413);
#6412 = CARTESIAN_POINT('',(0.,0.));
#6413 = VECTOR('',#6414,1.);
#6414 = DIRECTION('',(1.,0.));
#6415 = ( GEOMETRIC_REPRESENTATION_CONTEXT(2) 
PARAMETRIC_REPRESENTATION_CONTEXT() REPRESENTATION_CONTEXT('2D SPACE',''
  ) );
#6416 = PCURVE('',#6040,#6417);
#6417 = DEFINITIONAL_REPRESENTATION('',(#6418),#6422);
#6418 = LINE('',#6419,#6420);
#6419 = CARTESIAN_POINT('',(-0.135804,-0.325201));
#6420 = VECTOR('',#6421,1.);
#6421 = DIRECTION('',(1.200639317332E-47,1.));
#6422 = ( GEOMETRIC_REPRESENTATION_CONTEXT(2) 
PARAMETRIC_REPRESENTATION_CONTEXT() REPRESENTATION_CONTEXT('2D SPACE',''
  ) );
#6423 = ORIENTED_EDGE('',*,*,#6372,.T.);
#6424 = ORIENTED_EDGE('',*,*,#6425,.T.);
#6425 = EDGE_CURVE('',#6350,#6426,#6428,.T.);
#6426 = VERTEX_POINT('',#6427);
#6427 = CARTESIAN_POINT('',(-3.115,-1.6,0.12));
#6428 = SURFACE_CURVE('',#6429,(#6433,#6440),.PCURVE_S1.);
#6429 = LINE('',#6430,#6431);
#6430 = CARTESIAN_POINT('',(-3.115,-1.6,5.E-02));
#6431 = VECTOR('',#6432,1.);
#6432 = DIRECTION('',(2.289834988289E-16,0.,1.));
#6433 = PCURVE('',#6386,#6434);
#6434 = DEFINITIONAL_REPRESENTATION('',(#6435),#6439);
#6435 = LINE('',#6436,#6437);
#6436 = CARTESIAN_POINT('',(3.434752482434E-17,-0.15));
#6437 = VECTOR('',#6438,1.);
#6438 = DIRECTION('',(1.,0.));
#6439 = ( GEOMETRIC_REPRESENTATION_CONTEXT(2) 
PARAMETRIC_REPRESENTATION_CONTEXT() REPRESENTATION_CONTEXT('2D SPACE',''
  ) );
#6440 = PCURVE('',#5984,#6441);
#6441 = DEFINITIONAL_REPRESENTATION('',(#6442),#6446);
#6442 = LINE('',#6443,#6444);
#6443 = CARTESIAN_POINT('',(-0.135804,-0.325201));
#6444 = VECTOR('',#6445,1.);
#6445 = DIRECTION('',(1.200639317332E-47,1.));
#6446 = ( GEOMETRIC_REPRESENTATION_CONTEXT(2) 
PARAMETRIC_REPRESENTATION_CONTEXT() REPRESENTATION_CONTEXT('2D SPACE',''
  ) );
#6447 = ORIENTED_EDGE('',*,*,#6448,.T.);
#6448 = EDGE_CURVE('',#6426,#6402,#6449,.T.);
#6449 = SURFACE_CURVE('',#6450,(#6454,#6461),.PCURVE_S1.);
#6450 = LINE('',#6451,#6452);
#6451 = CARTESIAN_POINT('',(-3.265,-1.6,0.12));
#6452 = VECTOR('',#6453,1.);
#6453 = DIRECTION('',(-1.,5.243344273594E-32,2.289834988289E-16));
#6454 = PCURVE('',#6386,#6455);
#6455 = DEFINITIONAL_REPRESENTATION('',(#6456),#6460);
#6456 = LINE('',#6457,#6458);
#6457 = CARTESIAN_POINT('',(7.E-02,1.602884491803E-17));
#6458 = VECTOR('',#6459,1.);
#6459 = DIRECTION('',(0.,1.));
#6460 = ( GEOMETRIC_REPRESENTATION_CONTEXT(2) 
PARAMETRIC_REPRESENTATION_CONTEXT() REPRESENTATION_CONTEXT('2D SPACE',''
  ) );
#6461 = PCURVE('',#6462,#6467);
#6462 = CYLINDRICAL_SURFACE('',#6463,5.E-02);
#6463 = AXIS2_PLACEMENT_3D('',#6464,#6465,#6466);
#6464 = CARTESIAN_POINT('',(-3.265,-1.65,0.12));
#6465 = DIRECTION('',(-1.,5.243344273594E-32,2.289834988289E-16));
#6466 = DIRECTION('',(-5.243344273594E-32,-1.,0.));
#6467 = DEFINITIONAL_REPRESENTATION('',(#6468),#6472);
#6468 = LINE('',#6469,#6470);
#6469 = CARTESIAN_POINT('',(3.14159265359,0.));
#6470 = VECTOR('',#6471,1.);
#6471 = DIRECTION('',(0.,1.));
#6472 = ( GEOMETRIC_REPRESENTATION_CONTEXT(2) 
PARAMETRIC_REPRESENTATION_CONTEXT() REPRESENTATION_CONTEXT('2D SPACE',''
  ) );
#6473 = ADVANCED_FACE('',(#6474),#6462,.F.);
#6474 = FACE_BOUND('',#6475,.F.);
#6475 = EDGE_LOOP('',(#6476,#6506,#6532,#6533));
#6476 = ORIENTED_EDGE('',*,*,#6477,.T.);
#6477 = EDGE_CURVE('',#6478,#6480,#6482,.T.);
#6478 = VERTEX_POINT('',#6479);
#6479 = CARTESIAN_POINT('',(-3.265,-1.65,0.17));
#6480 = VERTEX_POINT('',#6481);
#6481 = CARTESIAN_POINT('',(-3.115,-1.65,0.17));
#6482 = SURFACE_CURVE('',#6483,(#6487,#6494),.PCURVE_S1.);
#6483 = LINE('',#6484,#6485);
#6484 = CARTESIAN_POINT('',(-3.265,-1.65,0.17));
#6485 = VECTOR('',#6486,1.);
#6486 = DIRECTION('',(1.,-5.243344273594E-32,-2.289834988289E-16));
#6487 = PCURVE('',#6462,#6488);
#6488 = DEFINITIONAL_REPRESENTATION('',(#6489),#6493);
#6489 = LINE('',#6490,#6491);
#6490 = CARTESIAN_POINT('',(1.570796326795,0.));
#6491 = VECTOR('',#6492,1.);
#6492 = DIRECTION('',(0.,-1.));
#6493 = ( GEOMETRIC_REPRESENTATION_CONTEXT(2) 
PARAMETRIC_REPRESENTATION_CONTEXT() REPRESENTATION_CONTEXT('2D SPACE',''
  ) );
#6494 = PCURVE('',#6495,#6500);
#6495 = PLANE('',#6496);
#6496 = AXIS2_PLACEMENT_3D('',#6497,#6498,#6499);
#6497 = CARTESIAN_POINT('',(-3.265,-1.65,0.17));
#6498 = DIRECTION('',(-2.289834988289E-16,1.200639317332E-47,-1.));
#6499 = DIRECTION('',(-5.243344273594E-32,-1.,2.917038411497E-62));
#6500 = DEFINITIONAL_REPRESENTATION('',(#6501),#6505);
#6501 = LINE('',#6502,#6503);
#6502 = CARTESIAN_POINT('',(0.,0.));
#6503 = VECTOR('',#6504,1.);
#6504 = DIRECTION('',(-6.679536616831E-78,-1.));
#6505 = ( GEOMETRIC_REPRESENTATION_CONTEXT(2) 
PARAMETRIC_REPRESENTATION_CONTEXT() REPRESENTATION_CONTEXT('2D SPACE',''
  ) );
#6506 = ORIENTED_EDGE('',*,*,#6507,.T.);
#6507 = EDGE_CURVE('',#6480,#6426,#6508,.T.);
#6508 = SURFACE_CURVE('',#6509,(#6514,#6521),.PCURVE_S1.);
#6509 = CIRCLE('',#6510,5.E-02);
#6510 = AXIS2_PLACEMENT_3D('',#6511,#6512,#6513);
#6511 = CARTESIAN_POINT('',(-3.115,-1.65,0.12));
#6512 = DIRECTION('',(-1.,5.243344273594E-32,2.289834988289E-16));
#6513 = DIRECTION('',(-5.243344273594E-32,-1.,0.));
#6514 = PCURVE('',#6462,#6515);
#6515 = DEFINITIONAL_REPRESENTATION('',(#6516),#6520);
#6516 = LINE('',#6517,#6518);
#6517 = CARTESIAN_POINT('',(0.,-0.15));
#6518 = VECTOR('',#6519,1.);
#6519 = DIRECTION('',(1.,0.));
#6520 = ( GEOMETRIC_REPRESENTATION_CONTEXT(2) 
PARAMETRIC_REPRESENTATION_CONTEXT() REPRESENTATION_CONTEXT('2D SPACE',''
  ) );
#6521 = PCURVE('',#5984,#6522);
#6522 = DEFINITIONAL_REPRESENTATION('',(#6523),#6531);
#6523 = ( BOUNDED_CURVE() B_SPLINE_CURVE(2,(#6524,#6525,#6526,#6527,
#6528,#6529,#6530),.UNSPECIFIED.,.T.,.F.) B_SPLINE_CURVE_WITH_KNOTS((1,2
    ,2,2,2,1),(-2.094395102393,0.,2.094395102393,4.188790204786,
6.28318530718,8.377580409573),.UNSPECIFIED.) CURVE() 
GEOMETRIC_REPRESENTATION_ITEM() RATIONAL_B_SPLINE_CURVE((1.,0.5,1.,0.5,
1.,0.5,1.)) REPRESENTATION_ITEM('') );
#6524 = CARTESIAN_POINT('',(-0.235804,-0.255201));
#6525 = CARTESIAN_POINT('',(-0.235804,-0.168598459622));
#6526 = CARTESIAN_POINT('',(-0.160804,-0.211899729811));
#6527 = CARTESIAN_POINT('',(-8.5804E-02,-0.255201));
#6528 = CARTESIAN_POINT('',(-0.160804,-0.298502270189));
#6529 = CARTESIAN_POINT('',(-0.235804,-0.341803540378));
#6530 = CARTESIAN_POINT('',(-0.235804,-0.255201));
#6531 = ( GEOMETRIC_REPRESENTATION_CONTEXT(2) 
PARAMETRIC_REPRESENTATION_CONTEXT() REPRESENTATION_CONTEXT('2D SPACE',''
  ) );
#6532 = ORIENTED_EDGE('',*,*,#6448,.T.);
#6533 = ORIENTED_EDGE('',*,*,#6534,.F.);
#6534 = EDGE_CURVE('',#6478,#6402,#6535,.T.);
#6535 = SURFACE_CURVE('',#6536,(#6541,#6548),.PCURVE_S1.);
#6536 = CIRCLE('',#6537,5.E-02);
#6537 = AXIS2_PLACEMENT_3D('',#6538,#6539,#6540);
#6538 = CARTESIAN_POINT('',(-3.265,-1.65,0.12));
#6539 = DIRECTION('',(-1.,5.243344273594E-32,2.289834988289E-16));
#6540 = DIRECTION('',(-5.243344273594E-32,-1.,0.));
#6541 = PCURVE('',#6462,#6542);
#6542 = DEFINITIONAL_REPRESENTATION('',(#6543),#6547);
#6543 = LINE('',#6544,#6545);
#6544 = CARTESIAN_POINT('',(0.,0.));
#6545 = VECTOR('',#6546,1.);
#6546 = DIRECTION('',(1.,0.));
#6547 = ( GEOMETRIC_REPRESENTATION_CONTEXT(2) 
PARAMETRIC_REPRESENTATION_CONTEXT() REPRESENTATION_CONTEXT('2D SPACE',''
  ) );
#6548 = PCURVE('',#6040,#6549);
#6549 = DEFINITIONAL_REPRESENTATION('',(#6550),#6558);
#6550 = ( BOUNDED_CURVE() B_SPLINE_CURVE(2,(#6551,#6552,#6553,#6554,
#6555,#6556,#6557),.UNSPECIFIED.,.T.,.F.) B_SPLINE_CURVE_WITH_KNOTS((1,2
    ,2,2,2,1),(-2.094395102393,0.,2.094395102393,4.188790204786,
6.28318530718,8.377580409573),.UNSPECIFIED.) CURVE() 
GEOMETRIC_REPRESENTATION_ITEM() RATIONAL_B_SPLINE_CURVE((1.,0.5,1.,0.5,
1.,0.5,1.)) REPRESENTATION_ITEM('') );
#6551 = CARTESIAN_POINT('',(-0.235804,-0.255201));
#6552 = CARTESIAN_POINT('',(-0.235804,-0.168598459622));
#6553 = CARTESIAN_POINT('',(-0.160804,-0.211899729811));
#6554 = CARTESIAN_POINT('',(-8.5804E-02,-0.255201));
#6555 = CARTESIAN_POINT('',(-0.160804,-0.298502270189));
#6556 = CARTESIAN_POINT('',(-0.235804,-0.341803540378));
#6557 = CARTESIAN_POINT('',(-0.235804,-0.255201));
#6558 = ( GEOMETRIC_REPRESENTATION_CONTEXT(2) 
PARAMETRIC_REPRESENTATION_CONTEXT() REPRESENTATION_CONTEXT('2D SPACE',''
  ) );
#6559 = ADVANCED_FACE('',(#6560),#6495,.T.);
#6560 = FACE_BOUND('',#6561,.T.);
#6561 = EDGE_LOOP('',(#6562,#6585,#6586,#6609));
#6562 = ORIENTED_EDGE('',*,*,#6563,.F.);
#6563 = EDGE_CURVE('',#6478,#6564,#6566,.T.);
#6564 = VERTEX_POINT('',#6565);
#6565 = CARTESIAN_POINT('',(-3.265,-1.825,0.17));
#6566 = SURFACE_CURVE('',#6567,(#6571,#6578),.PCURVE_S1.);
#6567 = LINE('',#6568,#6569);
#6568 = CARTESIAN_POINT('',(-3.265,-1.65,0.17));
#6569 = VECTOR('',#6570,1.);
#6570 = DIRECTION('',(-5.243344273594E-32,-1.,0.));
#6571 = PCURVE('',#6495,#6572);
#6572 = DEFINITIONAL_REPRESENTATION('',(#6573),#6577);
#6573 = LINE('',#6574,#6575);
#6574 = CARTESIAN_POINT('',(0.,0.));
#6575 = VECTOR('',#6576,1.);
#6576 = DIRECTION('',(1.,6.679536616831E-78));
#6577 = ( GEOMETRIC_REPRESENTATION_CONTEXT(2) 
PARAMETRIC_REPRESENTATION_CONTEXT() REPRESENTATION_CONTEXT('2D SPACE',''
  ) );
#6578 = PCURVE('',#6040,#6579);
#6579 = DEFINITIONAL_REPRESENTATION('',(#6580),#6584);
#6580 = LINE('',#6581,#6582);
#6581 = CARTESIAN_POINT('',(-0.185804,-0.205201));
#6582 = VECTOR('',#6583,1.);
#6583 = DIRECTION('',(-1.,0.));
#6584 = ( GEOMETRIC_REPRESENTATION_CONTEXT(2) 
PARAMETRIC_REPRESENTATION_CONTEXT() REPRESENTATION_CONTEXT('2D SPACE',''
  ) );
#6585 = ORIENTED_EDGE('',*,*,#6477,.T.);
#6586 = ORIENTED_EDGE('',*,*,#6587,.T.);
#6587 = EDGE_CURVE('',#6480,#6588,#6590,.T.);
#6588 = VERTEX_POINT('',#6589);
#6589 = CARTESIAN_POINT('',(-3.115,-1.825,0.17));
#6590 = SURFACE_CURVE('',#6591,(#6595,#6602),.PCURVE_S1.);
#6591 = LINE('',#6592,#6593);
#6592 = CARTESIAN_POINT('',(-3.115,-1.65,0.17));
#6593 = VECTOR('',#6594,1.);
#6594 = DIRECTION('',(-5.243344273594E-32,-1.,0.));
#6595 = PCURVE('',#6495,#6596);
#6596 = DEFINITIONAL_REPRESENTATION('',(#6597),#6601);
#6597 = LINE('',#6598,#6599);
#6598 = CARTESIAN_POINT('',(-7.865016410391E-33,-0.15));
#6599 = VECTOR('',#6600,1.);
#6600 = DIRECTION('',(1.,6.679536616831E-78));
#6601 = ( GEOMETRIC_REPRESENTATION_CONTEXT(2) 
PARAMETRIC_REPRESENTATION_CONTEXT() REPRESENTATION_CONTEXT('2D SPACE',''
  ) );
#6602 = PCURVE('',#5984,#6603);
#6603 = DEFINITIONAL_REPRESENTATION('',(#6604),#6608);
#6604 = LINE('',#6605,#6606);
#6605 = CARTESIAN_POINT('',(-0.185804,-0.205201));
#6606 = VECTOR('',#6607,1.);
#6607 = DIRECTION('',(-1.,0.));
#6608 = ( GEOMETRIC_REPRESENTATION_CONTEXT(2) 
PARAMETRIC_REPRESENTATION_CONTEXT() REPRESENTATION_CONTEXT('2D SPACE',''
  ) );
#6609 = ORIENTED_EDGE('',*,*,#6610,.F.);
#6610 = EDGE_CURVE('',#6564,#6588,#6611,.T.);
#6611 = SURFACE_CURVE('',#6612,(#6616,#6623),.PCURVE_S1.);
#6612 = LINE('',#6613,#6614);
#6613 = CARTESIAN_POINT('',(-3.265,-1.825,0.17));
#6614 = VECTOR('',#6615,1.);
#6615 = DIRECTION('',(1.,-5.243344273594E-32,-2.289834988289E-16));
#6616 = PCURVE('',#6495,#6617);
#6617 = DEFINITIONAL_REPRESENTATION('',(#6618),#6622);
#6618 = LINE('',#6619,#6620);
#6619 = CARTESIAN_POINT('',(0.175,-9.175852478789E-33));
#6620 = VECTOR('',#6621,1.);
#6621 = DIRECTION('',(-6.679536616831E-78,-1.));
#6622 = ( GEOMETRIC_REPRESENTATION_CONTEXT(2) 
PARAMETRIC_REPRESENTATION_CONTEXT() REPRESENTATION_CONTEXT('2D SPACE',''
  ) );
#6623 = PCURVE('',#6624,#6629);
#6624 = PLANE('',#6625);
#6625 = AXIS2_PLACEMENT_3D('',#6626,#6627,#6628);
#6626 = CARTESIAN_POINT('',(-3.265,-1.825,0.17));
#6627 = DIRECTION('',(-5.243344273594E-32,-1.,1.200639317332E-47));
#6628 = DIRECTION('',(2.289834988289E-16,-2.917038411497E-62,1.));
#6629 = DEFINITIONAL_REPRESENTATION('',(#6630),#6634);
#6630 = LINE('',#6631,#6632);
#6631 = CARTESIAN_POINT('',(0.,0.));
#6632 = VECTOR('',#6633,1.);
#6633 = DIRECTION('',(0.,-1.));
#6634 = ( GEOMETRIC_REPRESENTATION_CONTEXT(2) 
PARAMETRIC_REPRESENTATION_CONTEXT() REPRESENTATION_CONTEXT('2D SPACE',''
  ) );
#6635 = ADVANCED_FACE('',(#6636),#6624,.T.);
#6636 = FACE_BOUND('',#6637,.T.);
#6637 = EDGE_LOOP('',(#6638,#6661,#6662,#6685));
#6638 = ORIENTED_EDGE('',*,*,#6639,.T.);
#6639 = EDGE_CURVE('',#6640,#6564,#6642,.T.);
#6640 = VERTEX_POINT('',#6641);
#6641 = CARTESIAN_POINT('',(-3.265,-1.825,0.37));
#6642 = SURFACE_CURVE('',#6643,(#6647,#6654),.PCURVE_S1.);
#6643 = LINE('',#6644,#6645);
#6644 = CARTESIAN_POINT('',(-3.265,-1.825,0.37));
#6645 = VECTOR('',#6646,1.);
#6646 = DIRECTION('',(-2.289834988289E-16,0.,-1.));
#6647 = PCURVE('',#6624,#6648);
#6648 = DEFINITIONAL_REPRESENTATION('',(#6649),#6653);
#6649 = LINE('',#6650,#6651);
#6650 = CARTESIAN_POINT('',(0.2,4.579669976579E-17));
#6651 = VECTOR('',#6652,1.);
#6652 = DIRECTION('',(-1.,0.));
#6653 = ( GEOMETRIC_REPRESENTATION_CONTEXT(2) 
PARAMETRIC_REPRESENTATION_CONTEXT() REPRESENTATION_CONTEXT('2D SPACE',''
  ) );
#6654 = PCURVE('',#6040,#6655);
#6655 = DEFINITIONAL_REPRESENTATION('',(#6656),#6660);
#6656 = LINE('',#6657,#6658);
#6657 = CARTESIAN_POINT('',(-0.360804,-5.201E-03));
#6658 = VECTOR('',#6659,1.);
#6659 = DIRECTION('',(-1.200639317332E-47,-1.));
#6660 = ( GEOMETRIC_REPRESENTATION_CONTEXT(2) 
PARAMETRIC_REPRESENTATION_CONTEXT() REPRESENTATION_CONTEXT('2D SPACE',''
  ) );
#6661 = ORIENTED_EDGE('',*,*,#6610,.T.);
#6662 = ORIENTED_EDGE('',*,*,#6663,.F.);
#6663 = EDGE_CURVE('',#6664,#6588,#6666,.T.);
#6664 = VERTEX_POINT('',#6665);
#6665 = CARTESIAN_POINT('',(-3.115,-1.825,0.37));
#6666 = SURFACE_CURVE('',#6667,(#6671,#6678),.PCURVE_S1.);
#6667 = LINE('',#6668,#6669);
#6668 = CARTESIAN_POINT('',(-3.115,-1.825,0.37));
#6669 = VECTOR('',#6670,1.);
#6670 = DIRECTION('',(-2.289834988289E-16,0.,-1.));
#6671 = PCURVE('',#6624,#6672);
#6672 = DEFINITIONAL_REPRESENTATION('',(#6673),#6677);
#6673 = LINE('',#6674,#6675);
#6674 = CARTESIAN_POINT('',(0.2,-0.15));
#6675 = VECTOR('',#6676,1.);
#6676 = DIRECTION('',(-1.,0.));
#6677 = ( GEOMETRIC_REPRESENTATION_CONTEXT(2) 
PARAMETRIC_REPRESENTATION_CONTEXT() REPRESENTATION_CONTEXT('2D SPACE',''
  ) );
#6678 = PCURVE('',#5984,#6679);
#6679 = DEFINITIONAL_REPRESENTATION('',(#6680),#6684);
#6680 = LINE('',#6681,#6682);
#6681 = CARTESIAN_POINT('',(-0.360804,-5.201E-03));
#6682 = VECTOR('',#6683,1.);
#6683 = DIRECTION('',(-1.200639317332E-47,-1.));
#6684 = ( GEOMETRIC_REPRESENTATION_CONTEXT(2) 
PARAMETRIC_REPRESENTATION_CONTEXT() REPRESENTATION_CONTEXT('2D SPACE',''
  ) );
#6685 = ORIENTED_EDGE('',*,*,#6686,.F.);
#6686 = EDGE_CURVE('',#6640,#6664,#6687,.T.);
#6687 = SURFACE_CURVE('',#6688,(#6692,#6699),.PCURVE_S1.);
#6688 = LINE('',#6689,#6690);
#6689 = CARTESIAN_POINT('',(-3.265,-1.825,0.37));
#6690 = VECTOR('',#6691,1.);
#6691 = DIRECTION('',(1.,-5.243344273594E-32,-2.289834988289E-16));
#6692 = PCURVE('',#6624,#6693);
#6693 = DEFINITIONAL_REPRESENTATION('',(#6694),#6698);
#6694 = LINE('',#6695,#6696);
#6695 = CARTESIAN_POINT('',(0.2,4.579669976579E-17));
#6696 = VECTOR('',#6697,1.);
#6697 = DIRECTION('',(0.,-1.));
#6698 = ( GEOMETRIC_REPRESENTATION_CONTEXT(2) 
PARAMETRIC_REPRESENTATION_CONTEXT() REPRESENTATION_CONTEXT('2D SPACE',''
  ) );
#6699 = PCURVE('',#6700,#6705);
#6700 = PLANE('',#6701);
#6701 = AXIS2_PLACEMENT_3D('',#6702,#6703,#6704);
#6702 = CARTESIAN_POINT('',(-3.265,-1.825,0.37));
#6703 = DIRECTION('',(2.289834988289E-16,-1.200639317332E-47,1.));
#6704 = DIRECTION('',(5.243344273594E-32,1.,-2.917038411497E-62));
#6705 = DEFINITIONAL_REPRESENTATION('',(#6706),#6710);
#6706 = LINE('',#6707,#6708);
#6707 = CARTESIAN_POINT('',(0.,0.));
#6708 = VECTOR('',#6709,1.);
#6709 = DIRECTION('',(6.679536616831E-78,-1.));
#6710 = ( GEOMETRIC_REPRESENTATION_CONTEXT(2) 
PARAMETRIC_REPRESENTATION_CONTEXT() REPRESENTATION_CONTEXT('2D SPACE',''
  ) );
#6711 = ADVANCED_FACE('',(#6712),#6700,.T.);
#6712 = FACE_BOUND('',#6713,.T.);
#6713 = EDGE_LOOP('',(#6714,#6737,#6738,#6761));
#6714 = ORIENTED_EDGE('',*,*,#6715,.T.);
#6715 = EDGE_CURVE('',#6716,#6640,#6718,.T.);
#6716 = VERTEX_POINT('',#6717);
#6717 = CARTESIAN_POINT('',(-3.265,-1.8,0.37));
#6718 = SURFACE_CURVE('',#6719,(#6723,#6730),.PCURVE_S1.);
#6719 = LINE('',#6720,#6721);
#6720 = CARTESIAN_POINT('',(-3.265,-1.8,0.37));
#6721 = VECTOR('',#6722,1.);
#6722 = DIRECTION('',(-5.243344273594E-32,-1.,0.));
#6723 = PCURVE('',#6700,#6724);
#6724 = DEFINITIONAL_REPRESENTATION('',(#6725),#6729);
#6725 = LINE('',#6726,#6727);
#6726 = CARTESIAN_POINT('',(2.5E-02,1.310836068399E-33));
#6727 = VECTOR('',#6728,1.);
#6728 = DIRECTION('',(-1.,6.679536616831E-78));
#6729 = ( GEOMETRIC_REPRESENTATION_CONTEXT(2) 
PARAMETRIC_REPRESENTATION_CONTEXT() REPRESENTATION_CONTEXT('2D SPACE',''
  ) );
#6730 = PCURVE('',#6040,#6731);
#6731 = DEFINITIONAL_REPRESENTATION('',(#6732),#6736);
#6732 = LINE('',#6733,#6734);
#6733 = CARTESIAN_POINT('',(-0.335804,-5.201E-03));
#6734 = VECTOR('',#6735,1.);
#6735 = DIRECTION('',(-1.,0.));
#6736 = ( GEOMETRIC_REPRESENTATION_CONTEXT(2) 
PARAMETRIC_REPRESENTATION_CONTEXT() REPRESENTATION_CONTEXT('2D SPACE',''
  ) );
#6737 = ORIENTED_EDGE('',*,*,#6686,.T.);
#6738 = ORIENTED_EDGE('',*,*,#6739,.F.);
#6739 = EDGE_CURVE('',#6740,#6664,#6742,.T.);
#6740 = VERTEX_POINT('',#6741);
#6741 = CARTESIAN_POINT('',(-3.115,-1.8,0.37));
#6742 = SURFACE_CURVE('',#6743,(#6747,#6754),.PCURVE_S1.);
#6743 = LINE('',#6744,#6745);
#6744 = CARTESIAN_POINT('',(-3.115,-1.8,0.37));
#6745 = VECTOR('',#6746,1.);
#6746 = DIRECTION('',(-5.243344273594E-32,-1.,0.));
#6747 = PCURVE('',#6700,#6748);
#6748 = DEFINITIONAL_REPRESENTATION('',(#6749),#6753);
#6749 = LINE('',#6750,#6751);
#6750 = CARTESIAN_POINT('',(2.5E-02,-0.15));
#6751 = VECTOR('',#6752,1.);
#6752 = DIRECTION('',(-1.,6.679536616831E-78));
#6753 = ( GEOMETRIC_REPRESENTATION_CONTEXT(2) 
PARAMETRIC_REPRESENTATION_CONTEXT() REPRESENTATION_CONTEXT('2D SPACE',''
  ) );
#6754 = PCURVE('',#5984,#6755);
#6755 = DEFINITIONAL_REPRESENTATION('',(#6756),#6760);
#6756 = LINE('',#6757,#6758);
#6757 = CARTESIAN_POINT('',(-0.335804,-5.201E-03));
#6758 = VECTOR('',#6759,1.);
#6759 = DIRECTION('',(-1.,0.));
#6760 = ( GEOMETRIC_REPRESENTATION_CONTEXT(2) 
PARAMETRIC_REPRESENTATION_CONTEXT() REPRESENTATION_CONTEXT('2D SPACE',''
  ) );
#6761 = ORIENTED_EDGE('',*,*,#6762,.F.);
#6762 = EDGE_CURVE('',#6716,#6740,#6763,.T.);
#6763 = SURFACE_CURVE('',#6764,(#6768,#6775),.PCURVE_S1.);
#6764 = LINE('',#6765,#6766);
#6765 = CARTESIAN_POINT('',(-3.265,-1.8,0.37));
#6766 = VECTOR('',#6767,1.);
#6767 = DIRECTION('',(1.,-5.243344273594E-32,-2.289834988289E-16));
#6768 = PCURVE('',#6700,#6769);
#6769 = DEFINITIONAL_REPRESENTATION('',(#6770),#6774);
#6770 = LINE('',#6771,#6772);
#6771 = CARTESIAN_POINT('',(2.5E-02,1.310836068399E-33));
#6772 = VECTOR('',#6773,1.);
#6773 = DIRECTION('',(6.679536616831E-78,-1.));
#6774 = ( GEOMETRIC_REPRESENTATION_CONTEXT(2) 
PARAMETRIC_REPRESENTATION_CONTEXT() REPRESENTATION_CONTEXT('2D SPACE',''
  ) );
#6775 = PCURVE('',#6776,#6781);
#6776 = CYLINDRICAL_SURFACE('',#6777,5.E-02);
#6777 = AXIS2_PLACEMENT_3D('',#6778,#6779,#6780);
#6778 = CARTESIAN_POINT('',(-3.265,-1.8,0.42));
#6779 = DIRECTION('',(-1.,5.243344273594E-32,2.289834988289E-16));
#6780 = DIRECTION('',(-5.243344273594E-32,-1.,0.));
#6781 = DEFINITIONAL_REPRESENTATION('',(#6782),#6786);
#6782 = LINE('',#6783,#6784);
#6783 = CARTESIAN_POINT('',(4.712388980385,0.));
#6784 = VECTOR('',#6785,1.);
#6785 = DIRECTION('',(0.,-1.));
#6786 = ( GEOMETRIC_REPRESENTATION_CONTEXT(2) 
PARAMETRIC_REPRESENTATION_CONTEXT() REPRESENTATION_CONTEXT('2D SPACE',''
  ) );
#6787 = ADVANCED_FACE('',(#6788),#6776,.F.);
#6788 = FACE_BOUND('',#6789,.F.);
#6789 = EDGE_LOOP('',(#6790,#6820,#6846,#6847));
#6790 = ORIENTED_EDGE('',*,*,#6791,.F.);
#6791 = EDGE_CURVE('',#6792,#6794,#6796,.T.);
#6792 = VERTEX_POINT('',#6793);
#6793 = CARTESIAN_POINT('',(-3.115,-1.75,0.42));
#6794 = VERTEX_POINT('',#6795);
#6795 = CARTESIAN_POINT('',(-3.265,-1.75,0.42));
#6796 = SURFACE_CURVE('',#6797,(#6801,#6808),.PCURVE_S1.);
#6797 = LINE('',#6798,#6799);
#6798 = CARTESIAN_POINT('',(-3.265,-1.75,0.42));
#6799 = VECTOR('',#6800,1.);
#6800 = DIRECTION('',(-1.,5.243344273594E-32,2.289834988289E-16));
#6801 = PCURVE('',#6776,#6802);
#6802 = DEFINITIONAL_REPRESENTATION('',(#6803),#6807);
#6803 = LINE('',#6804,#6805);
#6804 = CARTESIAN_POINT('',(3.14159265359,0.));
#6805 = VECTOR('',#6806,1.);
#6806 = DIRECTION('',(-5.921189464668E-15,1.));
#6807 = ( GEOMETRIC_REPRESENTATION_CONTEXT(2) 
PARAMETRIC_REPRESENTATION_CONTEXT() REPRESENTATION_CONTEXT('2D SPACE',''
  ) );
#6808 = PCURVE('',#6809,#6814);
#6809 = PLANE('',#6810);
#6810 = AXIS2_PLACEMENT_3D('',#6811,#6812,#6813);
#6811 = CARTESIAN_POINT('',(-3.265,-1.75,0.42));
#6812 = DIRECTION('',(-5.243344273594E-32,-1.,1.200639317332E-47));
#6813 = DIRECTION('',(2.289834988289E-16,-2.917038411497E-62,1.));
#6814 = DEFINITIONAL_REPRESENTATION('',(#6815),#6819);
#6815 = LINE('',#6816,#6817);
#6816 = CARTESIAN_POINT('',(0.,0.));
#6817 = VECTOR('',#6818,1.);
#6818 = DIRECTION('',(0.,1.));
#6819 = ( GEOMETRIC_REPRESENTATION_CONTEXT(2) 
PARAMETRIC_REPRESENTATION_CONTEXT() REPRESENTATION_CONTEXT('2D SPACE',''
  ) );
#6820 = ORIENTED_EDGE('',*,*,#6821,.T.);
#6821 = EDGE_CURVE('',#6792,#6740,#6822,.T.);
#6822 = SURFACE_CURVE('',#6823,(#6828,#6835),.PCURVE_S1.);
#6823 = CIRCLE('',#6824,5.E-02);
#6824 = AXIS2_PLACEMENT_3D('',#6825,#6826,#6827);
#6825 = CARTESIAN_POINT('',(-3.115,-1.8,0.42));
#6826 = DIRECTION('',(-1.,5.243344273594E-32,2.289834988289E-16));
#6827 = DIRECTION('',(-5.243344273594E-32,-1.,0.));
#6828 = PCURVE('',#6776,#6829);
#6829 = DEFINITIONAL_REPRESENTATION('',(#6830),#6834);
#6830 = LINE('',#6831,#6832);
#6831 = CARTESIAN_POINT('',(0.,-0.15));
#6832 = VECTOR('',#6833,1.);
#6833 = DIRECTION('',(1.,0.));
#6834 = ( GEOMETRIC_REPRESENTATION_CONTEXT(2) 
PARAMETRIC_REPRESENTATION_CONTEXT() REPRESENTATION_CONTEXT('2D SPACE',''
  ) );
#6835 = PCURVE('',#5984,#6836);
#6836 = DEFINITIONAL_REPRESENTATION('',(#6837),#6845);
#6837 = ( BOUNDED_CURVE() B_SPLINE_CURVE(2,(#6838,#6839,#6840,#6841,
#6842,#6843,#6844),.UNSPECIFIED.,.T.,.F.) B_SPLINE_CURVE_WITH_KNOTS((1,2
    ,2,2,2,1),(-2.094395102393,0.,2.094395102393,4.188790204786,
6.28318530718,8.377580409573),.UNSPECIFIED.) CURVE() 
GEOMETRIC_REPRESENTATION_ITEM() RATIONAL_B_SPLINE_CURVE((1.,0.5,1.,0.5,
1.,0.5,1.)) REPRESENTATION_ITEM('') );
#6838 = CARTESIAN_POINT('',(-0.385804,4.4799E-02));
#6839 = CARTESIAN_POINT('',(-0.385804,0.131401540378));
#6840 = CARTESIAN_POINT('',(-0.310804,8.810027018922E-02));
#6841 = CARTESIAN_POINT('',(-0.235804,4.4799E-02));
#6842 = CARTESIAN_POINT('',(-0.310804,1.49772981078E-03));
#6843 = CARTESIAN_POINT('',(-0.385804,-4.180354037844E-02));
#6844 = CARTESIAN_POINT('',(-0.385804,4.4799E-02));
#6845 = ( GEOMETRIC_REPRESENTATION_CONTEXT(2) 
PARAMETRIC_REPRESENTATION_CONTEXT() REPRESENTATION_CONTEXT('2D SPACE',''
  ) );
#6846 = ORIENTED_EDGE('',*,*,#6762,.F.);
#6847 = ORIENTED_EDGE('',*,*,#6848,.F.);
#6848 = EDGE_CURVE('',#6794,#6716,#6849,.T.);
#6849 = SURFACE_CURVE('',#6850,(#6855,#6862),.PCURVE_S1.);
#6850 = CIRCLE('',#6851,5.E-02);
#6851 = AXIS2_PLACEMENT_3D('',#6852,#6853,#6854);
#6852 = CARTESIAN_POINT('',(-3.265,-1.8,0.42));
#6853 = DIRECTION('',(-1.,5.243344273594E-32,2.289834988289E-16));
#6854 = DIRECTION('',(-5.243344273594E-32,-1.,0.));
#6855 = PCURVE('',#6776,#6856);
#6856 = DEFINITIONAL_REPRESENTATION('',(#6857),#6861);
#6857 = LINE('',#6858,#6859);
#6858 = CARTESIAN_POINT('',(0.,0.));
#6859 = VECTOR('',#6860,1.);
#6860 = DIRECTION('',(1.,0.));
#6861 = ( GEOMETRIC_REPRESENTATION_CONTEXT(2) 
PARAMETRIC_REPRESENTATION_CONTEXT() REPRESENTATION_CONTEXT('2D SPACE',''
  ) );
#6862 = PCURVE('',#6040,#6863);
#6863 = DEFINITIONAL_REPRESENTATION('',(#6864),#6872);
#6864 = ( BOUNDED_CURVE() B_SPLINE_CURVE(2,(#6865,#6866,#6867,#6868,
#6869,#6870,#6871),.UNSPECIFIED.,.T.,.F.) B_SPLINE_CURVE_WITH_KNOTS((1,2
    ,2,2,2,1),(-2.094395102393,0.,2.094395102393,4.188790204786,
6.28318530718,8.377580409573),.UNSPECIFIED.) CURVE() 
GEOMETRIC_REPRESENTATION_ITEM() RATIONAL_B_SPLINE_CURVE((1.,0.5,1.,0.5,
1.,0.5,1.)) REPRESENTATION_ITEM('') );
#6865 = CARTESIAN_POINT('',(-0.385804,4.4799E-02));
#6866 = CARTESIAN_POINT('',(-0.385804,0.131401540378));
#6867 = CARTESIAN_POINT('',(-0.310804,8.810027018922E-02));
#6868 = CARTESIAN_POINT('',(-0.235804,4.4799E-02));
#6869 = CARTESIAN_POINT('',(-0.310804,1.49772981078E-03));
#6870 = CARTESIAN_POINT('',(-0.385804,-4.180354037844E-02));
#6871 = CARTESIAN_POINT('',(-0.385804,4.4799E-02));
#6872 = ( GEOMETRIC_REPRESENTATION_CONTEXT(2) 
PARAMETRIC_REPRESENTATION_CONTEXT() REPRESENTATION_CONTEXT('2D SPACE',''
  ) );
#6873 = ADVANCED_FACE('',(#6874),#6809,.T.);
#6874 = FACE_BOUND('',#6875,.T.);
#6875 = EDGE_LOOP('',(#6876,#6899,#6900,#6923));
#6876 = ORIENTED_EDGE('',*,*,#6877,.F.);
#6877 = EDGE_CURVE('',#6794,#6878,#6880,.T.);
#6878 = VERTEX_POINT('',#6879);
#6879 = CARTESIAN_POINT('',(-3.265,-1.75,0.47));
#6880 = SURFACE_CURVE('',#6881,(#6885,#6892),.PCURVE_S1.);
#6881 = LINE('',#6882,#6883);
#6882 = CARTESIAN_POINT('',(-3.265,-1.75,0.42));
#6883 = VECTOR('',#6884,1.);
#6884 = DIRECTION('',(2.289834988289E-16,0.,1.));
#6885 = PCURVE('',#6809,#6886);
#6886 = DEFINITIONAL_REPRESENTATION('',(#6887),#6891);
#6887 = LINE('',#6888,#6889);
#6888 = CARTESIAN_POINT('',(0.,0.));
#6889 = VECTOR('',#6890,1.);
#6890 = DIRECTION('',(1.,0.));
#6891 = ( GEOMETRIC_REPRESENTATION_CONTEXT(2) 
PARAMETRIC_REPRESENTATION_CONTEXT() REPRESENTATION_CONTEXT('2D SPACE',''
  ) );
#6892 = PCURVE('',#6040,#6893);
#6893 = DEFINITIONAL_REPRESENTATION('',(#6894),#6898);
#6894 = LINE('',#6895,#6896);
#6895 = CARTESIAN_POINT('',(-0.285804,4.4799E-02));
#6896 = VECTOR('',#6897,1.);
#6897 = DIRECTION('',(1.200639317332E-47,1.));
#6898 = ( GEOMETRIC_REPRESENTATION_CONTEXT(2) 
PARAMETRIC_REPRESENTATION_CONTEXT() REPRESENTATION_CONTEXT('2D SPACE',''
  ) );
#6899 = ORIENTED_EDGE('',*,*,#6791,.F.);
#6900 = ORIENTED_EDGE('',*,*,#6901,.T.);
#6901 = EDGE_CURVE('',#6792,#6902,#6904,.T.);
#6902 = VERTEX_POINT('',#6903);
#6903 = CARTESIAN_POINT('',(-3.115,-1.75,0.47));
#6904 = SURFACE_CURVE('',#6905,(#6909,#6916),.PCURVE_S1.);
#6905 = LINE('',#6906,#6907);
#6906 = CARTESIAN_POINT('',(-3.115,-1.75,0.42));
#6907 = VECTOR('',#6908,1.);
#6908 = DIRECTION('',(2.289834988289E-16,0.,1.));
#6909 = PCURVE('',#6809,#6910);
#6910 = DEFINITIONAL_REPRESENTATION('',(#6911),#6915);
#6911 = LINE('',#6912,#6913);
#6912 = CARTESIAN_POINT('',(3.434752482434E-17,-0.15));
#6913 = VECTOR('',#6914,1.);
#6914 = DIRECTION('',(1.,0.));
#6915 = ( GEOMETRIC_REPRESENTATION_CONTEXT(2) 
PARAMETRIC_REPRESENTATION_CONTEXT() REPRESENTATION_CONTEXT('2D SPACE',''
  ) );
#6916 = PCURVE('',#5984,#6917);
#6917 = DEFINITIONAL_REPRESENTATION('',(#6918),#6922);
#6918 = LINE('',#6919,#6920);
#6919 = CARTESIAN_POINT('',(-0.285804,4.4799E-02));
#6920 = VECTOR('',#6921,1.);
#6921 = DIRECTION('',(1.200639317332E-47,1.));
#6922 = ( GEOMETRIC_REPRESENTATION_CONTEXT(2) 
PARAMETRIC_REPRESENTATION_CONTEXT() REPRESENTATION_CONTEXT('2D SPACE',''
  ) );
#6923 = ORIENTED_EDGE('',*,*,#6924,.T.);
#6924 = EDGE_CURVE('',#6902,#6878,#6925,.T.);
#6925 = SURFACE_CURVE('',#6926,(#6930,#6937),.PCURVE_S1.);
#6926 = LINE('',#6927,#6928);
#6927 = CARTESIAN_POINT('',(-3.265,-1.75,0.47));
#6928 = VECTOR('',#6929,1.);
#6929 = DIRECTION('',(-1.,5.243344273594E-32,2.289834988289E-16));
#6930 = PCURVE('',#6809,#6931);
#6931 = DEFINITIONAL_REPRESENTATION('',(#6932),#6936);
#6932 = LINE('',#6933,#6934);
#6933 = CARTESIAN_POINT('',(5.E-02,1.144917494145E-17));
#6934 = VECTOR('',#6935,1.);
#6935 = DIRECTION('',(0.,1.));
#6936 = ( GEOMETRIC_REPRESENTATION_CONTEXT(2) 
PARAMETRIC_REPRESENTATION_CONTEXT() REPRESENTATION_CONTEXT('2D SPACE',''
  ) );
#6937 = PCURVE('',#6938,#6943);
#6938 = CYLINDRICAL_SURFACE('',#6939,5.E-02);
#6939 = AXIS2_PLACEMENT_3D('',#6940,#6941,#6942);
#6940 = CARTESIAN_POINT('',(-3.265,-1.8,0.47));
#6941 = DIRECTION('',(-1.,5.243344273594E-32,2.289834988289E-16));
#6942 = DIRECTION('',(-5.243344273594E-32,-1.,0.));
#6943 = DEFINITIONAL_REPRESENTATION('',(#6944),#6948);
#6944 = LINE('',#6945,#6946);
#6945 = CARTESIAN_POINT('',(3.14159265359,0.));
#6946 = VECTOR('',#6947,1.);
#6947 = DIRECTION('',(-5.921189464668E-15,1.));
#6948 = ( GEOMETRIC_REPRESENTATION_CONTEXT(2) 
PARAMETRIC_REPRESENTATION_CONTEXT() REPRESENTATION_CONTEXT('2D SPACE',''
  ) );
#6949 = ADVANCED_FACE('',(#6950),#6938,.F.);
#6950 = FACE_BOUND('',#6951,.F.);
#6951 = EDGE_LOOP('',(#6952,#6982,#7008,#7009));
#6952 = ORIENTED_EDGE('',*,*,#6953,.T.);
#6953 = EDGE_CURVE('',#6954,#6956,#6958,.T.);
#6954 = VERTEX_POINT('',#6955);
#6955 = CARTESIAN_POINT('',(-3.265,-1.8,0.52));
#6956 = VERTEX_POINT('',#6957);
#6957 = CARTESIAN_POINT('',(-3.115,-1.8,0.52));
#6958 = SURFACE_CURVE('',#6959,(#6963,#6970),.PCURVE_S1.);
#6959 = LINE('',#6960,#6961);
#6960 = CARTESIAN_POINT('',(-3.265,-1.8,0.52));
#6961 = VECTOR('',#6962,1.);
#6962 = DIRECTION('',(1.,-5.243344273594E-32,-2.289834988289E-16));
#6963 = PCURVE('',#6938,#6964);
#6964 = DEFINITIONAL_REPRESENTATION('',(#6965),#6969);
#6965 = LINE('',#6966,#6967);
#6966 = CARTESIAN_POINT('',(1.570796326795,0.));
#6967 = VECTOR('',#6968,1.);
#6968 = DIRECTION('',(0.,-1.));
#6969 = ( GEOMETRIC_REPRESENTATION_CONTEXT(2) 
PARAMETRIC_REPRESENTATION_CONTEXT() REPRESENTATION_CONTEXT('2D SPACE',''
  ) );
#6970 = PCURVE('',#6971,#6976);
#6971 = PLANE('',#6972);
#6972 = AXIS2_PLACEMENT_3D('',#6973,#6974,#6975);
#6973 = CARTESIAN_POINT('',(-3.265,-1.8,0.52));
#6974 = DIRECTION('',(-2.289834988289E-16,1.200639317332E-47,-1.));
#6975 = DIRECTION('',(-5.243344273594E-32,-1.,2.917038411497E-62));
#6976 = DEFINITIONAL_REPRESENTATION('',(#6977),#6981);
#6977 = LINE('',#6978,#6979);
#6978 = CARTESIAN_POINT('',(0.,0.));
#6979 = VECTOR('',#6980,1.);
#6980 = DIRECTION('',(-6.679536616831E-78,-1.));
#6981 = ( GEOMETRIC_REPRESENTATION_CONTEXT(2) 
PARAMETRIC_REPRESENTATION_CONTEXT() REPRESENTATION_CONTEXT('2D SPACE',''
  ) );
#6982 = ORIENTED_EDGE('',*,*,#6983,.T.);
#6983 = EDGE_CURVE('',#6956,#6902,#6984,.T.);
#6984 = SURFACE_CURVE('',#6985,(#6990,#6997),.PCURVE_S1.);
#6985 = CIRCLE('',#6986,5.E-02);
#6986 = AXIS2_PLACEMENT_3D('',#6987,#6988,#6989);
#6987 = CARTESIAN_POINT('',(-3.115,-1.8,0.47));
#6988 = DIRECTION('',(-1.,5.243344273594E-32,2.289834988289E-16));
#6989 = DIRECTION('',(-5.243344273594E-32,-1.,0.));
#6990 = PCURVE('',#6938,#6991);
#6991 = DEFINITIONAL_REPRESENTATION('',(#6992),#6996);
#6992 = LINE('',#6993,#6994);
#6993 = CARTESIAN_POINT('',(0.,-0.15));
#6994 = VECTOR('',#6995,1.);
#6995 = DIRECTION('',(1.,0.));
#6996 = ( GEOMETRIC_REPRESENTATION_CONTEXT(2) 
PARAMETRIC_REPRESENTATION_CONTEXT() REPRESENTATION_CONTEXT('2D SPACE',''
  ) );
#6997 = PCURVE('',#5984,#6998);
#6998 = DEFINITIONAL_REPRESENTATION('',(#6999),#7007);
#6999 = ( BOUNDED_CURVE() B_SPLINE_CURVE(2,(#7000,#7001,#7002,#7003,
#7004,#7005,#7006),.UNSPECIFIED.,.T.,.F.) B_SPLINE_CURVE_WITH_KNOTS((1,2
    ,2,2,2,1),(-2.094395102393,0.,2.094395102393,4.188790204786,
6.28318530718,8.377580409573),.UNSPECIFIED.) CURVE() 
GEOMETRIC_REPRESENTATION_ITEM() RATIONAL_B_SPLINE_CURVE((1.,0.5,1.,0.5,
1.,0.5,1.)) REPRESENTATION_ITEM('') );
#7000 = CARTESIAN_POINT('',(-0.385804,9.4799E-02));
#7001 = CARTESIAN_POINT('',(-0.385804,0.181401540378));
#7002 = CARTESIAN_POINT('',(-0.310804,0.138100270189));
#7003 = CARTESIAN_POINT('',(-0.235804,9.4799E-02));
#7004 = CARTESIAN_POINT('',(-0.310804,5.149772981078E-02));
#7005 = CARTESIAN_POINT('',(-0.385804,8.196459621556E-03));
#7006 = CARTESIAN_POINT('',(-0.385804,9.4799E-02));
#7007 = ( GEOMETRIC_REPRESENTATION_CONTEXT(2) 
PARAMETRIC_REPRESENTATION_CONTEXT() REPRESENTATION_CONTEXT('2D SPACE',''
  ) );
#7008 = ORIENTED_EDGE('',*,*,#6924,.T.);
#7009 = ORIENTED_EDGE('',*,*,#7010,.F.);
#7010 = EDGE_CURVE('',#6954,#6878,#7011,.T.);
#7011 = SURFACE_CURVE('',#7012,(#7017,#7024),.PCURVE_S1.);
#7012 = CIRCLE('',#7013,5.E-02);
#7013 = AXIS2_PLACEMENT_3D('',#7014,#7015,#7016);
#7014 = CARTESIAN_POINT('',(-3.265,-1.8,0.47));
#7015 = DIRECTION('',(-1.,5.243344273594E-32,2.289834988289E-16));
#7016 = DIRECTION('',(-5.243344273594E-32,-1.,0.));
#7017 = PCURVE('',#6938,#7018);
#7018 = DEFINITIONAL_REPRESENTATION('',(#7019),#7023);
#7019 = LINE('',#7020,#7021);
#7020 = CARTESIAN_POINT('',(0.,0.));
#7021 = VECTOR('',#7022,1.);
#7022 = DIRECTION('',(1.,0.));
#7023 = ( GEOMETRIC_REPRESENTATION_CONTEXT(2) 
PARAMETRIC_REPRESENTATION_CONTEXT() REPRESENTATION_CONTEXT('2D SPACE',''
  ) );
#7024 = PCURVE('',#6040,#7025);
#7025 = DEFINITIONAL_REPRESENTATION('',(#7026),#7034);
#7026 = ( BOUNDED_CURVE() B_SPLINE_CURVE(2,(#7027,#7028,#7029,#7030,
#7031,#7032,#7033),.UNSPECIFIED.,.T.,.F.) B_SPLINE_CURVE_WITH_KNOTS((1,2
    ,2,2,2,1),(-2.094395102393,0.,2.094395102393,4.188790204786,
6.28318530718,8.377580409573),.UNSPECIFIED.) CURVE() 
GEOMETRIC_REPRESENTATION_ITEM() RATIONAL_B_SPLINE_CURVE((1.,0.5,1.,0.5,
1.,0.5,1.)) REPRESENTATION_ITEM('') );
#7027 = CARTESIAN_POINT('',(-0.385804,9.4799E-02));
#7028 = CARTESIAN_POINT('',(-0.385804,0.181401540378));
#7029 = CARTESIAN_POINT('',(-0.310804,0.138100270189));
#7030 = CARTESIAN_POINT('',(-0.235804,9.4799E-02));
#7031 = CARTESIAN_POINT('',(-0.310804,5.149772981078E-02));
#7032 = CARTESIAN_POINT('',(-0.385804,8.196459621556E-03));
#7033 = CARTESIAN_POINT('',(-0.385804,9.4799E-02));
#7034 = ( GEOMETRIC_REPRESENTATION_CONTEXT(2) 
PARAMETRIC_REPRESENTATION_CONTEXT() REPRESENTATION_CONTEXT('2D SPACE',''
  ) );
#7035 = ADVANCED_FACE('',(#7036),#6971,.T.);
#7036 = FACE_BOUND('',#7037,.T.);
#7037 = EDGE_LOOP('',(#7038,#7061,#7062,#7085));
#7038 = ORIENTED_EDGE('',*,*,#7039,.T.);
#7039 = EDGE_CURVE('',#7040,#6954,#7042,.T.);
#7040 = VERTEX_POINT('',#7041);
#7041 = CARTESIAN_POINT('',(-3.265,-1.9,0.52));
#7042 = SURFACE_CURVE('',#7043,(#7047,#7054),.PCURVE_S1.);
#7043 = LINE('',#7044,#7045);
#7044 = CARTESIAN_POINT('',(-3.265,-1.9,0.52));
#7045 = VECTOR('',#7046,1.);
#7046 = DIRECTION('',(5.243344273594E-32,1.,0.));
#7047 = PCURVE('',#6971,#7048);
#7048 = DEFINITIONAL_REPRESENTATION('',(#7049),#7053);
#7049 = LINE('',#7050,#7051);
#7050 = CARTESIAN_POINT('',(0.1,-5.243344273595E-33));
#7051 = VECTOR('',#7052,1.);
#7052 = DIRECTION('',(-1.,-6.679536616831E-78));
#7053 = ( GEOMETRIC_REPRESENTATION_CONTEXT(2) 
PARAMETRIC_REPRESENTATION_CONTEXT() REPRESENTATION_CONTEXT('2D SPACE',''
  ) );
#7054 = PCURVE('',#6040,#7055);
#7055 = DEFINITIONAL_REPRESENTATION('',(#7056),#7060);
#7056 = LINE('',#7057,#7058);
#7057 = CARTESIAN_POINT('',(-0.435804,0.144799));
#7058 = VECTOR('',#7059,1.);
#7059 = DIRECTION('',(1.,0.));
#7060 = ( GEOMETRIC_REPRESENTATION_CONTEXT(2) 
PARAMETRIC_REPRESENTATION_CONTEXT() REPRESENTATION_CONTEXT('2D SPACE',''
  ) );
#7061 = ORIENTED_EDGE('',*,*,#6953,.T.);
#7062 = ORIENTED_EDGE('',*,*,#7063,.F.);
#7063 = EDGE_CURVE('',#7064,#6956,#7066,.T.);
#7064 = VERTEX_POINT('',#7065);
#7065 = CARTESIAN_POINT('',(-3.115,-1.9,0.52));
#7066 = SURFACE_CURVE('',#7067,(#7071,#7078),.PCURVE_S1.);
#7067 = LINE('',#7068,#7069);
#7068 = CARTESIAN_POINT('',(-3.115,-1.9,0.52));
#7069 = VECTOR('',#7070,1.);
#7070 = DIRECTION('',(5.243344273594E-32,1.,0.));
#7071 = PCURVE('',#6971,#7072);
#7072 = DEFINITIONAL_REPRESENTATION('',(#7073),#7077);
#7073 = LINE('',#7074,#7075);
#7074 = CARTESIAN_POINT('',(0.1,-0.15));
#7075 = VECTOR('',#7076,1.);
#7076 = DIRECTION('',(-1.,-6.679536616831E-78));
#7077 = ( GEOMETRIC_REPRESENTATION_CONTEXT(2) 
PARAMETRIC_REPRESENTATION_CONTEXT() REPRESENTATION_CONTEXT('2D SPACE',''
  ) );
#7078 = PCURVE('',#5984,#7079);
#7079 = DEFINITIONAL_REPRESENTATION('',(#7080),#7084);
#7080 = LINE('',#7081,#7082);
#7081 = CARTESIAN_POINT('',(-0.435804,0.144799));
#7082 = VECTOR('',#7083,1.);
#7083 = DIRECTION('',(1.,0.));
#7084 = ( GEOMETRIC_REPRESENTATION_CONTEXT(2) 
PARAMETRIC_REPRESENTATION_CONTEXT() REPRESENTATION_CONTEXT('2D SPACE',''
  ) );
#7085 = ORIENTED_EDGE('',*,*,#7086,.F.);
#7086 = EDGE_CURVE('',#7040,#7064,#7087,.T.);
#7087 = SURFACE_CURVE('',#7088,(#7092,#7099),.PCURVE_S1.);
#7088 = LINE('',#7089,#7090);
#7089 = CARTESIAN_POINT('',(-3.265,-1.9,0.52));
#7090 = VECTOR('',#7091,1.);
#7091 = DIRECTION('',(1.,-5.243344273594E-32,-2.289834988289E-16));
#7092 = PCURVE('',#6971,#7093);
#7093 = DEFINITIONAL_REPRESENTATION('',(#7094),#7098);
#7094 = LINE('',#7095,#7096);
#7095 = CARTESIAN_POINT('',(0.1,-5.243344273595E-33));
#7096 = VECTOR('',#7097,1.);
#7097 = DIRECTION('',(-6.679536616831E-78,-1.));
#7098 = ( GEOMETRIC_REPRESENTATION_CONTEXT(2) 
PARAMETRIC_REPRESENTATION_CONTEXT() REPRESENTATION_CONTEXT('2D SPACE',''
  ) );
#7099 = PCURVE('',#7100,#7105);
#7100 = PLANE('',#7101);
#7101 = AXIS2_PLACEMENT_3D('',#7102,#7103,#7104);
#7102 = CARTESIAN_POINT('',(-3.265,-1.9,0.52));
#7103 = DIRECTION('',(-5.243344273594E-32,-1.,1.200639317332E-47));
#7104 = DIRECTION('',(2.289834988289E-16,-2.917038411497E-62,1.));
#7105 = DEFINITIONAL_REPRESENTATION('',(#7106),#7110);
#7106 = LINE('',#7107,#7108);
#7107 = CARTESIAN_POINT('',(0.,0.));
#7108 = VECTOR('',#7109,1.);
#7109 = DIRECTION('',(0.,-1.));
#7110 = ( GEOMETRIC_REPRESENTATION_CONTEXT(2) 
PARAMETRIC_REPRESENTATION_CONTEXT() REPRESENTATION_CONTEXT('2D SPACE',''
  ) );
#7111 = ADVANCED_FACE('',(#7112),#7100,.T.);
#7112 = FACE_BOUND('',#7113,.T.);
#7113 = EDGE_LOOP('',(#7114,#7137,#7138,#7161));
#7114 = ORIENTED_EDGE('',*,*,#7115,.F.);
#7115 = EDGE_CURVE('',#7040,#7116,#7118,.T.);
#7116 = VERTEX_POINT('',#7117);
#7117 = CARTESIAN_POINT('',(-3.265,-1.9,0.82));
#7118 = SURFACE_CURVE('',#7119,(#7123,#7130),.PCURVE_S1.);
#7119 = LINE('',#7120,#7121);
#7120 = CARTESIAN_POINT('',(-3.265,-1.9,0.52));
#7121 = VECTOR('',#7122,1.);
#7122 = DIRECTION('',(2.289834988289E-16,0.,1.));
#7123 = PCURVE('',#7100,#7124);
#7124 = DEFINITIONAL_REPRESENTATION('',(#7125),#7129);
#7125 = LINE('',#7126,#7127);
#7126 = CARTESIAN_POINT('',(9.992007221626E-16,2.288004773932E-31));
#7127 = VECTOR('',#7128,1.);
#7128 = DIRECTION('',(1.,0.));
#7129 = ( GEOMETRIC_REPRESENTATION_CONTEXT(2) 
PARAMETRIC_REPRESENTATION_CONTEXT() REPRESENTATION_CONTEXT('2D SPACE',''
  ) );
#7130 = PCURVE('',#6040,#7131);
#7131 = DEFINITIONAL_REPRESENTATION('',(#7132),#7136);
#7132 = LINE('',#7133,#7134);
#7133 = CARTESIAN_POINT('',(-0.435804,0.144799));
#7134 = VECTOR('',#7135,1.);
#7135 = DIRECTION('',(1.200639317332E-47,1.));
#7136 = ( GEOMETRIC_REPRESENTATION_CONTEXT(2) 
PARAMETRIC_REPRESENTATION_CONTEXT() REPRESENTATION_CONTEXT('2D SPACE',''
  ) );
#7137 = ORIENTED_EDGE('',*,*,#7086,.T.);
#7138 = ORIENTED_EDGE('',*,*,#7139,.T.);
#7139 = EDGE_CURVE('',#7064,#7140,#7142,.T.);
#7140 = VERTEX_POINT('',#7141);
#7141 = CARTESIAN_POINT('',(-3.115,-1.9,0.82));
#7142 = SURFACE_CURVE('',#7143,(#7147,#7154),.PCURVE_S1.);
#7143 = LINE('',#7144,#7145);
#7144 = CARTESIAN_POINT('',(-3.115,-1.9,0.52));
#7145 = VECTOR('',#7146,1.);
#7146 = DIRECTION('',(2.289834988289E-16,0.,1.));
#7147 = PCURVE('',#7100,#7148);
#7148 = DEFINITIONAL_REPRESENTATION('',(#7149),#7153);
#7149 = LINE('',#7150,#7151);
#7150 = CARTESIAN_POINT('',(1.033548246987E-15,-0.15));
#7151 = VECTOR('',#7152,1.);
#7152 = DIRECTION('',(1.,0.));
#7153 = ( GEOMETRIC_REPRESENTATION_CONTEXT(2) 
PARAMETRIC_REPRESENTATION_CONTEXT() REPRESENTATION_CONTEXT('2D SPACE',''
  ) );
#7154 = PCURVE('',#5984,#7155);
#7155 = DEFINITIONAL_REPRESENTATION('',(#7156),#7160);
#7156 = LINE('',#7157,#7158);
#7157 = CARTESIAN_POINT('',(-0.435804,0.144799));
#7158 = VECTOR('',#7159,1.);
#7159 = DIRECTION('',(1.200639317332E-47,1.));
#7160 = ( GEOMETRIC_REPRESENTATION_CONTEXT(2) 
PARAMETRIC_REPRESENTATION_CONTEXT() REPRESENTATION_CONTEXT('2D SPACE',''
  ) );
#7161 = ORIENTED_EDGE('',*,*,#7162,.F.);
#7162 = EDGE_CURVE('',#7116,#7140,#7163,.T.);
#7163 = SURFACE_CURVE('',#7164,(#7168,#7175),.PCURVE_S1.);
#7164 = LINE('',#7165,#7166);
#7165 = CARTESIAN_POINT('',(-3.265,-1.9,0.82));
#7166 = VECTOR('',#7167,1.);
#7167 = DIRECTION('',(1.,-5.243344273594E-32,-2.289834988289E-16));
#7168 = PCURVE('',#7100,#7169);
#7169 = DEFINITIONAL_REPRESENTATION('',(#7170),#7174);
#7170 = LINE('',#7171,#7172);
#7171 = CARTESIAN_POINT('',(0.3,6.869504964868E-17));
#7172 = VECTOR('',#7173,1.);
#7173 = DIRECTION('',(0.,-1.));
#7174 = ( GEOMETRIC_REPRESENTATION_CONTEXT(2) 
PARAMETRIC_REPRESENTATION_CONTEXT() REPRESENTATION_CONTEXT('2D SPACE',''
  ) );
#7175 = PCURVE('',#6066,#7176);
#7176 = DEFINITIONAL_REPRESENTATION('',(#7177),#7181);
#7177 = LINE('',#7178,#7179);
#7178 = CARTESIAN_POINT('',(0.,0.));
#7179 = VECTOR('',#7180,1.);
#7180 = DIRECTION('',(6.679536616831E-78,-1.));
#7181 = ( GEOMETRIC_REPRESENTATION_CONTEXT(2) 
PARAMETRIC_REPRESENTATION_CONTEXT() REPRESENTATION_CONTEXT('2D SPACE',''
  ) );
#7182 = ADVANCED_FACE('',(#7183),#6180,.T.);
#7183 = FACE_BOUND('',#7184,.T.);
#7184 = EDGE_LOOP('',(#7185,#7208,#7236,#7257));
#7185 = ORIENTED_EDGE('',*,*,#7186,.T.);
#7186 = EDGE_CURVE('',#6130,#7187,#7189,.T.);
#7187 = VERTEX_POINT('',#7188);
#7188 = CARTESIAN_POINT('',(-3.265,-1.1,0.46));
#7189 = SURFACE_CURVE('',#7190,(#7194,#7201),.PCURVE_S1.);
#7190 = LINE('',#7191,#7192);
#7191 = CARTESIAN_POINT('',(-3.265,-1.1,0.841614));
#7192 = VECTOR('',#7193,1.);
#7193 = DIRECTION('',(2.289834988289E-16,2.289834988289E-16,1.));
#7194 = PCURVE('',#6180,#7195);
#7195 = DEFINITIONAL_REPRESENTATION('',(#7196),#7200);
#7196 = LINE('',#7197,#7198);
#7197 = CARTESIAN_POINT('',(-0.381614,8.738330892211E-17));
#7198 = VECTOR('',#7199,1.);
#7199 = DIRECTION('',(-1.,0.));
#7200 = ( GEOMETRIC_REPRESENTATION_CONTEXT(2) 
PARAMETRIC_REPRESENTATION_CONTEXT() REPRESENTATION_CONTEXT('2D SPACE',''
  ) );
#7201 = PCURVE('',#6040,#7202);
#7202 = DEFINITIONAL_REPRESENTATION('',(#7203),#7207);
#7203 = LINE('',#7204,#7205);
#7204 = CARTESIAN_POINT('',(0.364196,0.466413));
#7205 = VECTOR('',#7206,1.);
#7206 = DIRECTION('',(2.289834988289E-16,1.));
#7207 = ( GEOMETRIC_REPRESENTATION_CONTEXT(2) 
PARAMETRIC_REPRESENTATION_CONTEXT() REPRESENTATION_CONTEXT('2D SPACE',''
  ) );
#7208 = ORIENTED_EDGE('',*,*,#7209,.T.);
#7209 = EDGE_CURVE('',#7187,#7210,#7212,.T.);
#7210 = VERTEX_POINT('',#7211);
#7211 = CARTESIAN_POINT('',(-3.115,-1.1,0.46));
#7212 = SURFACE_CURVE('',#7213,(#7217,#7224),.PCURVE_S1.);
#7213 = LINE('',#7214,#7215);
#7214 = CARTESIAN_POINT('',(-3.265,-1.1,0.46));
#7215 = VECTOR('',#7216,1.);
#7216 = DIRECTION('',(1.,-5.243344273594E-32,-2.289834988289E-16));
#7217 = PCURVE('',#6180,#7218);
#7218 = DEFINITIONAL_REPRESENTATION('',(#7219),#7223);
#7219 = LINE('',#7220,#7221);
#7220 = CARTESIAN_POINT('',(9.992007221626E-16,-2.288004773932E-31));
#7221 = VECTOR('',#7222,1.);
#7222 = DIRECTION('',(0.,-1.));
#7223 = ( GEOMETRIC_REPRESENTATION_CONTEXT(2) 
PARAMETRIC_REPRESENTATION_CONTEXT() REPRESENTATION_CONTEXT('2D SPACE',''
  ) );
#7224 = PCURVE('',#7225,#7230);
#7225 = CYLINDRICAL_SURFACE('',#7226,5.E-02);
#7226 = AXIS2_PLACEMENT_3D('',#7227,#7228,#7229);
#7227 = CARTESIAN_POINT('',(-3.265,-1.05,0.46));
#7228 = DIRECTION('',(1.,-5.243344273594E-32,-2.289834988289E-16));
#7229 = DIRECTION('',(-2.080052407982E-46,1.,-2.289834988289E-16));
#7230 = DEFINITIONAL_REPRESENTATION('',(#7231),#7235);
#7231 = LINE('',#7232,#7233);
#7232 = CARTESIAN_POINT('',(3.14159265359,0.));
#7233 = VECTOR('',#7234,1.);
#7234 = DIRECTION('',(0.,1.));
#7235 = ( GEOMETRIC_REPRESENTATION_CONTEXT(2) 
PARAMETRIC_REPRESENTATION_CONTEXT() REPRESENTATION_CONTEXT('2D SPACE',''
  ) );
#7236 = ORIENTED_EDGE('',*,*,#7237,.F.);
#7237 = EDGE_CURVE('',#6165,#7210,#7238,.T.);
#7238 = SURFACE_CURVE('',#7239,(#7243,#7250),.PCURVE_S1.);
#7239 = LINE('',#7240,#7241);
#7240 = CARTESIAN_POINT('',(-3.115,-1.1,0.841614));
#7241 = VECTOR('',#7242,1.);
#7242 = DIRECTION('',(2.289834988289E-16,2.289834988289E-16,1.));
#7243 = PCURVE('',#6180,#7244);
#7244 = DEFINITIONAL_REPRESENTATION('',(#7245),#7249);
#7245 = LINE('',#7246,#7247);
#7246 = CARTESIAN_POINT('',(-0.381614,-0.15));
#7247 = VECTOR('',#7248,1.);
#7248 = DIRECTION('',(-1.,0.));
#7249 = ( GEOMETRIC_REPRESENTATION_CONTEXT(2) 
PARAMETRIC_REPRESENTATION_CONTEXT() REPRESENTATION_CONTEXT('2D SPACE',''
  ) );
#7250 = PCURVE('',#5984,#7251);
#7251 = DEFINITIONAL_REPRESENTATION('',(#7252),#7256);
#7252 = LINE('',#7253,#7254);
#7253 = CARTESIAN_POINT('',(0.364196,0.466413));
#7254 = VECTOR('',#7255,1.);
#7255 = DIRECTION('',(2.289834988289E-16,1.));
#7256 = ( GEOMETRIC_REPRESENTATION_CONTEXT(2) 
PARAMETRIC_REPRESENTATION_CONTEXT() REPRESENTATION_CONTEXT('2D SPACE',''
  ) );
#7257 = ORIENTED_EDGE('',*,*,#6164,.T.);
#7258 = ADVANCED_FACE('',(#7259),#6066,.T.);
#7259 = FACE_BOUND('',#7260,.T.);
#7260 = EDGE_LOOP('',(#7261,#7282,#7283,#7304));
#7261 = ORIENTED_EDGE('',*,*,#7262,.T.);
#7262 = EDGE_CURVE('',#6025,#7116,#7263,.T.);
#7263 = SURFACE_CURVE('',#7264,(#7268,#7275),.PCURVE_S1.);
#7264 = LINE('',#7265,#7266);
#7265 = CARTESIAN_POINT('',(-3.265,0.694863,0.82));
#7266 = VECTOR('',#7267,1.);
#7267 = DIRECTION('',(0.,-1.,2.289834988289E-16));
#7268 = PCURVE('',#6066,#7269);
#7269 = DEFINITIONAL_REPRESENTATION('',(#7270),#7274);
#7270 = LINE('',#7271,#7272);
#7271 = CARTESIAN_POINT('',(2.594863,1.360576005181E-31));
#7272 = VECTOR('',#7273,1.);
#7273 = DIRECTION('',(-1.,2.080052407982E-46));
#7274 = ( GEOMETRIC_REPRESENTATION_CONTEXT(2) 
PARAMETRIC_REPRESENTATION_CONTEXT() REPRESENTATION_CONTEXT('2D SPACE',''
  ) );
#7275 = PCURVE('',#6040,#7276);
#7276 = DEFINITIONAL_REPRESENTATION('',(#7277),#7281);
#7277 = LINE('',#7278,#7279);
#7278 = CARTESIAN_POINT('',(2.159059,0.444799));
#7279 = VECTOR('',#7280,1.);
#7280 = DIRECTION('',(-1.,2.289834988289E-16));
#7281 = ( GEOMETRIC_REPRESENTATION_CONTEXT(2) 
PARAMETRIC_REPRESENTATION_CONTEXT() REPRESENTATION_CONTEXT('2D SPACE',''
  ) );
#7282 = ORIENTED_EDGE('',*,*,#7162,.T.);
#7283 = ORIENTED_EDGE('',*,*,#7284,.F.);
#7284 = EDGE_CURVE('',#5969,#7140,#7285,.T.);
#7285 = SURFACE_CURVE('',#7286,(#7290,#7297),.PCURVE_S1.);
#7286 = LINE('',#7287,#7288);
#7287 = CARTESIAN_POINT('',(-3.115,0.694863,0.82));
#7288 = VECTOR('',#7289,1.);
#7289 = DIRECTION('',(0.,-1.,2.289834988289E-16));
#7290 = PCURVE('',#6066,#7291);
#7291 = DEFINITIONAL_REPRESENTATION('',(#7292),#7296);
#7292 = LINE('',#7293,#7294);
#7293 = CARTESIAN_POINT('',(2.594863,-0.15));
#7294 = VECTOR('',#7295,1.);
#7295 = DIRECTION('',(-1.,2.080052407982E-46));
#7296 = ( GEOMETRIC_REPRESENTATION_CONTEXT(2) 
PARAMETRIC_REPRESENTATION_CONTEXT() REPRESENTATION_CONTEXT('2D SPACE',''
  ) );
#7297 = PCURVE('',#5984,#7298);
#7298 = DEFINITIONAL_REPRESENTATION('',(#7299),#7303);
#7299 = LINE('',#7300,#7301);
#7300 = CARTESIAN_POINT('',(2.159059,0.444799));
#7301 = VECTOR('',#7302,1.);
#7302 = DIRECTION('',(-1.,2.289834988289E-16));
#7303 = ( GEOMETRIC_REPRESENTATION_CONTEXT(2) 
PARAMETRIC_REPRESENTATION_CONTEXT() REPRESENTATION_CONTEXT('2D SPACE',''
  ) );
#7304 = ORIENTED_EDGE('',*,*,#6052,.T.);
#7305 = ADVANCED_FACE('',(#7306),#5984,.T.);
#7306 = FACE_BOUND('',#7307,.T.);
#7307 = EDGE_LOOP('',(#7308,#7309,#7310,#7311,#7312,#7313,#7314,#7315,
    #7316,#7317,#7318,#7319,#7320,#7321,#7322,#7350,#7371,#7372));
#7308 = ORIENTED_EDGE('',*,*,#7139,.F.);
#7309 = ORIENTED_EDGE('',*,*,#7063,.T.);
#7310 = ORIENTED_EDGE('',*,*,#6983,.T.);
#7311 = ORIENTED_EDGE('',*,*,#6901,.F.);
#7312 = ORIENTED_EDGE('',*,*,#6821,.T.);
#7313 = ORIENTED_EDGE('',*,*,#6739,.T.);
#7314 = ORIENTED_EDGE('',*,*,#6663,.T.);
#7315 = ORIENTED_EDGE('',*,*,#6587,.F.);
#7316 = ORIENTED_EDGE('',*,*,#6507,.T.);
#7317 = ORIENTED_EDGE('',*,*,#6425,.F.);
#7318 = ORIENTED_EDGE('',*,*,#6349,.T.);
#7319 = ORIENTED_EDGE('',*,*,#6273,.T.);
#7320 = ORIENTED_EDGE('',*,*,#6192,.F.);
#7321 = ORIENTED_EDGE('',*,*,#7237,.T.);
#7322 = ORIENTED_EDGE('',*,*,#7323,.T.);
#7323 = EDGE_CURVE('',#7210,#7324,#7326,.T.);
#7324 = VERTEX_POINT('',#7325);
#7325 = CARTESIAN_POINT('',(-3.115,-1.05,0.51));
#7326 = SURFACE_CURVE('',#7327,(#7332,#7343),.PCURVE_S1.);
#7327 = CIRCLE('',#7328,5.E-02);
#7328 = AXIS2_PLACEMENT_3D('',#7329,#7330,#7331);
#7329 = CARTESIAN_POINT('',(-3.115,-1.05,0.46));
#7330 = DIRECTION('',(-1.,5.243344273594E-32,2.289834988289E-16));
#7331 = DIRECTION('',(-2.080052407982E-46,1.,-2.289834988289E-16));
#7332 = PCURVE('',#5984,#7333);
#7333 = DEFINITIONAL_REPRESENTATION('',(#7334),#7342);
#7334 = ( BOUNDED_CURVE() B_SPLINE_CURVE(2,(#7335,#7336,#7337,#7338,
#7339,#7340,#7341),.UNSPECIFIED.,.T.,.F.) B_SPLINE_CURVE_WITH_KNOTS((1,2
    ,2,2,2,1),(-2.094395102393,0.,2.094395102393,4.188790204786,
6.28318530718,8.377580409573),.UNSPECIFIED.) CURVE() 
GEOMETRIC_REPRESENTATION_ITEM() RATIONAL_B_SPLINE_CURVE((1.,0.5,1.,0.5,
1.,0.5,1.)) REPRESENTATION_ITEM('') );
#7335 = CARTESIAN_POINT('',(0.464196,8.4799E-02));
#7336 = CARTESIAN_POINT('',(0.464196,-1.803540378445E-03));
#7337 = CARTESIAN_POINT('',(0.389196,4.149772981078E-02));
#7338 = CARTESIAN_POINT('',(0.314196,8.4799E-02));
#7339 = CARTESIAN_POINT('',(0.389196,0.128100270189));
#7340 = CARTESIAN_POINT('',(0.464196,0.171401540378));
#7341 = CARTESIAN_POINT('',(0.464196,8.4799E-02));
#7342 = ( GEOMETRIC_REPRESENTATION_CONTEXT(2) 
PARAMETRIC_REPRESENTATION_CONTEXT() REPRESENTATION_CONTEXT('2D SPACE',''
  ) );
#7343 = PCURVE('',#7225,#7344);
#7344 = DEFINITIONAL_REPRESENTATION('',(#7345),#7349);
#7345 = LINE('',#7346,#7347);
#7346 = CARTESIAN_POINT('',(6.28318530718,0.15));
#7347 = VECTOR('',#7348,1.);
#7348 = DIRECTION('',(-1.,0.));
#7349 = ( GEOMETRIC_REPRESENTATION_CONTEXT(2) 
PARAMETRIC_REPRESENTATION_CONTEXT() REPRESENTATION_CONTEXT('2D SPACE',''
  ) );
#7350 = ORIENTED_EDGE('',*,*,#7351,.T.);
#7351 = EDGE_CURVE('',#7324,#5967,#7352,.T.);
#7352 = SURFACE_CURVE('',#7353,(#7357,#7364),.PCURVE_S1.);
#7353 = LINE('',#7354,#7355);
#7354 = CARTESIAN_POINT('',(-3.115,0.694863,0.51));
#7355 = VECTOR('',#7356,1.);
#7356 = DIRECTION('',(0.,1.,-2.289834988289E-16));
#7357 = PCURVE('',#5984,#7358);
#7358 = DEFINITIONAL_REPRESENTATION('',(#7359),#7363);
#7359 = LINE('',#7360,#7361);
#7360 = CARTESIAN_POINT('',(2.159059,0.134799));
#7361 = VECTOR('',#7362,1.);
#7362 = DIRECTION('',(1.,-2.289834988289E-16));
#7363 = ( GEOMETRIC_REPRESENTATION_CONTEXT(2) 
PARAMETRIC_REPRESENTATION_CONTEXT() REPRESENTATION_CONTEXT('2D SPACE',''
  ) );
#7364 = PCURVE('',#6012,#7365);
#7365 = DEFINITIONAL_REPRESENTATION('',(#7366),#7370);
#7366 = LINE('',#7367,#7368);
#7367 = CARTESIAN_POINT('',(1.794863,-0.15));
#7368 = VECTOR('',#7369,1.);
#7369 = DIRECTION('',(1.,0.));
#7370 = ( GEOMETRIC_REPRESENTATION_CONTEXT(2) 
PARAMETRIC_REPRESENTATION_CONTEXT() REPRESENTATION_CONTEXT('2D SPACE',''
  ) );
#7371 = ORIENTED_EDGE('',*,*,#5966,.T.);
#7372 = ORIENTED_EDGE('',*,*,#7284,.T.);
#7373 = ADVANCED_FACE('',(#7374),#6040,.F.);
#7374 = FACE_BOUND('',#7375,.T.);
#7375 = EDGE_LOOP('',(#7376,#7377,#7378,#7379,#7380,#7381,#7382,#7383,
    #7384,#7385,#7386,#7387,#7388,#7389,#7390,#7391,#7392,#7415));
#7376 = ORIENTED_EDGE('',*,*,#7186,.F.);
#7377 = ORIENTED_EDGE('',*,*,#6129,.T.);
#7378 = ORIENTED_EDGE('',*,*,#6249,.F.);
#7379 = ORIENTED_EDGE('',*,*,#6325,.F.);
#7380 = ORIENTED_EDGE('',*,*,#6401,.T.);
#7381 = ORIENTED_EDGE('',*,*,#6534,.F.);
#7382 = ORIENTED_EDGE('',*,*,#6563,.T.);
#7383 = ORIENTED_EDGE('',*,*,#6639,.F.);
#7384 = ORIENTED_EDGE('',*,*,#6715,.F.);
#7385 = ORIENTED_EDGE('',*,*,#6848,.F.);
#7386 = ORIENTED_EDGE('',*,*,#6877,.T.);
#7387 = ORIENTED_EDGE('',*,*,#7010,.F.);
#7388 = ORIENTED_EDGE('',*,*,#7039,.F.);
#7389 = ORIENTED_EDGE('',*,*,#7115,.T.);
#7390 = ORIENTED_EDGE('',*,*,#7262,.F.);
#7391 = ORIENTED_EDGE('',*,*,#6024,.F.);
#7392 = ORIENTED_EDGE('',*,*,#7393,.F.);
#7393 = EDGE_CURVE('',#7394,#5997,#7396,.T.);
#7394 = VERTEX_POINT('',#7395);
#7395 = CARTESIAN_POINT('',(-3.265,-1.05,0.51));
#7396 = SURFACE_CURVE('',#7397,(#7401,#7408),.PCURVE_S1.);
#7397 = LINE('',#7398,#7399);
#7398 = CARTESIAN_POINT('',(-3.265,0.694863,0.51));
#7399 = VECTOR('',#7400,1.);
#7400 = DIRECTION('',(0.,1.,-2.289834988289E-16));
#7401 = PCURVE('',#6040,#7402);
#7402 = DEFINITIONAL_REPRESENTATION('',(#7403),#7407);
#7403 = LINE('',#7404,#7405);
#7404 = CARTESIAN_POINT('',(2.159059,0.134799));
#7405 = VECTOR('',#7406,1.);
#7406 = DIRECTION('',(1.,-2.289834988289E-16));
#7407 = ( GEOMETRIC_REPRESENTATION_CONTEXT(2) 
PARAMETRIC_REPRESENTATION_CONTEXT() REPRESENTATION_CONTEXT('2D SPACE',''
  ) );
#7408 = PCURVE('',#6012,#7409);
#7409 = DEFINITIONAL_REPRESENTATION('',(#7410),#7414);
#7410 = LINE('',#7411,#7412);
#7411 = CARTESIAN_POINT('',(1.794863,-7.578254734284E-33));
#7412 = VECTOR('',#7413,1.);
#7413 = DIRECTION('',(1.,0.));
#7414 = ( GEOMETRIC_REPRESENTATION_CONTEXT(2) 
PARAMETRIC_REPRESENTATION_CONTEXT() REPRESENTATION_CONTEXT('2D SPACE',''
  ) );
#7415 = ORIENTED_EDGE('',*,*,#7416,.F.);
#7416 = EDGE_CURVE('',#7187,#7394,#7417,.T.);
#7417 = SURFACE_CURVE('',#7418,(#7423,#7434),.PCURVE_S1.);
#7418 = CIRCLE('',#7419,5.E-02);
#7419 = AXIS2_PLACEMENT_3D('',#7420,#7421,#7422);
#7420 = CARTESIAN_POINT('',(-3.265,-1.05,0.46));
#7421 = DIRECTION('',(-1.,5.243344273594E-32,2.289834988289E-16));
#7422 = DIRECTION('',(-2.080052407982E-46,1.,-2.289834988289E-16));
#7423 = PCURVE('',#6040,#7424);
#7424 = DEFINITIONAL_REPRESENTATION('',(#7425),#7433);
#7425 = ( BOUNDED_CURVE() B_SPLINE_CURVE(2,(#7426,#7427,#7428,#7429,
#7430,#7431,#7432),.UNSPECIFIED.,.T.,.F.) B_SPLINE_CURVE_WITH_KNOTS((1,2
    ,2,2,2,1),(-2.094395102393,0.,2.094395102393,4.188790204786,
6.28318530718,8.377580409573),.UNSPECIFIED.) CURVE() 
GEOMETRIC_REPRESENTATION_ITEM() RATIONAL_B_SPLINE_CURVE((1.,0.5,1.,0.5,
1.,0.5,1.)) REPRESENTATION_ITEM('') );
#7426 = CARTESIAN_POINT('',(0.464196,8.4799E-02));
#7427 = CARTESIAN_POINT('',(0.464196,-1.803540378445E-03));
#7428 = CARTESIAN_POINT('',(0.389196,4.149772981078E-02));
#7429 = CARTESIAN_POINT('',(0.314196,8.4799E-02));
#7430 = CARTESIAN_POINT('',(0.389196,0.128100270189));
#7431 = CARTESIAN_POINT('',(0.464196,0.171401540378));
#7432 = CARTESIAN_POINT('',(0.464196,8.4799E-02));
#7433 = ( GEOMETRIC_REPRESENTATION_CONTEXT(2) 
PARAMETRIC_REPRESENTATION_CONTEXT() REPRESENTATION_CONTEXT('2D SPACE',''
  ) );
#7434 = PCURVE('',#7225,#7435);
#7435 = DEFINITIONAL_REPRESENTATION('',(#7436),#7440);
#7436 = LINE('',#7437,#7438);
#7437 = CARTESIAN_POINT('',(6.28318530718,0.));
#7438 = VECTOR('',#7439,1.);
#7439 = DIRECTION('',(-1.,0.));
#7440 = ( GEOMETRIC_REPRESENTATION_CONTEXT(2) 
PARAMETRIC_REPRESENTATION_CONTEXT() REPRESENTATION_CONTEXT('2D SPACE',''
  ) );
#7441 = ADVANCED_FACE('',(#7442),#6012,.F.);
#7442 = FACE_BOUND('',#7443,.T.);
#7443 = EDGE_LOOP('',(#7444,#7445,#7446,#7447));
#7444 = ORIENTED_EDGE('',*,*,#7393,.T.);
#7445 = ORIENTED_EDGE('',*,*,#5996,.T.);
#7446 = ORIENTED_EDGE('',*,*,#7351,.F.);
#7447 = ORIENTED_EDGE('',*,*,#7448,.T.);
#7448 = EDGE_CURVE('',#7324,#7394,#7449,.T.);
#7449 = SURFACE_CURVE('',#7450,(#7454,#7461),.PCURVE_S1.);
#7450 = LINE('',#7451,#7452);
#7451 = CARTESIAN_POINT('',(-3.11494,-1.05,0.51));
#7452 = VECTOR('',#7453,1.);
#7453 = DIRECTION('',(-1.,5.243344273594E-32,2.289834988289E-16));
#7454 = PCURVE('',#6012,#7455);
#7455 = DEFINITIONAL_REPRESENTATION('',(#7456),#7460);
#7456 = LINE('',#7457,#7458);
#7457 = CARTESIAN_POINT('',(5.E-02,-0.15006));
#7458 = VECTOR('',#7459,1.);
#7459 = DIRECTION('',(-2.080052407982E-46,1.));
#7460 = ( GEOMETRIC_REPRESENTATION_CONTEXT(2) 
PARAMETRIC_REPRESENTATION_CONTEXT() REPRESENTATION_CONTEXT('2D SPACE',''
  ) );
#7461 = PCURVE('',#7225,#7462);
#7462 = DEFINITIONAL_REPRESENTATION('',(#7463),#7467);
#7463 = LINE('',#7464,#7465);
#7464 = CARTESIAN_POINT('',(1.570796326795,0.15006));
#7465 = VECTOR('',#7466,1.);
#7466 = DIRECTION('',(0.,-1.));
#7467 = ( GEOMETRIC_REPRESENTATION_CONTEXT(2) 
PARAMETRIC_REPRESENTATION_CONTEXT() REPRESENTATION_CONTEXT('2D SPACE',''
  ) );
#7468 = ADVANCED_FACE('',(#7469),#7225,.F.);
#7469 = FACE_BOUND('',#7470,.F.);
#7470 = EDGE_LOOP('',(#7471,#7472,#7473,#7474));
#7471 = ORIENTED_EDGE('',*,*,#7448,.T.);
#7472 = ORIENTED_EDGE('',*,*,#7416,.F.);
#7473 = ORIENTED_EDGE('',*,*,#7209,.T.);
#7474 = ORIENTED_EDGE('',*,*,#7323,.T.);
#7475 = ADVANCED_FACE('',(#7476),#929,.F.);
#7476 = FACE_BOUND('',#7477,.T.);
#7477 = EDGE_LOOP('',(#7478,#7479,#7480,#7481,#7482,#7483));
#7478 = ORIENTED_EDGE('',*,*,#1806,.T.);
#7479 = ORIENTED_EDGE('',*,*,#906,.F.);
#7480 = ORIENTED_EDGE('',*,*,#5107,.T.);
#7481 = ORIENTED_EDGE('',*,*,#4985,.T.);
#7482 = ORIENTED_EDGE('',*,*,#6103,.F.);
#7483 = ORIENTED_EDGE('',*,*,#7484,.T.);
#7484 = EDGE_CURVE('',#6081,#1807,#7485,.T.);
#7485 = SURFACE_CURVE('',#7486,(#7490,#7497),.PCURVE_S1.);
#7486 = LINE('',#7487,#7488);
#7487 = CARTESIAN_POINT('',(-3.5,0.694863,1.));
#7488 = VECTOR('',#7489,1.);
#7489 = DIRECTION('',(0.,1.,-2.289834988289E-16));
#7490 = PCURVE('',#929,#7491);
#7491 = DEFINITIONAL_REPRESENTATION('',(#7492),#7496);
#7492 = LINE('',#7493,#7494);
#7493 = CARTESIAN_POINT('',(-1.687173024987E-17,0.158386));
#7494 = VECTOR('',#7495,1.);
#7495 = DIRECTION('',(1.,-1.224606353822E-16));
#7496 = ( GEOMETRIC_REPRESENTATION_CONTEXT(2) 
PARAMETRIC_REPRESENTATION_CONTEXT() REPRESENTATION_CONTEXT('2D SPACE',''
  ) );
#7497 = PCURVE('',#62,#7498);
#7498 = DEFINITIONAL_REPRESENTATION('',(#7499),#7503);
#7499 = LINE('',#7500,#7501);
#7500 = CARTESIAN_POINT('',(-2.188730268294,38.176624388842));
#7501 = VECTOR('',#7502,1.);
#7502 = DIRECTION('',(-1.,0.));
#7503 = ( GEOMETRIC_REPRESENTATION_CONTEXT(2) 
PARAMETRIC_REPRESENTATION_CONTEXT() REPRESENTATION_CONTEXT('2D SPACE',''
  ) );
#7504 = ADVANCED_FACE('',(#7505),#1749,.T.);
#7505 = FACE_BOUND('',#7506,.T.);
#7506 = EDGE_LOOP('',(#7507,#7508,#7531,#7559));
#7507 = ORIENTED_EDGE('',*,*,#1733,.F.);
#7508 = ORIENTED_EDGE('',*,*,#7509,.F.);
#7509 = EDGE_CURVE('',#7510,#1706,#7512,.T.);
#7510 = VERTEX_POINT('',#7511);
#7511 = CARTESIAN_POINT('',(-2.4,0.92,8.E-02));
#7512 = SURFACE_CURVE('',#7513,(#7517,#7524),.PCURVE_S1.);
#7513 = LINE('',#7514,#7515);
#7514 = CARTESIAN_POINT('',(-2.4,0.694863,8.E-02));
#7515 = VECTOR('',#7516,1.);
#7516 = DIRECTION('',(-1.224606353822E-16,1.,-2.289834988289E-16));
#7517 = PCURVE('',#1749,#7518);
#7518 = DEFINITIONAL_REPRESENTATION('',(#7519),#7523);
#7519 = LINE('',#7520,#7521);
#7520 = CARTESIAN_POINT('',(3.535533905933E-02,0.155137));
#7521 = VECTOR('',#7522,1.);
#7522 = DIRECTION('',(-8.659274570719E-17,-1.));
#7523 = ( GEOMETRIC_REPRESENTATION_CONTEXT(2) 
PARAMETRIC_REPRESENTATION_CONTEXT() REPRESENTATION_CONTEXT('2D SPACE',''
  ) );
#7524 = PCURVE('',#1721,#7525);
#7525 = DEFINITIONAL_REPRESENTATION('',(#7526),#7530);
#7526 = LINE('',#7527,#7528);
#7527 = CARTESIAN_POINT('',(0.305137,-0.2375));
#7528 = VECTOR('',#7529,1.);
#7529 = DIRECTION('',(-1.,-1.224606353822E-16));
#7530 = ( GEOMETRIC_REPRESENTATION_CONTEXT(2) 
PARAMETRIC_REPRESENTATION_CONTEXT() REPRESENTATION_CONTEXT('2D SPACE',''
  ) );
#7531 = ORIENTED_EDGE('',*,*,#7532,.F.);
#7532 = EDGE_CURVE('',#7533,#7510,#7535,.T.);
#7533 = VERTEX_POINT('',#7534);
#7534 = CARTESIAN_POINT('',(-2.45,0.7,3.E-02));
#7535 = SURFACE_CURVE('',#7536,(#7540,#7547),.PCURVE_S1.);
#7536 = LINE('',#7537,#7538);
#7537 = CARTESIAN_POINT('',(-2.4511675,0.694863,2.88325E-02));
#7538 = VECTOR('',#7539,1.);
#7539 = DIRECTION('',(0.216371161204,0.952033109297,0.216371161204));
#7540 = PCURVE('',#1749,#7541);
#7541 = DEFINITIONAL_REPRESENTATION('',(#7542),#7546);
#7542 = LINE('',#7543,#7544);
#7543 = CARTESIAN_POINT('',(-3.70064333934E-02,0.155137));
#7544 = VECTOR('',#7545,1.);
#7545 = DIRECTION('',(0.305995030681,-0.952033109297));
#7546 = ( GEOMETRIC_REPRESENTATION_CONTEXT(2) 
PARAMETRIC_REPRESENTATION_CONTEXT() REPRESENTATION_CONTEXT('2D SPACE',''
  ) );
#7547 = PCURVE('',#7548,#7553);
#7548 = PLANE('',#7549);
#7549 = AXIS2_PLACEMENT_3D('',#7550,#7551,#7552);
#7550 = CARTESIAN_POINT('',(-2.3375,0.92,8.E-02));
#7551 = DIRECTION('',(-2.232893331422E-16,0.221621103589,-0.975132855791
    ));
#7552 = DIRECTION('',(-5.074757571413E-17,-0.975132855791,
    -0.221621103589));
#7553 = DEFINITIONAL_REPRESENTATION('',(#7554),#7558);
#7554 = LINE('',#7555,#7556);
#7555 = CARTESIAN_POINT('',(0.230878283572,0.1136675));
#7556 = VECTOR('',#7557,1.);
#7557 = DIRECTION('',(-0.976311180208,-0.216371161204));
#7558 = ( GEOMETRIC_REPRESENTATION_CONTEXT(2) 
PARAMETRIC_REPRESENTATION_CONTEXT() REPRESENTATION_CONTEXT('2D SPACE',''
  ) );
#7559 = ORIENTED_EDGE('',*,*,#7560,.F.);
#7560 = EDGE_CURVE('',#1734,#7533,#7561,.T.);
#7561 = SURFACE_CURVE('',#7562,(#7566,#7573),.PCURVE_S1.);
#7562 = LINE('',#7563,#7564);
#7563 = CARTESIAN_POINT('',(-2.45,0.694863,3.E-02));
#7564 = VECTOR('',#7565,1.);
#7565 = DIRECTION('',(-3.675722875075E-32,-1.,1.065228634467E-16));
#7566 = PCURVE('',#1749,#7567);
#7567 = DEFINITIONAL_REPRESENTATION('',(#7568),#7572);
#7568 = LINE('',#7569,#7570);
#7569 = CARTESIAN_POINT('',(-3.535533905933E-02,0.155137));
#7570 = VECTOR('',#7571,1.);
#7571 = DIRECTION('',(-8.659274570719E-17,1.));
#7572 = ( GEOMETRIC_REPRESENTATION_CONTEXT(2) 
PARAMETRIC_REPRESENTATION_CONTEXT() REPRESENTATION_CONTEXT('2D SPACE',''
  ) );
#7573 = PCURVE('',#667,#7574);
#7574 = DEFINITIONAL_REPRESENTATION('',(#7575),#7579);
#7575 = LINE('',#7576,#7577);
#7576 = CARTESIAN_POINT('',(0.305137,-44.6525));
#7577 = VECTOR('',#7578,1.);
#7578 = DIRECTION('',(1.,8.715763992105E-33));
#7579 = ( GEOMETRIC_REPRESENTATION_CONTEXT(2) 
PARAMETRIC_REPRESENTATION_CONTEXT() REPRESENTATION_CONTEXT('2D SPACE',''
  ) );
#7580 = ADVANCED_FACE('',(#7581),#7548,.T.);
#7581 = FACE_BOUND('',#7582,.T.);
#7582 = EDGE_LOOP('',(#7583,#7606,#7629,#7650));
#7583 = ORIENTED_EDGE('',*,*,#7584,.F.);
#7584 = EDGE_CURVE('',#7585,#7510,#7587,.T.);
#7585 = VERTEX_POINT('',#7586);
#7586 = CARTESIAN_POINT('',(-2.1,0.92,8.E-02));
#7587 = SURFACE_CURVE('',#7588,(#7592,#7599),.PCURVE_S1.);
#7588 = LINE('',#7589,#7590);
#7589 = CARTESIAN_POINT('',(-18.,0.92,8.E-02));
#7590 = VECTOR('',#7591,1.);
#7591 = DIRECTION('',(-1.,5.243344273594E-32,2.289834988289E-16));
#7592 = PCURVE('',#7548,#7593);
#7593 = DEFINITIONAL_REPRESENTATION('',(#7594),#7598);
#7594 = LINE('',#7595,#7596);
#7595 = CARTESIAN_POINT('',(-1.749253556813E-18,15.6625));
#7596 = VECTOR('',#7597,1.);
#7597 = DIRECTION('',(-1.848892746612E-31,1.));
#7598 = ( GEOMETRIC_REPRESENTATION_CONTEXT(2) 
PARAMETRIC_REPRESENTATION_CONTEXT() REPRESENTATION_CONTEXT('2D SPACE',''
  ) );
#7599 = PCURVE('',#1721,#7600);
#7600 = DEFINITIONAL_REPRESENTATION('',(#7601),#7605);
#7601 = LINE('',#7602,#7603);
#7602 = CARTESIAN_POINT('',(8.E-02,-15.8375));
#7603 = VECTOR('',#7604,1.);
#7604 = DIRECTION('',(2.080052407982E-46,-1.));
#7605 = ( GEOMETRIC_REPRESENTATION_CONTEXT(2) 
PARAMETRIC_REPRESENTATION_CONTEXT() REPRESENTATION_CONTEXT('2D SPACE',''
  ) );
#7606 = ORIENTED_EDGE('',*,*,#7607,.F.);
#7607 = EDGE_CURVE('',#7608,#7585,#7610,.T.);
#7608 = VERTEX_POINT('',#7609);
#7609 = CARTESIAN_POINT('',(-2.05,0.7,3.E-02));
#7610 = SURFACE_CURVE('',#7611,(#7615,#7622),.PCURVE_S1.);
#7611 = LINE('',#7612,#7613);
#7612 = CARTESIAN_POINT('',(-2.0488325,0.694863,2.88325E-02));
#7613 = VECTOR('',#7614,1.);
#7614 = DIRECTION('',(-0.216371161204,0.952033109297,0.216371161204));
#7615 = PCURVE('',#7548,#7616);
#7616 = DEFINITIONAL_REPRESENTATION('',(#7617),#7621);
#7617 = LINE('',#7618,#7619);
#7618 = CARTESIAN_POINT('',(0.230878283572,-0.2886675));
#7619 = VECTOR('',#7620,1.);
#7620 = DIRECTION('',(-0.976311180208,0.216371161204));
#7621 = ( GEOMETRIC_REPRESENTATION_CONTEXT(2) 
PARAMETRIC_REPRESENTATION_CONTEXT() REPRESENTATION_CONTEXT('2D SPACE',''
  ) );
#7622 = PCURVE('',#2610,#7623);
#7623 = DEFINITIONAL_REPRESENTATION('',(#7624),#7628);
#7624 = LINE('',#7625,#7626);
#7625 = CARTESIAN_POINT('',(3.70064333934E-02,0.155137));
#7626 = VECTOR('',#7627,1.);
#7627 = DIRECTION('',(-0.305995030681,-0.952033109297));
#7628 = ( GEOMETRIC_REPRESENTATION_CONTEXT(2) 
PARAMETRIC_REPRESENTATION_CONTEXT() REPRESENTATION_CONTEXT('2D SPACE',''
  ) );
#7629 = ORIENTED_EDGE('',*,*,#7630,.T.);
#7630 = EDGE_CURVE('',#7608,#7533,#7631,.T.);
#7631 = SURFACE_CURVE('',#7632,(#7636,#7643),.PCURVE_S1.);
#7632 = LINE('',#7633,#7634);
#7633 = CARTESIAN_POINT('',(13.5,0.7,3.E-02));
#7634 = VECTOR('',#7635,1.);
#7635 = DIRECTION('',(-1.,5.243344273594E-32,2.289834988289E-16));
#7636 = PCURVE('',#7548,#7637);
#7637 = DEFINITIONAL_REPRESENTATION('',(#7638),#7642);
#7638 = LINE('',#7639,#7640);
#7639 = CARTESIAN_POINT('',(0.225610283454,-15.8375));
#7640 = VECTOR('',#7641,1.);
#7641 = DIRECTION('',(-1.848892746612E-31,1.));
#7642 = ( GEOMETRIC_REPRESENTATION_CONTEXT(2) 
PARAMETRIC_REPRESENTATION_CONTEXT() REPRESENTATION_CONTEXT('2D SPACE',''
  ) );
#7643 = PCURVE('',#667,#7644);
#7644 = DEFINITIONAL_REPRESENTATION('',(#7645),#7649);
#7645 = LINE('',#7646,#7647);
#7646 = CARTESIAN_POINT('',(0.3,-60.6025));
#7647 = VECTOR('',#7648,1.);
#7648 = DIRECTION('',(9.031806508344E-47,1.));
#7649 = ( GEOMETRIC_REPRESENTATION_CONTEXT(2) 
PARAMETRIC_REPRESENTATION_CONTEXT() REPRESENTATION_CONTEXT('2D SPACE',''
  ) );
#7650 = ORIENTED_EDGE('',*,*,#7532,.T.);
#7651 = ADVANCED_FACE('',(#7652),#2610,.T.);
#7652 = FACE_BOUND('',#7653,.T.);
#7653 = EDGE_LOOP('',(#7654,#7675,#7676,#7697));
#7654 = ORIENTED_EDGE('',*,*,#7655,.F.);
#7655 = EDGE_CURVE('',#2595,#7585,#7656,.T.);
#7656 = SURFACE_CURVE('',#7657,(#7661,#7668),.PCURVE_S1.);
#7657 = LINE('',#7658,#7659);
#7658 = CARTESIAN_POINT('',(-2.1,0.694863,8.E-02));
#7659 = VECTOR('',#7660,1.);
#7660 = DIRECTION('',(-1.224606353822E-16,-1.,2.289834988289E-16));
#7661 = PCURVE('',#2610,#7662);
#7662 = DEFINITIONAL_REPRESENTATION('',(#7663),#7667);
#7663 = LINE('',#7664,#7665);
#7664 = CARTESIAN_POINT('',(-3.535533905933E-02,0.155137));
#7665 = VECTOR('',#7666,1.);
#7666 = DIRECTION('',(-8.716389750491E-16,1.));
#7667 = ( GEOMETRIC_REPRESENTATION_CONTEXT(2) 
PARAMETRIC_REPRESENTATION_CONTEXT() REPRESENTATION_CONTEXT('2D SPACE',''
  ) );
#7668 = PCURVE('',#1721,#7669);
#7669 = DEFINITIONAL_REPRESENTATION('',(#7670),#7674);
#7670 = LINE('',#7671,#7672);
#7671 = CARTESIAN_POINT('',(0.305137,6.25E-02));
#7672 = VECTOR('',#7673,1.);
#7673 = DIRECTION('',(1.,-1.224606353822E-16));
#7674 = ( GEOMETRIC_REPRESENTATION_CONTEXT(2) 
PARAMETRIC_REPRESENTATION_CONTEXT() REPRESENTATION_CONTEXT('2D SPACE',''
  ) );
#7675 = ORIENTED_EDGE('',*,*,#2594,.F.);
#7676 = ORIENTED_EDGE('',*,*,#7677,.F.);
#7677 = EDGE_CURVE('',#7608,#2572,#7678,.T.);
#7678 = SURFACE_CURVE('',#7679,(#7683,#7690),.PCURVE_S1.);
#7679 = LINE('',#7680,#7681);
#7680 = CARTESIAN_POINT('',(-2.05,0.694863,3.E-02));
#7681 = VECTOR('',#7682,1.);
#7682 = DIRECTION('',(1.932570076653E-32,1.,-1.065228634467E-16));
#7683 = PCURVE('',#2610,#7684);
#7684 = DEFINITIONAL_REPRESENTATION('',(#7685),#7689);
#7685 = LINE('',#7686,#7687);
#7686 = CARTESIAN_POINT('',(3.535533905933E-02,0.155137));
#7687 = VECTOR('',#7688,1.);
#7688 = DIRECTION('',(6.984534836347E-16,-1.));
#7689 = ( GEOMETRIC_REPRESENTATION_CONTEXT(2) 
PARAMETRIC_REPRESENTATION_CONTEXT() REPRESENTATION_CONTEXT('2D SPACE',''
  ) );
#7690 = PCURVE('',#667,#7691);
#7691 = DEFINITIONAL_REPRESENTATION('',(#7692),#7696);
#7692 = LINE('',#7693,#7694);
#7693 = CARTESIAN_POINT('',(0.305137,-45.0525));
#7694 = VECTOR('',#7695,1.);
#7695 = DIRECTION('',(-1.,8.715763992105E-33));
#7696 = ( GEOMETRIC_REPRESENTATION_CONTEXT(2) 
PARAMETRIC_REPRESENTATION_CONTEXT() REPRESENTATION_CONTEXT('2D SPACE',''
  ) );
#7697 = ORIENTED_EDGE('',*,*,#7607,.T.);
#7698 = ADVANCED_FACE('',(#7699),#1721,.F.);
#7699 = FACE_BOUND('',#7700,.T.);
#7700 = EDGE_LOOP('',(#7701,#7702,#7703,#7704,#7705,#7706));
#7701 = ORIENTED_EDGE('',*,*,#7584,.T.);
#7702 = ORIENTED_EDGE('',*,*,#7509,.T.);
#7703 = ORIENTED_EDGE('',*,*,#1705,.F.);
#7704 = ORIENTED_EDGE('',*,*,#2209,.F.);
#7705 = ORIENTED_EDGE('',*,*,#2622,.F.);
#7706 = ORIENTED_EDGE('',*,*,#7655,.T.);
#7707 = ADVANCED_FACE('',(#7708),#693,.T.);
#7708 = FACE_BOUND('',#7709,.T.);
#7709 = EDGE_LOOP('',(#7710,#7733,#7754,#7755));
#7710 = ORIENTED_EDGE('',*,*,#7711,.T.);
#7711 = EDGE_CURVE('',#652,#7712,#7714,.T.);
#7712 = VERTEX_POINT('',#7713);
#7713 = CARTESIAN_POINT('',(-1.95,0.7,3.E-02));
#7714 = SURFACE_CURVE('',#7715,(#7719,#7726),.PCURVE_S1.);
#7715 = LINE('',#7716,#7717);
#7716 = CARTESIAN_POINT('',(0.5,0.7,3.E-02));
#7717 = VECTOR('',#7718,1.);
#7718 = DIRECTION('',(-1.,5.243344273594E-32,2.289834988289E-16));
#7719 = PCURVE('',#693,#7720);
#7720 = DEFINITIONAL_REPRESENTATION('',(#7721),#7725);
#7721 = LINE('',#7722,#7723);
#7722 = CARTESIAN_POINT('',(0.225610283454,-2.3375));
#7723 = VECTOR('',#7724,1.);
#7724 = DIRECTION('',(-1.848892746612E-31,1.));
#7725 = ( GEOMETRIC_REPRESENTATION_CONTEXT(2) 
PARAMETRIC_REPRESENTATION_CONTEXT() REPRESENTATION_CONTEXT('2D SPACE',''
  ) );
#7726 = PCURVE('',#667,#7727);
#7727 = DEFINITIONAL_REPRESENTATION('',(#7728),#7732);
#7728 = LINE('',#7729,#7730);
#7729 = CARTESIAN_POINT('',(0.3,-47.6025));
#7730 = VECTOR('',#7731,1.);
#7731 = DIRECTION('',(9.031806508344E-47,1.));
#7732 = ( GEOMETRIC_REPRESENTATION_CONTEXT(2) 
PARAMETRIC_REPRESENTATION_CONTEXT() REPRESENTATION_CONTEXT('2D SPACE',''
  ) );
#7733 = ORIENTED_EDGE('',*,*,#7734,.F.);
#7734 = EDGE_CURVE('',#4348,#7712,#7735,.T.);
#7735 = SURFACE_CURVE('',#7736,(#7740,#7747),.PCURVE_S1.);
#7736 = LINE('',#7737,#7738);
#7737 = CARTESIAN_POINT('',(-1.9511675,0.694863,2.88325E-02));
#7738 = VECTOR('',#7739,1.);
#7739 = DIRECTION('',(-0.216371161204,-0.952033109297,-0.216371161204));
#7740 = PCURVE('',#693,#7741);
#7741 = DEFINITIONAL_REPRESENTATION('',(#7742),#7746);
#7742 = LINE('',#7743,#7744);
#7743 = CARTESIAN_POINT('',(0.230878283572,0.1136675));
#7744 = VECTOR('',#7745,1.);
#7745 = DIRECTION('',(0.976311180208,0.216371161204));
#7746 = ( GEOMETRIC_REPRESENTATION_CONTEXT(2) 
PARAMETRIC_REPRESENTATION_CONTEXT() REPRESENTATION_CONTEXT('2D SPACE',''
  ) );
#7747 = PCURVE('',#2559,#7748);
#7748 = DEFINITIONAL_REPRESENTATION('',(#7749),#7753);
#7749 = LINE('',#7750,#7751);
#7750 = CARTESIAN_POINT('',(3.70064333934E-02,-0.155137));
#7751 = VECTOR('',#7752,1.);
#7752 = DIRECTION('',(0.305995030681,-0.952033109297));
#7753 = ( GEOMETRIC_REPRESENTATION_CONTEXT(2) 
PARAMETRIC_REPRESENTATION_CONTEXT() REPRESENTATION_CONTEXT('2D SPACE',''
  ) );
#7754 = ORIENTED_EDGE('',*,*,#4347,.F.);
#7755 = ORIENTED_EDGE('',*,*,#679,.F.);
#7756 = ADVANCED_FACE('',(#7757),#2559,.T.);
#7757 = FACE_BOUND('',#7758,.T.);
#7758 = EDGE_LOOP('',(#7759,#7760,#7761,#7782));
#7759 = ORIENTED_EDGE('',*,*,#4370,.F.);
#7760 = ORIENTED_EDGE('',*,*,#7734,.T.);
#7761 = ORIENTED_EDGE('',*,*,#7762,.F.);
#7762 = EDGE_CURVE('',#2544,#7712,#7763,.T.);
#7763 = SURFACE_CURVE('',#7764,(#7768,#7775),.PCURVE_S1.);
#7764 = LINE('',#7765,#7766);
#7765 = CARTESIAN_POINT('',(-1.95,0.694863,3.E-02));
#7766 = VECTOR('',#7767,1.);
#7767 = DIRECTION('',(-3.675722875075E-32,-1.,1.065228634467E-16));
#7768 = PCURVE('',#2559,#7769);
#7769 = DEFINITIONAL_REPRESENTATION('',(#7770),#7774);
#7770 = LINE('',#7771,#7772);
#7771 = CARTESIAN_POINT('',(3.535533905933E-02,-0.155137));
#7772 = VECTOR('',#7773,1.);
#7773 = DIRECTION('',(-6.984534836347E-16,-1.));
#7774 = ( GEOMETRIC_REPRESENTATION_CONTEXT(2) 
PARAMETRIC_REPRESENTATION_CONTEXT() REPRESENTATION_CONTEXT('2D SPACE',''
  ) );
#7775 = PCURVE('',#667,#7776);
#7776 = DEFINITIONAL_REPRESENTATION('',(#7777),#7781);
#7777 = LINE('',#7778,#7779);
#7778 = CARTESIAN_POINT('',(0.305137,-45.1525));
#7779 = VECTOR('',#7780,1.);
#7780 = DIRECTION('',(1.,8.715763992105E-33));
#7781 = ( GEOMETRIC_REPRESENTATION_CONTEXT(2) 
PARAMETRIC_REPRESENTATION_CONTEXT() REPRESENTATION_CONTEXT('2D SPACE',''
  ) );
#7782 = ORIENTED_EDGE('',*,*,#2543,.F.);
#7783 = ADVANCED_FACE('',(#7784),#5598,.T.);
#7784 = FACE_BOUND('',#7785,.T.);
#7785 = EDGE_LOOP('',(#7786,#7809,#7810,#7833));
#7786 = ORIENTED_EDGE('',*,*,#7787,.T.);
#7787 = EDGE_CURVE('',#7788,#5583,#7790,.T.);
#7788 = VERTEX_POINT('',#7789);
#7789 = CARTESIAN_POINT('',(-0.825,1.3,5.E-02));
#7790 = SURFACE_CURVE('',#7791,(#7795,#7802),.PCURVE_S1.);
#7791 = LINE('',#7792,#7793);
#7792 = CARTESIAN_POINT('',(-0.825,1.3,5.E-02));
#7793 = VECTOR('',#7794,1.);
#7794 = DIRECTION('',(1.,-5.243344273594E-32,-2.289834988289E-16));
#7795 = PCURVE('',#5598,#7796);
#7796 = DEFINITIONAL_REPRESENTATION('',(#7797),#7801);
#7797 = LINE('',#7798,#7799);
#7798 = CARTESIAN_POINT('',(-0.,0.));
#7799 = VECTOR('',#7800,1.);
#7800 = DIRECTION('',(2.465190328816E-32,-1.));
#7801 = ( GEOMETRIC_REPRESENTATION_CONTEXT(2) 
PARAMETRIC_REPRESENTATION_CONTEXT() REPRESENTATION_CONTEXT('2D SPACE',''
  ) );
#7802 = PCURVE('',#5626,#7803);
#7803 = DEFINITIONAL_REPRESENTATION('',(#7804),#7808);
#7804 = LINE('',#7805,#7806);
#7805 = CARTESIAN_POINT('',(6.E-02,-1.373900992974E-17));
#7806 = VECTOR('',#7807,1.);
#7807 = DIRECTION('',(0.,-1.));
#7808 = ( GEOMETRIC_REPRESENTATION_CONTEXT(2) 
PARAMETRIC_REPRESENTATION_CONTEXT() REPRESENTATION_CONTEXT('2D SPACE',''
  ) );
#7809 = ORIENTED_EDGE('',*,*,#5582,.T.);
#7810 = ORIENTED_EDGE('',*,*,#7811,.F.);
#7811 = EDGE_CURVE('',#7812,#5560,#7814,.T.);
#7812 = VERTEX_POINT('',#7813);
#7813 = CARTESIAN_POINT('',(-0.825,1.25,-7.771561172376E-16));
#7814 = SURFACE_CURVE('',#7815,(#7819,#7826),.PCURVE_S1.);
#7815 = LINE('',#7816,#7817);
#7816 = CARTESIAN_POINT('',(-0.825,1.25,-7.771561172376E-16));
#7817 = VECTOR('',#7818,1.);
#7818 = DIRECTION('',(1.,-5.243344273594E-32,-2.289834988289E-16));
#7819 = PCURVE('',#5598,#7820);
#7820 = DEFINITIONAL_REPRESENTATION('',(#7821),#7825);
#7821 = LINE('',#7822,#7823);
#7822 = CARTESIAN_POINT('',(7.071067811866E-02,-1.144917494145E-17));
#7823 = VECTOR('',#7824,1.);
#7824 = DIRECTION('',(2.465190328816E-32,-1.));
#7825 = ( GEOMETRIC_REPRESENTATION_CONTEXT(2) 
PARAMETRIC_REPRESENTATION_CONTEXT() REPRESENTATION_CONTEXT('2D SPACE',''
  ) );
#7826 = PCURVE('',#1396,#7827);
#7827 = DEFINITIONAL_REPRESENTATION('',(#7828),#7832);
#7828 = LINE('',#7829,#7830);
#7829 = CARTESIAN_POINT('',(0.,0.));
#7830 = VECTOR('',#7831,1.);
#7831 = DIRECTION('',(-2.080052407982E-46,-1.));
#7832 = ( GEOMETRIC_REPRESENTATION_CONTEXT(2) 
PARAMETRIC_REPRESENTATION_CONTEXT() REPRESENTATION_CONTEXT('2D SPACE',''
  ) );
#7833 = ORIENTED_EDGE('',*,*,#7834,.F.);
#7834 = EDGE_CURVE('',#7788,#7812,#7835,.T.);
#7835 = SURFACE_CURVE('',#7836,(#7840,#7847),.PCURVE_S1.);
#7836 = LINE('',#7837,#7838);
#7837 = CARTESIAN_POINT('',(-0.825,1.3,5.E-02));
#7838 = VECTOR('',#7839,1.);
#7839 = DIRECTION('',(-1.619157848018E-16,-0.707106781187,
    -0.707106781186));
#7840 = PCURVE('',#5598,#7841);
#7841 = DEFINITIONAL_REPRESENTATION('',(#7842),#7846);
#7842 = LINE('',#7843,#7844);
#7843 = CARTESIAN_POINT('',(-0.,0.));
#7844 = VECTOR('',#7845,1.);
#7845 = DIRECTION('',(1.,-7.395570986447E-32));
#7846 = ( GEOMETRIC_REPRESENTATION_CONTEXT(2) 
PARAMETRIC_REPRESENTATION_CONTEXT() REPRESENTATION_CONTEXT('2D SPACE',''
  ) );
#7847 = PCURVE('',#815,#7848);
#7848 = DEFINITIONAL_REPRESENTATION('',(#7849),#7853);
#7849 = LINE('',#7850,#7851);
#7850 = CARTESIAN_POINT('',(5.422092460224E-02,-0.120500231015));
#7851 = VECTOR('',#7852,1.);
#7852 = DIRECTION('',(-0.707106781187,-0.707106781186));
#7853 = ( GEOMETRIC_REPRESENTATION_CONTEXT(2) 
PARAMETRIC_REPRESENTATION_CONTEXT() REPRESENTATION_CONTEXT('2D SPACE',''
  ) );
#7854 = ADVANCED_FACE('',(#7855),#7870,.F.);
#7855 = FACE_BOUND('',#7856,.F.);
#7856 = EDGE_LOOP('',(#7857,#7893,#7921,#7950));
#7857 = ORIENTED_EDGE('',*,*,#7858,.T.);
#7858 = EDGE_CURVE('',#7859,#7861,#7863,.T.);
#7859 = VERTEX_POINT('',#7860);
#7860 = CARTESIAN_POINT('',(-0.325,1.35,0.16));
#7861 = VERTEX_POINT('',#7862);
#7862 = CARTESIAN_POINT('',(-0.325,1.3,0.11));
#7863 = SURFACE_CURVE('',#7864,(#7869,#7881),.PCURVE_S1.);
#7864 = CIRCLE('',#7865,5.E-02);
#7865 = AXIS2_PLACEMENT_3D('',#7866,#7867,#7868);
#7866 = CARTESIAN_POINT('',(-0.325,1.35,0.11));
#7867 = DIRECTION('',(1.,-5.243344273594E-32,-2.289834988289E-16));
#7868 = DIRECTION('',(-2.080052407982E-46,1.,-2.289834988289E-16));
#7869 = PCURVE('',#7870,#7875);
#7870 = CYLINDRICAL_SURFACE('',#7871,5.E-02);
#7871 = AXIS2_PLACEMENT_3D('',#7872,#7873,#7874);
#7872 = CARTESIAN_POINT('',(-0.325,1.35,0.11));
#7873 = DIRECTION('',(1.,-5.243344273594E-32,-2.289834988289E-16));
#7874 = DIRECTION('',(-2.080052407982E-46,1.,-2.289834988289E-16));
#7875 = DEFINITIONAL_REPRESENTATION('',(#7876),#7880);
#7876 = LINE('',#7877,#7878);
#7877 = CARTESIAN_POINT('',(-2.22044604925E-16,-1.110223024625E-16));
#7878 = VECTOR('',#7879,1.);
#7879 = DIRECTION('',(1.,3.533949646071E-17));
#7880 = ( GEOMETRIC_REPRESENTATION_CONTEXT(2) 
PARAMETRIC_REPRESENTATION_CONTEXT() REPRESENTATION_CONTEXT('2D SPACE',''
  ) );
#7881 = PCURVE('',#7882,#7887);
#7882 = PLANE('',#7883);
#7883 = AXIS2_PLACEMENT_3D('',#7884,#7885,#7886);
#7884 = CARTESIAN_POINT('',(-0.325,1.245779075398,0.170500231015));
#7885 = DIRECTION('',(1.,-5.243344273594E-32,-2.289834988289E-16));
#7886 = DIRECTION('',(5.243344273594E-32,1.,0.));
#7887 = DEFINITIONAL_REPRESENTATION('',(#7888),#7892);
#7888 = CIRCLE('',#7889,5.E-02);
#7889 = AXIS2_PLACEMENT_2D('',#7890,#7891);
#7890 = CARTESIAN_POINT('',(0.104220924602,-6.050023101547E-02));
#7891 = DIRECTION('',(1.,-2.289834988289E-16));
#7892 = ( GEOMETRIC_REPRESENTATION_CONTEXT(2) 
PARAMETRIC_REPRESENTATION_CONTEXT() REPRESENTATION_CONTEXT('2D SPACE',''
  ) );
#7893 = ORIENTED_EDGE('',*,*,#7894,.T.);
#7894 = EDGE_CURVE('',#7861,#7895,#7897,.T.);
#7895 = VERTEX_POINT('',#7896);
#7896 = CARTESIAN_POINT('',(-0.175,1.3,0.11));
#7897 = SURFACE_CURVE('',#7898,(#7902,#7909),.PCURVE_S1.);
#7898 = LINE('',#7899,#7900);
#7899 = CARTESIAN_POINT('',(-0.325,1.3,0.11));
#7900 = VECTOR('',#7901,1.);
#7901 = DIRECTION('',(1.,-5.243344273594E-32,-2.289834988289E-16));
#7902 = PCURVE('',#7870,#7903);
#7903 = DEFINITIONAL_REPRESENTATION('',(#7904),#7908);
#7904 = LINE('',#7905,#7906);
#7905 = CARTESIAN_POINT('',(3.14159265359,0.));
#7906 = VECTOR('',#7907,1.);
#7907 = DIRECTION('',(0.,1.));
#7908 = ( GEOMETRIC_REPRESENTATION_CONTEXT(2) 
PARAMETRIC_REPRESENTATION_CONTEXT() REPRESENTATION_CONTEXT('2D SPACE',''
  ) );
#7909 = PCURVE('',#7910,#7915);
#7910 = PLANE('',#7911);
#7911 = AXIS2_PLACEMENT_3D('',#7912,#7913,#7914);
#7912 = CARTESIAN_POINT('',(-0.325,1.3,0.11));
#7913 = DIRECTION('',(0.,1.,-2.289834988289E-16));
#7914 = DIRECTION('',(-2.289834988289E-16,-2.289834988289E-16,-1.));
#7915 = DEFINITIONAL_REPRESENTATION('',(#7916),#7920);
#7916 = LINE('',#7917,#7918);
#7917 = CARTESIAN_POINT('',(-0.,0.));
#7918 = VECTOR('',#7919,1.);
#7919 = DIRECTION('',(0.,-1.));
#7920 = ( GEOMETRIC_REPRESENTATION_CONTEXT(2) 
PARAMETRIC_REPRESENTATION_CONTEXT() REPRESENTATION_CONTEXT('2D SPACE',''
  ) );
#7921 = ORIENTED_EDGE('',*,*,#7922,.F.);
#7922 = EDGE_CURVE('',#7923,#7895,#7925,.T.);
#7923 = VERTEX_POINT('',#7924);
#7924 = CARTESIAN_POINT('',(-0.175,1.35,0.16));
#7925 = SURFACE_CURVE('',#7926,(#7931,#7938),.PCURVE_S1.);
#7926 = CIRCLE('',#7927,5.E-02);
#7927 = AXIS2_PLACEMENT_3D('',#7928,#7929,#7930);
#7928 = CARTESIAN_POINT('',(-0.175,1.35,0.11));
#7929 = DIRECTION('',(1.,-5.243344273594E-32,-2.289834988289E-16));
#7930 = DIRECTION('',(-2.080052407982E-46,1.,-2.289834988289E-16));
#7931 = PCURVE('',#7870,#7932);
#7932 = DEFINITIONAL_REPRESENTATION('',(#7933),#7937);
#7933 = LINE('',#7934,#7935);
#7934 = CARTESIAN_POINT('',(-2.22044604925E-16,0.15));
#7935 = VECTOR('',#7936,1.);
#7936 = DIRECTION('',(1.,0.));
#7937 = ( GEOMETRIC_REPRESENTATION_CONTEXT(2) 
PARAMETRIC_REPRESENTATION_CONTEXT() REPRESENTATION_CONTEXT('2D SPACE',''
  ) );
#7938 = PCURVE('',#7939,#7944);
#7939 = PLANE('',#7940);
#7940 = AXIS2_PLACEMENT_3D('',#7941,#7942,#7943);
#7941 = CARTESIAN_POINT('',(-0.175,1.245779075398,0.170500231015));
#7942 = DIRECTION('',(1.,-5.243344273594E-32,-2.289834988289E-16));
#7943 = DIRECTION('',(5.243344273594E-32,1.,0.));
#7944 = DEFINITIONAL_REPRESENTATION('',(#7945),#7949);
#7945 = CIRCLE('',#7946,5.E-02);
#7946 = AXIS2_PLACEMENT_2D('',#7947,#7948);
#7947 = CARTESIAN_POINT('',(0.104220924602,-6.050023101547E-02));
#7948 = DIRECTION('',(1.,-2.289834988289E-16));
#7949 = ( GEOMETRIC_REPRESENTATION_CONTEXT(2) 
PARAMETRIC_REPRESENTATION_CONTEXT() REPRESENTATION_CONTEXT('2D SPACE',''
  ) );
#7950 = ORIENTED_EDGE('',*,*,#7951,.F.);
#7951 = EDGE_CURVE('',#7859,#7923,#7952,.T.);
#7952 = SURFACE_CURVE('',#7953,(#7957,#7964),.PCURVE_S1.);
#7953 = LINE('',#7954,#7955);
#7954 = CARTESIAN_POINT('',(-0.325,1.35,0.16));
#7955 = VECTOR('',#7956,1.);
#7956 = DIRECTION('',(1.,-5.243344273594E-32,-2.289834988289E-16));
#7957 = PCURVE('',#7870,#7958);
#7958 = DEFINITIONAL_REPRESENTATION('',(#7959),#7963);
#7959 = LINE('',#7960,#7961);
#7960 = CARTESIAN_POINT('',(1.570796326795,-5.551115123126E-17));
#7961 = VECTOR('',#7962,1.);
#7962 = DIRECTION('',(0.,1.));
#7963 = ( GEOMETRIC_REPRESENTATION_CONTEXT(2) 
PARAMETRIC_REPRESENTATION_CONTEXT() REPRESENTATION_CONTEXT('2D SPACE',''
  ) );
#7964 = PCURVE('',#7965,#7970);
#7965 = PLANE('',#7966);
#7966 = AXIS2_PLACEMENT_3D('',#7967,#7968,#7969);
#7967 = CARTESIAN_POINT('',(-0.325,1.35,0.31));
#7968 = DIRECTION('',(0.,1.,-2.289834988289E-16));
#7969 = DIRECTION('',(-2.289834988289E-16,-2.289834988289E-16,-1.));
#7970 = DEFINITIONAL_REPRESENTATION('',(#7971),#7975);
#7971 = LINE('',#7972,#7973);
#7972 = CARTESIAN_POINT('',(0.15,-3.434752482434E-17));
#7973 = VECTOR('',#7974,1.);
#7974 = DIRECTION('',(0.,-1.));
#7975 = ( GEOMETRIC_REPRESENTATION_CONTEXT(2) 
PARAMETRIC_REPRESENTATION_CONTEXT() REPRESENTATION_CONTEXT('2D SPACE',''
  ) );
#7976 = ADVANCED_FACE('',(#7977),#4261,.T.);
#7977 = FACE_BOUND('',#7978,.T.);
#7978 = EDGE_LOOP('',(#7979,#8002,#8003,#8024,#8025,#8026,#8049,#8077,
    #8105,#8128));
#7979 = ORIENTED_EDGE('',*,*,#7980,.F.);
#7980 = EDGE_CURVE('',#5822,#7981,#7983,.T.);
#7981 = VERTEX_POINT('',#7982);
#7982 = CARTESIAN_POINT('',(2.885,-1.9,1.E-01));
#7983 = SURFACE_CURVE('',#7984,(#7988,#7995),.PCURVE_S1.);
#7984 = LINE('',#7985,#7986);
#7985 = CARTESIAN_POINT('',(1.,-1.9,1.E-01));
#7986 = VECTOR('',#7987,1.);
#7987 = DIRECTION('',(1.,-5.243344273594E-32,-2.289834988289E-16));
#7988 = PCURVE('',#4261,#7989);
#7989 = DEFINITIONAL_REPRESENTATION('',(#7990),#7994);
#7990 = LINE('',#7991,#7992);
#7991 = CARTESIAN_POINT('',(-23.885,0.95));
#7992 = VECTOR('',#7993,1.);
#7993 = DIRECTION('',(-1.,0.));
#7994 = ( GEOMETRIC_REPRESENTATION_CONTEXT(2) 
PARAMETRIC_REPRESENTATION_CONTEXT() REPRESENTATION_CONTEXT('2D SPACE',''
  ) );
#7995 = PCURVE('',#3524,#7996);
#7996 = DEFINITIONAL_REPRESENTATION('',(#7997),#8001);
#7997 = LINE('',#7998,#7999);
#7998 = CARTESIAN_POINT('',(-0.336005952328,-5.765));
#7999 = VECTOR('',#8000,1.);
#8000 = DIRECTION('',(-6.902532920684E-31,1.));
#8001 = ( GEOMETRIC_REPRESENTATION_CONTEXT(2) 
PARAMETRIC_REPRESENTATION_CONTEXT() REPRESENTATION_CONTEXT('2D SPACE',''
  ) );
#8002 = ORIENTED_EDGE('',*,*,#5821,.T.);
#8003 = ORIENTED_EDGE('',*,*,#8004,.T.);
#8004 = EDGE_CURVE('',#5799,#4175,#8005,.T.);
#8005 = SURFACE_CURVE('',#8006,(#8010,#8017),.PCURVE_S1.);
#8006 = LINE('',#8007,#8008);
#8007 = CARTESIAN_POINT('',(-4.,-1.9,1.));
#8008 = VECTOR('',#8009,1.);
#8009 = DIRECTION('',(-1.,5.243344273594E-32,2.289834988289E-16));
#8010 = PCURVE('',#4261,#8011);
#8011 = DEFINITIONAL_REPRESENTATION('',(#8012),#8016);
#8012 = LINE('',#8013,#8014);
#8013 = CARTESIAN_POINT('',(-18.885,5.E-02));
#8014 = VECTOR('',#8015,1.);
#8015 = DIRECTION('',(1.,0.));
#8016 = ( GEOMETRIC_REPRESENTATION_CONTEXT(2) 
PARAMETRIC_REPRESENTATION_CONTEXT() REPRESENTATION_CONTEXT('2D SPACE',''
  ) );
#8017 = PCURVE('',#62,#8018);
#8018 = DEFINITIONAL_REPRESENTATION('',(#8019),#8023);
#8019 = LINE('',#8020,#8021);
#8020 = CARTESIAN_POINT('',(0.406132731706,37.676624388842));
#8021 = VECTOR('',#8022,1.);
#8022 = DIRECTION('',(2.080052407982E-46,-1.));
#8023 = ( GEOMETRIC_REPRESENTATION_CONTEXT(2) 
PARAMETRIC_REPRESENTATION_CONTEXT() REPRESENTATION_CONTEXT('2D SPACE',''
  ) );
#8024 = ORIENTED_EDGE('',*,*,#4247,.F.);
#8025 = ORIENTED_EDGE('',*,*,#4323,.F.);
#8026 = ORIENTED_EDGE('',*,*,#8027,.F.);
#8027 = EDGE_CURVE('',#8028,#4301,#8030,.T.);
#8028 = VERTEX_POINT('',#8029);
#8029 = CARTESIAN_POINT('',(2.9525,-1.9,3.E-02));
#8030 = SURFACE_CURVE('',#8031,(#8035,#8042),.PCURVE_S1.);
#8031 = LINE('',#8032,#8033);
#8032 = CARTESIAN_POINT('',(8.881784197001E-16,-1.9,3.E-02));
#8033 = VECTOR('',#8034,1.);
#8034 = DIRECTION('',(-1.,5.243344273594E-32,2.289834988289E-16));
#8035 = PCURVE('',#4261,#8036);
#8036 = DEFINITIONAL_REPRESENTATION('',(#8037),#8041);
#8037 = LINE('',#8038,#8039);
#8038 = CARTESIAN_POINT('',(-22.885,1.02));
#8039 = VECTOR('',#8040,1.);
#8040 = DIRECTION('',(1.,0.));
#8041 = ( GEOMETRIC_REPRESENTATION_CONTEXT(2) 
PARAMETRIC_REPRESENTATION_CONTEXT() REPRESENTATION_CONTEXT('2D SPACE',''
  ) );
#8042 = PCURVE('',#667,#8043);
#8043 = DEFINITIONAL_REPRESENTATION('',(#8044),#8048);
#8044 = LINE('',#8045,#8046);
#8045 = CARTESIAN_POINT('',(2.9,-47.1025));
#8046 = VECTOR('',#8047,1.);
#8047 = DIRECTION('',(9.031806508344E-47,1.));
#8048 = ( GEOMETRIC_REPRESENTATION_CONTEXT(2) 
PARAMETRIC_REPRESENTATION_CONTEXT() REPRESENTATION_CONTEXT('2D SPACE',''
  ) );
#8049 = ORIENTED_EDGE('',*,*,#8050,.T.);
#8050 = EDGE_CURVE('',#8028,#8051,#8053,.T.);
#8051 = VERTEX_POINT('',#8052);
#8052 = CARTESIAN_POINT('',(2.9525,-1.9,0.13));
#8053 = SURFACE_CURVE('',#8054,(#8058,#8065),.PCURVE_S1.);
#8054 = LINE('',#8055,#8056);
#8055 = CARTESIAN_POINT('',(2.9525,-1.9,0.402847335292));
#8056 = VECTOR('',#8057,1.);
#8057 = DIRECTION('',(2.289834988289E-16,1.065228634467E-16,1.));
#8058 = PCURVE('',#4261,#8059);
#8059 = DEFINITIONAL_REPRESENTATION('',(#8060),#8064);
#8060 = LINE('',#8061,#8062);
#8061 = CARTESIAN_POINT('',(-25.8375,0.647152664708));
#8062 = VECTOR('',#8063,1.);
#8063 = DIRECTION('',(0.,-1.));
#8064 = ( GEOMETRIC_REPRESENTATION_CONTEXT(2) 
PARAMETRIC_REPRESENTATION_CONTEXT() REPRESENTATION_CONTEXT('2D SPACE',''
  ) );
#8065 = PCURVE('',#8066,#8071);
#8066 = PLANE('',#8067);
#8067 = AXIS2_PLACEMENT_3D('',#8068,#8069,#8070);
#8068 = CARTESIAN_POINT('',(2.9525,-1.9,3.E-02));
#8069 = DIRECTION('',(1.,-5.243344273594E-32,-2.289834988289E-16));
#8070 = DIRECTION('',(-2.289834988289E-16,-1.065228634467E-16,-1.));
#8071 = DEFINITIONAL_REPRESENTATION('',(#8072),#8076);
#8072 = LINE('',#8073,#8074);
#8073 = CARTESIAN_POINT('',(-0.372847335292,-3.971676578378E-17));
#8074 = VECTOR('',#8075,1.);
#8075 = DIRECTION('',(-1.,0.));
#8076 = ( GEOMETRIC_REPRESENTATION_CONTEXT(2) 
PARAMETRIC_REPRESENTATION_CONTEXT() REPRESENTATION_CONTEXT('2D SPACE',''
  ) );
#8077 = ORIENTED_EDGE('',*,*,#8078,.T.);
#8078 = EDGE_CURVE('',#8051,#8079,#8081,.T.);
#8079 = VERTEX_POINT('',#8080);
#8080 = CARTESIAN_POINT('',(2.9525,-1.9,1.));
#8081 = SURFACE_CURVE('',#8082,(#8086,#8093),.PCURVE_S1.);
#8082 = LINE('',#8083,#8084);
#8083 = CARTESIAN_POINT('',(2.9525,-1.9,0.615));
#8084 = VECTOR('',#8085,1.);
#8085 = DIRECTION('',(2.289834988289E-16,2.289834988289E-16,1.));
#8086 = PCURVE('',#4261,#8087);
#8087 = DEFINITIONAL_REPRESENTATION('',(#8088),#8092);
#8088 = LINE('',#8089,#8090);
#8089 = CARTESIAN_POINT('',(-25.8375,0.435));
#8090 = VECTOR('',#8091,1.);
#8091 = DIRECTION('',(0.,-1.));
#8092 = ( GEOMETRIC_REPRESENTATION_CONTEXT(2) 
PARAMETRIC_REPRESENTATION_CONTEXT() REPRESENTATION_CONTEXT('2D SPACE',''
  ) );
#8093 = PCURVE('',#8094,#8099);
#8094 = PLANE('',#8095);
#8095 = AXIS2_PLACEMENT_3D('',#8096,#8097,#8098);
#8096 = CARTESIAN_POINT('',(3.0275,-1.825,0.615));
#8097 = DIRECTION('',(0.707106781187,-0.707106781187,-1.429810390713E-30
    ));
#8098 = DIRECTION('',(0.707106781187,0.707106781187,-3.238315696035E-16)
  );
#8099 = DEFINITIONAL_REPRESENTATION('',(#8100),#8104);
#8100 = LINE('',#8101,#8102);
#8101 = CARTESIAN_POINT('',(-0.106066017178,-3.434752482434E-17));
#8102 = VECTOR('',#8103,1.);
#8103 = DIRECTION('',(1.972152263053E-31,1.));
#8104 = ( GEOMETRIC_REPRESENTATION_CONTEXT(2) 
PARAMETRIC_REPRESENTATION_CONTEXT() REPRESENTATION_CONTEXT('2D SPACE',''
  ) );
#8105 = ORIENTED_EDGE('',*,*,#8106,.F.);
#8106 = EDGE_CURVE('',#8107,#8079,#8109,.T.);
#8107 = VERTEX_POINT('',#8108);
#8108 = CARTESIAN_POINT('',(2.885,-1.9,1.));
#8109 = SURFACE_CURVE('',#8110,(#8114,#8121),.PCURVE_S1.);
#8110 = LINE('',#8111,#8112);
#8111 = CARTESIAN_POINT('',(4.,-1.9,1.));
#8112 = VECTOR('',#8113,1.);
#8113 = DIRECTION('',(1.,-5.243344273594E-32,-2.289834988289E-16));
#8114 = PCURVE('',#4261,#8115);
#8115 = DEFINITIONAL_REPRESENTATION('',(#8116),#8120);
#8116 = LINE('',#8117,#8118);
#8117 = CARTESIAN_POINT('',(-26.885,5.E-02));
#8118 = VECTOR('',#8119,1.);
#8119 = DIRECTION('',(-1.,0.));
#8120 = ( GEOMETRIC_REPRESENTATION_CONTEXT(2) 
PARAMETRIC_REPRESENTATION_CONTEXT() REPRESENTATION_CONTEXT('2D SPACE',''
  ) );
#8121 = PCURVE('',#62,#8122);
#8122 = DEFINITIONAL_REPRESENTATION('',(#8123),#8127);
#8123 = LINE('',#8124,#8125);
#8124 = CARTESIAN_POINT('',(0.406132731706,45.676624388842));
#8125 = VECTOR('',#8126,1.);
#8126 = DIRECTION('',(-2.080052407982E-46,1.));
#8127 = ( GEOMETRIC_REPRESENTATION_CONTEXT(2) 
PARAMETRIC_REPRESENTATION_CONTEXT() REPRESENTATION_CONTEXT('2D SPACE',''
  ) );
#8128 = ORIENTED_EDGE('',*,*,#8129,.F.);
#8129 = EDGE_CURVE('',#7981,#8107,#8130,.T.);
#8130 = SURFACE_CURVE('',#8131,(#8135,#8142),.PCURVE_S1.);
#8131 = LINE('',#8132,#8133);
#8132 = CARTESIAN_POINT('',(2.885,-1.9,0.575));
#8133 = VECTOR('',#8134,1.);
#8134 = DIRECTION('',(2.289834988289E-16,2.289834988289E-16,1.));
#8135 = PCURVE('',#4261,#8136);
#8136 = DEFINITIONAL_REPRESENTATION('',(#8137),#8141);
#8137 = LINE('',#8138,#8139);
#8138 = CARTESIAN_POINT('',(-25.77,0.475));
#8139 = VECTOR('',#8140,1.);
#8140 = DIRECTION('',(0.,-1.));
#8141 = ( GEOMETRIC_REPRESENTATION_CONTEXT(2) 
PARAMETRIC_REPRESENTATION_CONTEXT() REPRESENTATION_CONTEXT('2D SPACE',''
  ) );
#8142 = PCURVE('',#8143,#8148);
#8143 = PLANE('',#8144);
#8144 = AXIS2_PLACEMENT_3D('',#8145,#8146,#8147);
#8145 = CARTESIAN_POINT('',(2.835,-1.85,0.575));
#8146 = DIRECTION('',(-0.707106781187,-0.707106781187,3.238315696035E-16
    ));
#8147 = DIRECTION('',(0.707106781187,-0.707106781187,7.149051953565E-31)
  );
#8148 = DEFINITIONAL_REPRESENTATION('',(#8149),#8153);
#8149 = LINE('',#8150,#8151);
#8150 = CARTESIAN_POINT('',(7.071067811865E-02,-3.08148791102E-33));
#8151 = VECTOR('',#8152,1.);
#8152 = DIRECTION('',(2.465190328816E-32,1.));
#8153 = ( GEOMETRIC_REPRESENTATION_CONTEXT(2) 
PARAMETRIC_REPRESENTATION_CONTEXT() REPRESENTATION_CONTEXT('2D SPACE',''
  ) );
#8154 = ADVANCED_FACE('',(#8155),#7882,.F.);
#8155 = FACE_BOUND('',#8156,.T.);
#8156 = EDGE_LOOP('',(#8157,#8182,#8205,#8226,#8227,#8250,#8278,#8306,
    #8334,#8363,#8391));
#8157 = ORIENTED_EDGE('',*,*,#8158,.F.);
#8158 = EDGE_CURVE('',#8159,#8161,#8163,.T.);
#8159 = VERTEX_POINT('',#8160);
#8160 = CARTESIAN_POINT('',(-0.325,1.,0.31));
#8161 = VERTEX_POINT('',#8162);
#8162 = CARTESIAN_POINT('',(-0.325,1.,8.E-02));
#8163 = SURFACE_CURVE('',#8164,(#8168,#8175),.PCURVE_S1.);
#8164 = LINE('',#8165,#8166);
#8165 = CARTESIAN_POINT('',(-0.325,1.,0.841614));
#8166 = VECTOR('',#8167,1.);
#8167 = DIRECTION('',(-2.289834988289E-16,-1.065228634467E-16,-1.));
#8168 = PCURVE('',#7882,#8169);
#8169 = DEFINITIONAL_REPRESENTATION('',(#8170),#8174);
#8170 = LINE('',#8171,#8172);
#8171 = CARTESIAN_POINT('',(-0.245779075398,0.671113768985));
#8172 = VECTOR('',#8173,1.);
#8173 = DIRECTION('',(-1.065228634467E-16,-1.));
#8174 = ( GEOMETRIC_REPRESENTATION_CONTEXT(2) 
PARAMETRIC_REPRESENTATION_CONTEXT() REPRESENTATION_CONTEXT('2D SPACE',''
  ) );
#8175 = PCURVE('',#5732,#8176);
#8176 = DEFINITIONAL_REPRESENTATION('',(#8177),#8181);
#8177 = LINE('',#8178,#8179);
#8178 = CARTESIAN_POINT('',(-0.531614,3.65));
#8179 = VECTOR('',#8180,1.);
#8180 = DIRECTION('',(1.,0.));
#8181 = ( GEOMETRIC_REPRESENTATION_CONTEXT(2) 
PARAMETRIC_REPRESENTATION_CONTEXT() REPRESENTATION_CONTEXT('2D SPACE',''
  ) );
#8182 = ORIENTED_EDGE('',*,*,#8183,.F.);
#8183 = EDGE_CURVE('',#8184,#8159,#8186,.T.);
#8184 = VERTEX_POINT('',#8185);
#8185 = CARTESIAN_POINT('',(-0.325,1.35,0.31));
#8186 = SURFACE_CURVE('',#8187,(#8191,#8198),.PCURVE_S1.);
#8187 = LINE('',#8188,#8189);
#8188 = CARTESIAN_POINT('',(-0.325,0.694863,0.31));
#8189 = VECTOR('',#8190,1.);
#8190 = DIRECTION('',(-2.804146475864E-32,-1.,1.065228634467E-16));
#8191 = PCURVE('',#7882,#8192);
#8192 = DEFINITIONAL_REPRESENTATION('',(#8193),#8197);
#8193 = LINE('',#8194,#8195);
#8194 = CARTESIAN_POINT('',(-0.550916075398,0.139499768985));
#8195 = VECTOR('',#8196,1.);
#8196 = DIRECTION('',(-1.,1.065228634467E-16));
#8197 = ( GEOMETRIC_REPRESENTATION_CONTEXT(2) 
PARAMETRIC_REPRESENTATION_CONTEXT() REPRESENTATION_CONTEXT('2D SPACE',''
  ) );
#8198 = PCURVE('',#530,#8199);
#8199 = DEFINITIONAL_REPRESENTATION('',(#8200),#8204);
#8200 = LINE('',#8201,#8202);
#8201 = CARTESIAN_POINT('',(1.675,0.978861317761));
#8202 = VECTOR('',#8203,1.);
#8203 = DIRECTION('',(9.031806508344E-47,1.));
#8204 = ( GEOMETRIC_REPRESENTATION_CONTEXT(2) 
PARAMETRIC_REPRESENTATION_CONTEXT() REPRESENTATION_CONTEXT('2D SPACE',''
  ) );
#8205 = ORIENTED_EDGE('',*,*,#8206,.F.);
#8206 = EDGE_CURVE('',#7859,#8184,#8207,.T.);
#8207 = SURFACE_CURVE('',#8208,(#8212,#8219),.PCURVE_S1.);
#8208 = LINE('',#8209,#8210);
#8209 = CARTESIAN_POINT('',(-0.325,1.35,0.31));
#8210 = VECTOR('',#8211,1.);
#8211 = DIRECTION('',(2.289834988289E-16,2.289834988289E-16,1.));
#8212 = PCURVE('',#7882,#8213);
#8213 = DEFINITIONAL_REPRESENTATION('',(#8214),#8218);
#8214 = LINE('',#8215,#8216);
#8215 = CARTESIAN_POINT('',(0.104220924602,0.139499768985));
#8216 = VECTOR('',#8217,1.);
#8217 = DIRECTION('',(2.289834988289E-16,1.));
#8218 = ( GEOMETRIC_REPRESENTATION_CONTEXT(2) 
PARAMETRIC_REPRESENTATION_CONTEXT() REPRESENTATION_CONTEXT('2D SPACE',''
  ) );
#8219 = PCURVE('',#7965,#8220);
#8220 = DEFINITIONAL_REPRESENTATION('',(#8221),#8225);
#8221 = LINE('',#8222,#8223);
#8222 = CARTESIAN_POINT('',(-0.,0.));
#8223 = VECTOR('',#8224,1.);
#8224 = DIRECTION('',(-1.,0.));
#8225 = ( GEOMETRIC_REPRESENTATION_CONTEXT(2) 
PARAMETRIC_REPRESENTATION_CONTEXT() REPRESENTATION_CONTEXT('2D SPACE',''
  ) );
#8226 = ORIENTED_EDGE('',*,*,#7858,.T.);
#8227 = ORIENTED_EDGE('',*,*,#8228,.T.);
#8228 = EDGE_CURVE('',#7861,#8229,#8231,.T.);
#8229 = VERTEX_POINT('',#8230);
#8230 = CARTESIAN_POINT('',(-0.325,1.3,5.E-02));
#8231 = SURFACE_CURVE('',#8232,(#8236,#8243),.PCURVE_S1.);
#8232 = LINE('',#8233,#8234);
#8233 = CARTESIAN_POINT('',(-0.325,1.3,0.11));
#8234 = VECTOR('',#8235,1.);
#8235 = DIRECTION('',(-2.289834988289E-16,-2.289834988289E-16,-1.));
#8236 = PCURVE('',#7882,#8237);
#8237 = DEFINITIONAL_REPRESENTATION('',(#8238),#8242);
#8238 = LINE('',#8239,#8240);
#8239 = CARTESIAN_POINT('',(5.422092460224E-02,-6.050023101547E-02));
#8240 = VECTOR('',#8241,1.);
#8241 = DIRECTION('',(-2.289834988289E-16,-1.));
#8242 = ( GEOMETRIC_REPRESENTATION_CONTEXT(2) 
PARAMETRIC_REPRESENTATION_CONTEXT() REPRESENTATION_CONTEXT('2D SPACE',''
  ) );
#8243 = PCURVE('',#7910,#8244);
#8244 = DEFINITIONAL_REPRESENTATION('',(#8245),#8249);
#8245 = LINE('',#8246,#8247);
#8246 = CARTESIAN_POINT('',(-0.,0.));
#8247 = VECTOR('',#8248,1.);
#8248 = DIRECTION('',(1.,0.));
#8249 = ( GEOMETRIC_REPRESENTATION_CONTEXT(2) 
PARAMETRIC_REPRESENTATION_CONTEXT() REPRESENTATION_CONTEXT('2D SPACE',''
  ) );
#8250 = ORIENTED_EDGE('',*,*,#8251,.T.);
#8251 = EDGE_CURVE('',#8229,#8252,#8254,.T.);
#8252 = VERTEX_POINT('',#8253);
#8253 = CARTESIAN_POINT('',(-0.325,1.25,-8.881784197001E-16));
#8254 = SURFACE_CURVE('',#8255,(#8259,#8266),.PCURVE_S1.);
#8255 = LINE('',#8256,#8257);
#8256 = CARTESIAN_POINT('',(-0.325,1.3,5.E-02));
#8257 = VECTOR('',#8258,1.);
#8258 = DIRECTION('',(-1.619157848018E-16,-0.707106781187,
    -0.707106781186));
#8259 = PCURVE('',#7882,#8260);
#8260 = DEFINITIONAL_REPRESENTATION('',(#8261),#8265);
#8261 = LINE('',#8262,#8263);
#8262 = CARTESIAN_POINT('',(5.422092460224E-02,-0.120500231015));
#8263 = VECTOR('',#8264,1.);
#8264 = DIRECTION('',(-0.707106781187,-0.707106781186));
#8265 = ( GEOMETRIC_REPRESENTATION_CONTEXT(2) 
PARAMETRIC_REPRESENTATION_CONTEXT() REPRESENTATION_CONTEXT('2D SPACE',''
  ) );
#8266 = PCURVE('',#8267,#8272);
#8267 = PLANE('',#8268);
#8268 = AXIS2_PLACEMENT_3D('',#8269,#8270,#8271);
#8269 = CARTESIAN_POINT('',(-0.325,1.3,5.E-02));
#8270 = DIRECTION('',(-1.619157848018E-16,0.707106781186,-0.707106781187
    ));
#8271 = DIRECTION('',(-1.619157848018E-16,-0.707106781187,
    -0.707106781186));
#8272 = DEFINITIONAL_REPRESENTATION('',(#8273),#8277);
#8273 = LINE('',#8274,#8275);
#8274 = CARTESIAN_POINT('',(-0.,0.));
#8275 = VECTOR('',#8276,1.);
#8276 = DIRECTION('',(1.,-7.395570986447E-32));
#8277 = ( GEOMETRIC_REPRESENTATION_CONTEXT(2) 
PARAMETRIC_REPRESENTATION_CONTEXT() REPRESENTATION_CONTEXT('2D SPACE',''
  ) );
#8278 = ORIENTED_EDGE('',*,*,#8279,.F.);
#8279 = EDGE_CURVE('',#8280,#8252,#8282,.T.);
#8280 = VERTEX_POINT('',#8281);
#8281 = CARTESIAN_POINT('',(-0.325,0.92,-7.771561172376E-16));
#8282 = SURFACE_CURVE('',#8283,(#8287,#8294),.PCURVE_S1.);
#8283 = LINE('',#8284,#8285);
#8284 = CARTESIAN_POINT('',(-0.325,0.92,-7.771561172376E-16));
#8285 = VECTOR('',#8286,1.);
#8286 = DIRECTION('',(0.,1.,-2.289834988289E-16));
#8287 = PCURVE('',#7882,#8288);
#8288 = DEFINITIONAL_REPRESENTATION('',(#8289),#8293);
#8289 = LINE('',#8290,#8291);
#8290 = CARTESIAN_POINT('',(-0.325779075398,-0.170500231015));
#8291 = VECTOR('',#8292,1.);
#8292 = DIRECTION('',(1.,-2.289834988289E-16));
#8293 = ( GEOMETRIC_REPRESENTATION_CONTEXT(2) 
PARAMETRIC_REPRESENTATION_CONTEXT() REPRESENTATION_CONTEXT('2D SPACE',''
  ) );
#8294 = PCURVE('',#8295,#8300);
#8295 = PLANE('',#8296);
#8296 = AXIS2_PLACEMENT_3D('',#8297,#8298,#8299);
#8297 = CARTESIAN_POINT('',(-0.325,1.25,-8.881784197001E-16));
#8298 = DIRECTION('',(-2.289834988289E-16,-2.289834988289E-16,-1.));
#8299 = DIRECTION('',(0.,-1.,2.289834988289E-16));
#8300 = DEFINITIONAL_REPRESENTATION('',(#8301),#8305);
#8301 = LINE('',#8302,#8303);
#8302 = CARTESIAN_POINT('',(0.33,5.473822126269E-48));
#8303 = VECTOR('',#8304,1.);
#8304 = DIRECTION('',(-1.,0.));
#8305 = ( GEOMETRIC_REPRESENTATION_CONTEXT(2) 
PARAMETRIC_REPRESENTATION_CONTEXT() REPRESENTATION_CONTEXT('2D SPACE',''
  ) );
#8306 = ORIENTED_EDGE('',*,*,#8307,.T.);
#8307 = EDGE_CURVE('',#8280,#8308,#8310,.T.);
#8308 = VERTEX_POINT('',#8309);
#8309 = CARTESIAN_POINT('',(-0.325,0.92,3.619548911246E-02));
#8310 = SURFACE_CURVE('',#8311,(#8315,#8322),.PCURVE_S1.);
#8311 = LINE('',#8312,#8313);
#8312 = CARTESIAN_POINT('',(-0.325,0.92,-7.771561172376E-16));
#8313 = VECTOR('',#8314,1.);
#8314 = DIRECTION('',(2.289834988289E-16,2.289834988289E-16,1.));
#8315 = PCURVE('',#7882,#8316);
#8316 = DEFINITIONAL_REPRESENTATION('',(#8317),#8321);
#8317 = LINE('',#8318,#8319);
#8318 = CARTESIAN_POINT('',(-0.325779075398,-0.170500231015));
#8319 = VECTOR('',#8320,1.);
#8320 = DIRECTION('',(2.289834988289E-16,1.));
#8321 = ( GEOMETRIC_REPRESENTATION_CONTEXT(2) 
PARAMETRIC_REPRESENTATION_CONTEXT() REPRESENTATION_CONTEXT('2D SPACE',''
  ) );
#8322 = PCURVE('',#8323,#8328);
#8323 = PLANE('',#8324);
#8324 = AXIS2_PLACEMENT_3D('',#8325,#8326,#8327);
#8325 = CARTESIAN_POINT('',(-0.325,0.92,-7.771561172376E-16));
#8326 = DIRECTION('',(0.,-1.,2.289834988289E-16));
#8327 = DIRECTION('',(2.289834988289E-16,2.289834988289E-16,1.));
#8328 = DEFINITIONAL_REPRESENTATION('',(#8329),#8333);
#8329 = LINE('',#8330,#8331);
#8330 = CARTESIAN_POINT('',(0.,0.));
#8331 = VECTOR('',#8332,1.);
#8332 = DIRECTION('',(1.,0.));
#8333 = ( GEOMETRIC_REPRESENTATION_CONTEXT(2) 
PARAMETRIC_REPRESENTATION_CONTEXT() REPRESENTATION_CONTEXT('2D SPACE',''
  ) );
#8334 = ORIENTED_EDGE('',*,*,#8335,.F.);
#8335 = EDGE_CURVE('',#8336,#8308,#8338,.T.);
#8336 = VERTEX_POINT('',#8337);
#8337 = CARTESIAN_POINT('',(-0.325,0.943186633611,6.541154699934E-02));
#8338 = SURFACE_CURVE('',#8339,(#8344,#8351),.PCURVE_S1.);
#8339 = CIRCLE('',#8340,3.E-02);
#8340 = AXIS2_PLACEMENT_3D('',#8341,#8342,#8343);
#8341 = CARTESIAN_POINT('',(-0.325,0.95,3.619548911246E-02));
#8342 = DIRECTION('',(1.,-5.243344273594E-32,-2.289834988289E-16));
#8343 = DIRECTION('',(-2.080052407982E-46,1.,-2.289834988289E-16));
#8344 = PCURVE('',#7882,#8345);
#8345 = DEFINITIONAL_REPRESENTATION('',(#8346),#8350);
#8346 = CIRCLE('',#8347,3.E-02);
#8347 = AXIS2_PLACEMENT_2D('',#8348,#8349);
#8348 = CARTESIAN_POINT('',(-0.295779075398,-0.134304741903));
#8349 = DIRECTION('',(1.,-2.289834988289E-16));
#8350 = ( GEOMETRIC_REPRESENTATION_CONTEXT(2) 
PARAMETRIC_REPRESENTATION_CONTEXT() REPRESENTATION_CONTEXT('2D SPACE',''
  ) );
#8351 = PCURVE('',#8352,#8357);
#8352 = CYLINDRICAL_SURFACE('',#8353,3.E-02);
#8353 = AXIS2_PLACEMENT_3D('',#8354,#8355,#8356);
#8354 = CARTESIAN_POINT('',(-0.325,0.95,3.619548911246E-02));
#8355 = DIRECTION('',(1.,-5.243344273594E-32,-2.289834988289E-16));
#8356 = DIRECTION('',(-2.080052407982E-46,1.,-2.289834988289E-16));
#8357 = DEFINITIONAL_REPRESENTATION('',(#8358),#8362);
#8358 = LINE('',#8359,#8360);
#8359 = CARTESIAN_POINT('',(-6.661338147751E-16,0.));
#8360 = VECTOR('',#8361,1.);
#8361 = DIRECTION('',(1.,0.));
#8362 = ( GEOMETRIC_REPRESENTATION_CONTEXT(2) 
PARAMETRIC_REPRESENTATION_CONTEXT() REPRESENTATION_CONTEXT('2D SPACE',''
  ) );
#8363 = ORIENTED_EDGE('',*,*,#8364,.T.);
#8364 = EDGE_CURVE('',#8336,#8365,#8367,.T.);
#8365 = VERTEX_POINT('',#8366);
#8366 = CARTESIAN_POINT('',(-0.325,1.,7.866077735406E-02));
#8367 = SURFACE_CURVE('',#8368,(#8372,#8379),.PCURVE_S1.);
#8368 = LINE('',#8369,#8370);
#8369 = CARTESIAN_POINT('',(-0.325,0.943186633611,6.541154699934E-02));
#8370 = VECTOR('',#8371,1.);
#8371 = DIRECTION('',(5.200494915182E-17,0.973868596229,0.227112212966)
  );
#8372 = PCURVE('',#7882,#8373);
#8373 = DEFINITIONAL_REPRESENTATION('',(#8374),#8378);
#8374 = LINE('',#8375,#8376);
#8375 = CARTESIAN_POINT('',(-0.302592441787,-0.105088684016));
#8376 = VECTOR('',#8377,1.);
#8377 = DIRECTION('',(0.973868596229,0.227112212966));
#8378 = ( GEOMETRIC_REPRESENTATION_CONTEXT(2) 
PARAMETRIC_REPRESENTATION_CONTEXT() REPRESENTATION_CONTEXT('2D SPACE',''
  ) );
#8379 = PCURVE('',#8380,#8385);
#8380 = PLANE('',#8381);
#8381 = AXIS2_PLACEMENT_3D('',#8382,#8383,#8384);
#8382 = CARTESIAN_POINT('',(-0.325,0.943186633611,6.541154699934E-02));
#8383 = DIRECTION('',(2.229998385642E-16,-0.227112212966,0.973868596229)
  );
#8384 = DIRECTION('',(5.200494915182E-17,0.973868596229,0.227112212966)
  );
#8385 = DEFINITIONAL_REPRESENTATION('',(#8386),#8390);
#8386 = LINE('',#8387,#8388);
#8387 = CARTESIAN_POINT('',(0.,0.));
#8388 = VECTOR('',#8389,1.);
#8389 = DIRECTION('',(1.,-3.697785493223E-32));
#8390 = ( GEOMETRIC_REPRESENTATION_CONTEXT(2) 
PARAMETRIC_REPRESENTATION_CONTEXT() REPRESENTATION_CONTEXT('2D SPACE',''
  ) );
#8391 = ORIENTED_EDGE('',*,*,#8392,.F.);
#8392 = EDGE_CURVE('',#8161,#8365,#8393,.T.);
#8393 = SURFACE_CURVE('',#8394,(#8398,#8405),.PCURVE_S1.);
#8394 = LINE('',#8395,#8396);
#8395 = CARTESIAN_POINT('',(-0.325,1.,0.841614));
#8396 = VECTOR('',#8397,1.);
#8397 = DIRECTION('',(-2.289834988289E-16,-1.065228634467E-16,-1.));
#8398 = PCURVE('',#7882,#8399);
#8399 = DEFINITIONAL_REPRESENTATION('',(#8400),#8404);
#8400 = LINE('',#8401,#8402);
#8401 = CARTESIAN_POINT('',(-0.245779075398,0.671113768985));
#8402 = VECTOR('',#8403,1.);
#8403 = DIRECTION('',(-1.065228634467E-16,-1.));
#8404 = ( GEOMETRIC_REPRESENTATION_CONTEXT(2) 
PARAMETRIC_REPRESENTATION_CONTEXT() REPRESENTATION_CONTEXT('2D SPACE',''
  ) );
#8405 = PCURVE('',#8406,#8411);
#8406 = PLANE('',#8407);
#8407 = AXIS2_PLACEMENT_3D('',#8408,#8409,#8410);
#8408 = CARTESIAN_POINT('',(-0.175,1.,7.866077735406E-02));
#8409 = DIRECTION('',(2.804146475864E-32,1.,-1.065228634467E-16));
#8410 = DIRECTION('',(-2.289834988289E-16,-1.065228634467E-16,-1.));
#8411 = DEFINITIONAL_REPRESENTATION('',(#8412),#8416);
#8412 = LINE('',#8413,#8414);
#8413 = CARTESIAN_POINT('',(-0.762953222646,0.15));
#8414 = VECTOR('',#8415,1.);
#8415 = DIRECTION('',(1.,0.));
#8416 = ( GEOMETRIC_REPRESENTATION_CONTEXT(2) 
PARAMETRIC_REPRESENTATION_CONTEXT() REPRESENTATION_CONTEXT('2D SPACE',''
  ) );
#8417 = ADVANCED_FACE('',(#8418),#3894,.F.);
#8418 = FACE_BOUND('',#8419,.F.);
#8419 = EDGE_LOOP('',(#8420,#8442,#8443,#8465));
#8420 = ORIENTED_EDGE('',*,*,#8421,.T.);
#8421 = EDGE_CURVE('',#4472,#3872,#8422,.T.);
#8422 = SURFACE_CURVE('',#8423,(#8428,#8435),.PCURVE_S1.);
#8423 = CIRCLE('',#8424,5.E-02);
#8424 = AXIS2_PLACEMENT_3D('',#8425,#8426,#8427);
#8425 = CARTESIAN_POINT('',(-1.325,1.35,0.11));
#8426 = DIRECTION('',(1.,-5.243344273594E-32,-2.289834988289E-16));
#8427 = DIRECTION('',(-2.080052407982E-46,1.,-2.289834988289E-16));
#8428 = PCURVE('',#3894,#8429);
#8429 = DEFINITIONAL_REPRESENTATION('',(#8430),#8434);
#8430 = LINE('',#8431,#8432);
#8431 = CARTESIAN_POINT('',(-2.22044604925E-16,0.));
#8432 = VECTOR('',#8433,1.);
#8433 = DIRECTION('',(1.,0.));
#8434 = ( GEOMETRIC_REPRESENTATION_CONTEXT(2) 
PARAMETRIC_REPRESENTATION_CONTEXT() REPRESENTATION_CONTEXT('2D SPACE',''
  ) );
#8435 = PCURVE('',#1342,#8436);
#8436 = DEFINITIONAL_REPRESENTATION('',(#8437),#8441);
#8437 = CIRCLE('',#8438,5.E-02);
#8438 = AXIS2_PLACEMENT_2D('',#8439,#8440);
#8439 = CARTESIAN_POINT('',(0.104220924602,-6.050023101547E-02));
#8440 = DIRECTION('',(1.,-2.289834988289E-16));
#8441 = ( GEOMETRIC_REPRESENTATION_CONTEXT(2) 
PARAMETRIC_REPRESENTATION_CONTEXT() REPRESENTATION_CONTEXT('2D SPACE',''
  ) );
#8442 = ORIENTED_EDGE('',*,*,#3871,.T.);
#8443 = ORIENTED_EDGE('',*,*,#8444,.F.);
#8444 = EDGE_CURVE('',#4449,#3874,#8445,.T.);
#8445 = SURFACE_CURVE('',#8446,(#8451,#8458),.PCURVE_S1.);
#8446 = CIRCLE('',#8447,5.E-02);
#8447 = AXIS2_PLACEMENT_3D('',#8448,#8449,#8450);
#8448 = CARTESIAN_POINT('',(-1.175,1.35,0.11));
#8449 = DIRECTION('',(1.,-5.243344273594E-32,-2.289834988289E-16));
#8450 = DIRECTION('',(-2.080052407982E-46,1.,-2.289834988289E-16));
#8451 = PCURVE('',#3894,#8452);
#8452 = DEFINITIONAL_REPRESENTATION('',(#8453),#8457);
#8453 = LINE('',#8454,#8455);
#8454 = CARTESIAN_POINT('',(-2.22044604925E-16,0.15));
#8455 = VECTOR('',#8456,1.);
#8456 = DIRECTION('',(1.,0.));
#8457 = ( GEOMETRIC_REPRESENTATION_CONTEXT(2) 
PARAMETRIC_REPRESENTATION_CONTEXT() REPRESENTATION_CONTEXT('2D SPACE',''
  ) );
#8458 = PCURVE('',#1287,#8459);
#8459 = DEFINITIONAL_REPRESENTATION('',(#8460),#8464);
#8460 = CIRCLE('',#8461,5.E-02);
#8461 = AXIS2_PLACEMENT_2D('',#8462,#8463);
#8462 = CARTESIAN_POINT('',(0.104220924602,-6.050023101547E-02));
#8463 = DIRECTION('',(1.,-2.289834988289E-16));
#8464 = ( GEOMETRIC_REPRESENTATION_CONTEXT(2) 
PARAMETRIC_REPRESENTATION_CONTEXT() REPRESENTATION_CONTEXT('2D SPACE',''
  ) );
#8465 = ORIENTED_EDGE('',*,*,#4471,.F.);
#8466 = ADVANCED_FACE('',(#8467),#8481,.T.);
#8467 = FACE_BOUND('',#8468,.T.);
#8468 = EDGE_LOOP('',(#8469,#8504,#8532,#8555));
#8469 = ORIENTED_EDGE('',*,*,#8470,.F.);
#8470 = EDGE_CURVE('',#8471,#8473,#8475,.T.);
#8471 = VERTEX_POINT('',#8472);
#8472 = CARTESIAN_POINT('',(2.1,0.92,8.E-02));
#8473 = VERTEX_POINT('',#8474);
#8474 = CARTESIAN_POINT('',(2.1,1.,8.E-02));
#8475 = SURFACE_CURVE('',#8476,(#8480,#8492),.PCURVE_S1.);
#8476 = LINE('',#8477,#8478);
#8477 = CARTESIAN_POINT('',(2.1,0.694863,8.E-02));
#8478 = VECTOR('',#8479,1.);
#8479 = DIRECTION('',(-1.224606353822E-16,1.,-2.289834988289E-16));
#8480 = PCURVE('',#8481,#8486);
#8481 = PLANE('',#8482);
#8482 = AXIS2_PLACEMENT_3D('',#8483,#8484,#8485);
#8483 = CARTESIAN_POINT('',(2.075,0.85,5.5E-02));
#8484 = DIRECTION('',(0.707106781187,-7.532303909457E-17,-0.707106781187
    ));
#8485 = DIRECTION('',(-0.707106781187,6.231304445401E-16,-0.707106781187
    ));
#8486 = DEFINITIONAL_REPRESENTATION('',(#8487),#8491);
#8487 = LINE('',#8488,#8489);
#8488 = CARTESIAN_POINT('',(-3.535533905933E-02,-0.155137));
#8489 = VECTOR('',#8490,1.);
#8490 = DIRECTION('',(8.716389750491E-16,1.));
#8491 = ( GEOMETRIC_REPRESENTATION_CONTEXT(2) 
PARAMETRIC_REPRESENTATION_CONTEXT() REPRESENTATION_CONTEXT('2D SPACE',''
  ) );
#8492 = PCURVE('',#8493,#8498);
#8493 = PLANE('',#8494);
#8494 = AXIS2_PLACEMENT_3D('',#8495,#8496,#8497);
#8495 = CARTESIAN_POINT('',(2.1625,1.,8.E-02));
#8496 = DIRECTION('',(-2.289834988289E-16,-2.289834988289E-16,-1.));
#8497 = DIRECTION('',(0.,-1.,2.289834988289E-16));
#8498 = DEFINITIONAL_REPRESENTATION('',(#8499),#8503);
#8499 = LINE('',#8500,#8501);
#8500 = CARTESIAN_POINT('',(0.305137,6.25E-02));
#8501 = VECTOR('',#8502,1.);
#8502 = DIRECTION('',(-1.,1.224606353822E-16));
#8503 = ( GEOMETRIC_REPRESENTATION_CONTEXT(2) 
PARAMETRIC_REPRESENTATION_CONTEXT() REPRESENTATION_CONTEXT('2D SPACE',''
  ) );
#8504 = ORIENTED_EDGE('',*,*,#8505,.T.);
#8505 = EDGE_CURVE('',#8471,#8506,#8508,.T.);
#8506 = VERTEX_POINT('',#8507);
#8507 = CARTESIAN_POINT('',(2.05,0.7,3.E-02));
#8508 = SURFACE_CURVE('',#8509,(#8513,#8520),.PCURVE_S1.);
#8509 = LINE('',#8510,#8511);
#8510 = CARTESIAN_POINT('',(2.0488325,0.694863,2.88325E-02));
#8511 = VECTOR('',#8512,1.);
#8512 = DIRECTION('',(-0.216371161204,-0.952033109297,-0.216371161204));
#8513 = PCURVE('',#8481,#8514);
#8514 = DEFINITIONAL_REPRESENTATION('',(#8515),#8519);
#8515 = LINE('',#8516,#8517);
#8516 = CARTESIAN_POINT('',(3.70064333934E-02,-0.155137));
#8517 = VECTOR('',#8518,1.);
#8518 = DIRECTION('',(0.305995030681,-0.952033109297));
#8519 = ( GEOMETRIC_REPRESENTATION_CONTEXT(2) 
PARAMETRIC_REPRESENTATION_CONTEXT() REPRESENTATION_CONTEXT('2D SPACE',''
  ) );
#8520 = PCURVE('',#8521,#8526);
#8521 = PLANE('',#8522);
#8522 = AXIS2_PLACEMENT_3D('',#8523,#8524,#8525);
#8523 = CARTESIAN_POINT('',(2.1625,0.92,8.E-02));
#8524 = DIRECTION('',(-2.232893331422E-16,0.221621103589,-0.975132855791
    ));
#8525 = DIRECTION('',(-5.074757571413E-17,-0.975132855791,
    -0.221621103589));
#8526 = DEFINITIONAL_REPRESENTATION('',(#8527),#8531);
#8527 = LINE('',#8528,#8529);
#8528 = CARTESIAN_POINT('',(0.230878283572,0.1136675));
#8529 = VECTOR('',#8530,1.);
#8530 = DIRECTION('',(0.976311180208,0.216371161204));
#8531 = ( GEOMETRIC_REPRESENTATION_CONTEXT(2) 
PARAMETRIC_REPRESENTATION_CONTEXT() REPRESENTATION_CONTEXT('2D SPACE',''
  ) );
#8532 = ORIENTED_EDGE('',*,*,#8533,.F.);
#8533 = EDGE_CURVE('',#8534,#8506,#8536,.T.);
#8534 = VERTEX_POINT('',#8535);
#8535 = CARTESIAN_POINT('',(2.05,1.,3.E-02));
#8536 = SURFACE_CURVE('',#8537,(#8541,#8548),.PCURVE_S1.);
#8537 = LINE('',#8538,#8539);
#8538 = CARTESIAN_POINT('',(2.05,0.694863,3.E-02));
#8539 = VECTOR('',#8540,1.);
#8540 = DIRECTION('',(-3.675722875075E-32,-1.,1.065228634467E-16));
#8541 = PCURVE('',#8481,#8542);
#8542 = DEFINITIONAL_REPRESENTATION('',(#8543),#8547);
#8543 = LINE('',#8544,#8545);
#8544 = CARTESIAN_POINT('',(3.535533905933E-02,-0.155137));
#8545 = VECTOR('',#8546,1.);
#8546 = DIRECTION('',(-6.984534836347E-16,-1.));
#8547 = ( GEOMETRIC_REPRESENTATION_CONTEXT(2) 
PARAMETRIC_REPRESENTATION_CONTEXT() REPRESENTATION_CONTEXT('2D SPACE',''
  ) );
#8548 = PCURVE('',#667,#8549);
#8549 = DEFINITIONAL_REPRESENTATION('',(#8550),#8554);
#8550 = LINE('',#8551,#8552);
#8551 = CARTESIAN_POINT('',(0.305137,-49.1525));
#8552 = VECTOR('',#8553,1.);
#8553 = DIRECTION('',(1.,8.715763992105E-33));
#8554 = ( GEOMETRIC_REPRESENTATION_CONTEXT(2) 
PARAMETRIC_REPRESENTATION_CONTEXT() REPRESENTATION_CONTEXT('2D SPACE',''
  ) );
#8555 = ORIENTED_EDGE('',*,*,#8556,.F.);
#8556 = EDGE_CURVE('',#8473,#8534,#8557,.T.);
#8557 = SURFACE_CURVE('',#8558,(#8562,#8569),.PCURVE_S1.);
#8558 = LINE('',#8559,#8560);
#8559 = CARTESIAN_POINT('',(-13.5,1.,-15.52));
#8560 = VECTOR('',#8561,1.);
#8561 = DIRECTION('',(-0.707106781187,-1.064046335705E-16,
    -0.707106781187));
#8562 = PCURVE('',#8481,#8563);
#8563 = DEFINITIONAL_REPRESENTATION('',(#8564),#8568);
#8564 = LINE('',#8565,#8566);
#8565 = CARTESIAN_POINT('',(22.026376233961,0.15));
#8566 = VECTOR('',#8567,1.);
#8567 = DIRECTION('',(1.,-7.295350781106E-16));
#8568 = ( GEOMETRIC_REPRESENTATION_CONTEXT(2) 
PARAMETRIC_REPRESENTATION_CONTEXT() REPRESENTATION_CONTEXT('2D SPACE',''
  ) );
#8569 = PCURVE('',#4032,#8570);
#8570 = DEFINITIONAL_REPRESENTATION('',(#8571),#8575);
#8571 = LINE('',#8572,#8573);
#8572 = CARTESIAN_POINT('',(15.83,15.825));
#8573 = VECTOR('',#8574,1.);
#8574 = DIRECTION('',(0.707106781187,0.707106781187));
#8575 = ( GEOMETRIC_REPRESENTATION_CONTEXT(2) 
PARAMETRIC_REPRESENTATION_CONTEXT() REPRESENTATION_CONTEXT('2D SPACE',''
  ) );
#8576 = ADVANCED_FACE('',(#8577),#3720,.T.);
#8577 = FACE_BOUND('',#8578,.T.);
#8578 = EDGE_LOOP('',(#8579,#8602,#8603,#8626));
#8579 = ORIENTED_EDGE('',*,*,#8580,.F.);
#8580 = EDGE_CURVE('',#3705,#8581,#8583,.T.);
#8581 = VERTEX_POINT('',#8582);
#8582 = CARTESIAN_POINT('',(2.765,-1.65,0.72));
#8583 = SURFACE_CURVE('',#8584,(#8588,#8595),.PCURVE_S1.);
#8584 = LINE('',#8585,#8586);
#8585 = CARTESIAN_POINT('',(-16.,-1.65,0.72));
#8586 = VECTOR('',#8587,1.);
#8587 = DIRECTION('',(1.,-5.243344273594E-32,-2.289834988289E-16));
#8588 = PCURVE('',#3720,#8589);
#8589 = DEFINITIONAL_REPRESENTATION('',(#8590),#8594);
#8590 = LINE('',#8591,#8592);
#8591 = CARTESIAN_POINT('',(0.45,9.215));
#8592 = VECTOR('',#8593,1.);
#8593 = DIRECTION('',(-9.031806508344E-47,-1.));
#8594 = ( GEOMETRIC_REPRESENTATION_CONTEXT(2) 
PARAMETRIC_REPRESENTATION_CONTEXT() REPRESENTATION_CONTEXT('2D SPACE',''
  ) );
#8595 = PCURVE('',#3746,#8596);
#8596 = DEFINITIONAL_REPRESENTATION('',(#8597),#8601);
#8597 = LINE('',#8598,#8599);
#8598 = CARTESIAN_POINT('',(6.222522497268E-16,-22.785));
#8599 = VECTOR('',#8600,1.);
#8600 = DIRECTION('',(-1.972152263053E-31,1.));
#8601 = ( GEOMETRIC_REPRESENTATION_CONTEXT(2) 
PARAMETRIC_REPRESENTATION_CONTEXT() REPRESENTATION_CONTEXT('2D SPACE',''
  ) );
#8602 = ORIENTED_EDGE('',*,*,#3704,.F.);
#8603 = ORIENTED_EDGE('',*,*,#8604,.F.);
#8604 = EDGE_CURVE('',#8605,#3677,#8607,.T.);
#8605 = VERTEX_POINT('',#8606);
#8606 = CARTESIAN_POINT('',(2.765,-1.1,0.72));
#8607 = SURFACE_CURVE('',#8608,(#8612,#8619),.PCURVE_S1.);
#8608 = LINE('',#8609,#8610);
#8609 = CARTESIAN_POINT('',(-6.235,-1.1,0.72));
#8610 = VECTOR('',#8611,1.);
#8611 = DIRECTION('',(-1.,5.243344273594E-32,2.289834988289E-16));
#8612 = PCURVE('',#3720,#8613);
#8613 = DEFINITIONAL_REPRESENTATION('',(#8614),#8618);
#8614 = LINE('',#8615,#8616);
#8615 = CARTESIAN_POINT('',(-1.E-01,-0.55));
#8616 = VECTOR('',#8617,1.);
#8617 = DIRECTION('',(9.031806508344E-47,1.));
#8618 = ( GEOMETRIC_REPRESENTATION_CONTEXT(2) 
PARAMETRIC_REPRESENTATION_CONTEXT() REPRESENTATION_CONTEXT('2D SPACE',''
  ) );
#8619 = PCURVE('',#3692,#8620);
#8620 = DEFINITIONAL_REPRESENTATION('',(#8621),#8625);
#8621 = LINE('',#8622,#8623);
#8622 = CARTESIAN_POINT('',(0.401123422403,-13.));
#8623 = VECTOR('',#8624,1.);
#8624 = DIRECTION('',(1.54074395551E-32,-1.));
#8625 = ( GEOMETRIC_REPRESENTATION_CONTEXT(2) 
PARAMETRIC_REPRESENTATION_CONTEXT() REPRESENTATION_CONTEXT('2D SPACE',''
  ) );
#8626 = ORIENTED_EDGE('',*,*,#8627,.F.);
#8627 = EDGE_CURVE('',#8581,#8605,#8628,.T.);
#8628 = SURFACE_CURVE('',#8629,(#8633,#8640),.PCURVE_S1.);
#8629 = LINE('',#8630,#8631);
#8630 = CARTESIAN_POINT('',(2.765,7.493623042064E-02,0.72));
#8631 = VECTOR('',#8632,1.);
#8632 = DIRECTION('',(2.804146475864E-32,1.,-1.065228634467E-16));
#8633 = PCURVE('',#3720,#8634);
#8634 = DEFINITIONAL_REPRESENTATION('',(#8635),#8639);
#8635 = LINE('',#8636,#8637);
#8636 = CARTESIAN_POINT('',(-1.274936230421,-9.55));
#8637 = VECTOR('',#8638,1.);
#8638 = DIRECTION('',(-1.,-2.736911063134E-48));
#8639 = ( GEOMETRIC_REPRESENTATION_CONTEXT(2) 
PARAMETRIC_REPRESENTATION_CONTEXT() REPRESENTATION_CONTEXT('2D SPACE',''
  ) );
#8640 = PCURVE('',#4135,#8641);
#8641 = DEFINITIONAL_REPRESENTATION('',(#8642),#8646);
#8642 = LINE('',#8643,#8644);
#8643 = CARTESIAN_POINT('',(1.874936230421,0.33));
#8644 = VECTOR('',#8645,1.);
#8645 = DIRECTION('',(1.,-1.224606353822E-16));
#8646 = ( GEOMETRIC_REPRESENTATION_CONTEXT(2) 
PARAMETRIC_REPRESENTATION_CONTEXT() REPRESENTATION_CONTEXT('2D SPACE',''
  ) );
#8647 = ADVANCED_FACE('',(#8648),#3636,.T.);
#8648 = FACE_BOUND('',#8649,.T.);
#8649 = EDGE_LOOP('',(#8650,#8673,#8694,#8695));
#8650 = ORIENTED_EDGE('',*,*,#8651,.F.);
#8651 = EDGE_CURVE('',#8652,#3593,#8654,.T.);
#8652 = VERTEX_POINT('',#8653);
#8653 = CARTESIAN_POINT('',(2.765,-0.6,0.33));
#8654 = SURFACE_CURVE('',#8655,(#8659,#8666),.PCURVE_S1.);
#8655 = LINE('',#8656,#8657);
#8656 = CARTESIAN_POINT('',(-0.5,-0.6,0.33));
#8657 = VECTOR('',#8658,1.);
#8658 = DIRECTION('',(-1.,5.243344273594E-32,2.289834988289E-16));
#8659 = PCURVE('',#3636,#8660);
#8660 = DEFINITIONAL_REPRESENTATION('',(#8661),#8665);
#8661 = LINE('',#8662,#8663);
#8662 = CARTESIAN_POINT('',(0.15745549758,18.120719514881));
#8663 = VECTOR('',#8664,1.);
#8664 = DIRECTION('',(0.,-1.));
#8665 = ( GEOMETRIC_REPRESENTATION_CONTEXT(2) 
PARAMETRIC_REPRESENTATION_CONTEXT() REPRESENTATION_CONTEXT('2D SPACE',''
  ) );
#8666 = PCURVE('',#3608,#8667);
#8667 = DEFINITIONAL_REPRESENTATION('',(#8668),#8672);
#8668 = LINE('',#8669,#8670);
#8669 = CARTESIAN_POINT('',(7.085,-3.701567745039E-31));
#8670 = VECTOR('',#8671,1.);
#8671 = DIRECTION('',(1.,-2.736911063134E-48));
#8672 = ( GEOMETRIC_REPRESENTATION_CONTEXT(2) 
PARAMETRIC_REPRESENTATION_CONTEXT() REPRESENTATION_CONTEXT('2D SPACE',''
  ) );
#8673 = ORIENTED_EDGE('',*,*,#8674,.F.);
#8674 = EDGE_CURVE('',#4724,#8652,#8675,.T.);
#8675 = SURFACE_CURVE('',#8676,(#8680,#8687),.PCURVE_S1.);
#8676 = LINE('',#8677,#8678);
#8677 = CARTESIAN_POINT('',(2.765,-0.6,0.402847335292));
#8678 = VECTOR('',#8679,1.);
#8679 = DIRECTION('',(-2.289834988289E-16,-1.065228634467E-16,-1.));
#8680 = PCURVE('',#3636,#8681);
#8681 = DEFINITIONAL_REPRESENTATION('',(#8682),#8686);
#8682 = LINE('',#8683,#8684);
#8683 = CARTESIAN_POINT('',(8.460816228835E-02,21.385719514881));
#8684 = VECTOR('',#8685,1.);
#8685 = DIRECTION('',(1.,0.));
#8686 = ( GEOMETRIC_REPRESENTATION_CONTEXT(2) 
PARAMETRIC_REPRESENTATION_CONTEXT() REPRESENTATION_CONTEXT('2D SPACE',''
  ) );
#8687 = PCURVE('',#4135,#8688);
#8688 = DEFINITIONAL_REPRESENTATION('',(#8689),#8693);
#8689 = LINE('',#8690,#8691);
#8690 = CARTESIAN_POINT('',(1.2,0.647152664708));
#8691 = VECTOR('',#8692,1.);
#8692 = DIRECTION('',(1.224606353822E-16,1.));
#8693 = ( GEOMETRIC_REPRESENTATION_CONTEXT(2) 
PARAMETRIC_REPRESENTATION_CONTEXT() REPRESENTATION_CONTEXT('2D SPACE',''
  ) );
#8694 = ORIENTED_EDGE('',*,*,#4723,.T.);
#8695 = ORIENTED_EDGE('',*,*,#3620,.T.);
#8696 = ADVANCED_FACE('',(#8697),#1287,.T.);
#8697 = FACE_BOUND('',#8698,.T.);
#8698 = EDGE_LOOP('',(#8699,#8700,#8701,#8702,#8723,#8724,#8745,#8746,
    #8747,#8748,#8771));
#8699 = ORIENTED_EDGE('',*,*,#4699,.T.);
#8700 = ORIENTED_EDGE('',*,*,#5870,.F.);
#8701 = ORIENTED_EDGE('',*,*,#1270,.T.);
#8702 = ORIENTED_EDGE('',*,*,#8703,.F.);
#8703 = EDGE_CURVE('',#5165,#1238,#8704,.T.);
#8704 = SURFACE_CURVE('',#8705,(#8709,#8716),.PCURVE_S1.);
#8705 = LINE('',#8706,#8707);
#8706 = CARTESIAN_POINT('',(-1.175,0.92,0.841614));
#8707 = VECTOR('',#8708,1.);
#8708 = DIRECTION('',(2.289834988289E-16,2.289834988289E-16,1.));
#8709 = PCURVE('',#1287,#8710);
#8710 = DEFINITIONAL_REPRESENTATION('',(#8711),#8715);
#8711 = LINE('',#8712,#8713);
#8712 = CARTESIAN_POINT('',(-0.325779075398,0.671113768985));
#8713 = VECTOR('',#8714,1.);
#8714 = DIRECTION('',(2.289834988289E-16,1.));
#8715 = ( GEOMETRIC_REPRESENTATION_CONTEXT(2) 
PARAMETRIC_REPRESENTATION_CONTEXT() REPRESENTATION_CONTEXT('2D SPACE',''
  ) );
#8716 = PCURVE('',#1258,#8717);
#8717 = DEFINITIONAL_REPRESENTATION('',(#8718),#8722);
#8718 = LINE('',#8719,#8720);
#8719 = CARTESIAN_POINT('',(0.841614,-0.15));
#8720 = VECTOR('',#8721,1.);
#8721 = DIRECTION('',(1.,0.));
#8722 = ( GEOMETRIC_REPRESENTATION_CONTEXT(2) 
PARAMETRIC_REPRESENTATION_CONTEXT() REPRESENTATION_CONTEXT('2D SPACE',''
  ) );
#8723 = ORIENTED_EDGE('',*,*,#5164,.F.);
#8724 = ORIENTED_EDGE('',*,*,#8725,.F.);
#8725 = EDGE_CURVE('',#3907,#5137,#8726,.T.);
#8726 = SURFACE_CURVE('',#8727,(#8731,#8738),.PCURVE_S1.);
#8727 = LINE('',#8728,#8729);
#8728 = CARTESIAN_POINT('',(-1.175,0.694863,-0.555137));
#8729 = VECTOR('',#8730,1.);
#8730 = DIRECTION('',(-1.619157848018E-16,-0.707106781187,
    -0.707106781186));
#8731 = PCURVE('',#1287,#8732);
#8732 = DEFINITIONAL_REPRESENTATION('',(#8733),#8737);
#8733 = LINE('',#8734,#8735);
#8734 = CARTESIAN_POINT('',(-0.550916075398,-0.725637231015));
#8735 = VECTOR('',#8736,1.);
#8736 = DIRECTION('',(-0.707106781187,-0.707106781186));
#8737 = ( GEOMETRIC_REPRESENTATION_CONTEXT(2) 
PARAMETRIC_REPRESENTATION_CONTEXT() REPRESENTATION_CONTEXT('2D SPACE',''
  ) );
#8738 = PCURVE('',#3945,#8739);
#8739 = DEFINITIONAL_REPRESENTATION('',(#8740),#8744);
#8740 = LINE('',#8741,#8742);
#8741 = CARTESIAN_POINT('',(0.855792952494,-0.15));
#8742 = VECTOR('',#8743,1.);
#8743 = DIRECTION('',(1.,-7.395570986447E-32));
#8744 = ( GEOMETRIC_REPRESENTATION_CONTEXT(2) 
PARAMETRIC_REPRESENTATION_CONTEXT() REPRESENTATION_CONTEXT('2D SPACE',''
  ) );
#8745 = ORIENTED_EDGE('',*,*,#3906,.F.);
#8746 = ORIENTED_EDGE('',*,*,#8444,.F.);
#8747 = ORIENTED_EDGE('',*,*,#4448,.F.);
#8748 = ORIENTED_EDGE('',*,*,#8749,.F.);
#8749 = EDGE_CURVE('',#8750,#4421,#8752,.T.);
#8750 = VERTEX_POINT('',#8751);
#8751 = CARTESIAN_POINT('',(-1.175,1.,0.31));
#8752 = SURFACE_CURVE('',#8753,(#8757,#8764),.PCURVE_S1.);
#8753 = LINE('',#8754,#8755);
#8754 = CARTESIAN_POINT('',(-1.175,0.694863,0.31));
#8755 = VECTOR('',#8756,1.);
#8756 = DIRECTION('',(2.804146475864E-32,1.,-1.065228634467E-16));
#8757 = PCURVE('',#1287,#8758);
#8758 = DEFINITIONAL_REPRESENTATION('',(#8759),#8763);
#8759 = LINE('',#8760,#8761);
#8760 = CARTESIAN_POINT('',(-0.550916075398,0.139499768985));
#8761 = VECTOR('',#8762,1.);
#8762 = DIRECTION('',(1.,-1.065228634467E-16));
#8763 = ( GEOMETRIC_REPRESENTATION_CONTEXT(2) 
PARAMETRIC_REPRESENTATION_CONTEXT() REPRESENTATION_CONTEXT('2D SPACE',''
  ) );
#8764 = PCURVE('',#530,#8765);
#8765 = DEFINITIONAL_REPRESENTATION('',(#8766),#8770);
#8766 = LINE('',#8767,#8768);
#8767 = CARTESIAN_POINT('',(2.525,0.978861317761));
#8768 = VECTOR('',#8769,1.);
#8769 = DIRECTION('',(-9.031806508344E-47,-1.));
#8770 = ( GEOMETRIC_REPRESENTATION_CONTEXT(2) 
PARAMETRIC_REPRESENTATION_CONTEXT() REPRESENTATION_CONTEXT('2D SPACE',''
  ) );
#8771 = ORIENTED_EDGE('',*,*,#8772,.T.);
#8772 = EDGE_CURVE('',#8750,#1596,#8773,.T.);
#8773 = SURFACE_CURVE('',#8774,(#8778,#8785),.PCURVE_S1.);
#8774 = LINE('',#8775,#8776);
#8775 = CARTESIAN_POINT('',(-1.175,1.,0.841614));
#8776 = VECTOR('',#8777,1.);
#8777 = DIRECTION('',(-2.289834988289E-16,-1.065228634467E-16,-1.));
#8778 = PCURVE('',#1287,#8779);
#8779 = DEFINITIONAL_REPRESENTATION('',(#8780),#8784);
#8780 = LINE('',#8781,#8782);
#8781 = CARTESIAN_POINT('',(-0.245779075398,0.671113768985));
#8782 = VECTOR('',#8783,1.);
#8783 = DIRECTION('',(-1.065228634467E-16,-1.));
#8784 = ( GEOMETRIC_REPRESENTATION_CONTEXT(2) 
PARAMETRIC_REPRESENTATION_CONTEXT() REPRESENTATION_CONTEXT('2D SPACE',''
  ) );
#8785 = PCURVE('',#1639,#8786);
#8786 = DEFINITIONAL_REPRESENTATION('',(#8787),#8791);
#8787 = LINE('',#8788,#8789);
#8788 = CARTESIAN_POINT('',(-0.531614,4.));
#8789 = VECTOR('',#8790,1.);
#8790 = DIRECTION('',(1.,0.));
#8791 = ( GEOMETRIC_REPRESENTATION_CONTEXT(2) 
PARAMETRIC_REPRESENTATION_CONTEXT() REPRESENTATION_CONTEXT('2D SPACE',''
  ) );
#8792 = ADVANCED_FACE('',(#8793),#8493,.T.);
#8793 = FACE_BOUND('',#8794,.T.);
#8794 = EDGE_LOOP('',(#8795,#8818,#8819,#8842,#8870,#8898));
#8795 = ORIENTED_EDGE('',*,*,#8796,.T.);
#8796 = EDGE_CURVE('',#8797,#8471,#8799,.T.);
#8797 = VERTEX_POINT('',#8798);
#8798 = CARTESIAN_POINT('',(2.4,0.92,8.E-02));
#8799 = SURFACE_CURVE('',#8800,(#8804,#8811),.PCURVE_S1.);
#8800 = LINE('',#8801,#8802);
#8801 = CARTESIAN_POINT('',(-13.5,0.92,8.E-02));
#8802 = VECTOR('',#8803,1.);
#8803 = DIRECTION('',(-1.,5.243344273594E-32,2.289834988289E-16));
#8804 = PCURVE('',#8493,#8805);
#8805 = DEFINITIONAL_REPRESENTATION('',(#8806),#8810);
#8806 = LINE('',#8807,#8808);
#8807 = CARTESIAN_POINT('',(8.E-02,15.6625));
#8808 = VECTOR('',#8809,1.);
#8809 = DIRECTION('',(2.080052407982E-46,1.));
#8810 = ( GEOMETRIC_REPRESENTATION_CONTEXT(2) 
PARAMETRIC_REPRESENTATION_CONTEXT() REPRESENTATION_CONTEXT('2D SPACE',''
  ) );
#8811 = PCURVE('',#8521,#8812);
#8812 = DEFINITIONAL_REPRESENTATION('',(#8813),#8817);
#8813 = LINE('',#8814,#8815);
#8814 = CARTESIAN_POINT('',(-1.749253556813E-18,15.6625));
#8815 = VECTOR('',#8816,1.);
#8816 = DIRECTION('',(-1.848892746612E-31,1.));
#8817 = ( GEOMETRIC_REPRESENTATION_CONTEXT(2) 
PARAMETRIC_REPRESENTATION_CONTEXT() REPRESENTATION_CONTEXT('2D SPACE',''
  ) );
#8818 = ORIENTED_EDGE('',*,*,#8470,.T.);
#8819 = ORIENTED_EDGE('',*,*,#8820,.T.);
#8820 = EDGE_CURVE('',#8473,#8821,#8823,.T.);
#8821 = VERTEX_POINT('',#8822);
#8822 = CARTESIAN_POINT('',(2.175,1.,8.E-02));
#8823 = SURFACE_CURVE('',#8824,(#8828,#8835),.PCURVE_S1.);
#8824 = LINE('',#8825,#8826);
#8825 = CARTESIAN_POINT('',(-13.5,1.,8.E-02));
#8826 = VECTOR('',#8827,1.);
#8827 = DIRECTION('',(1.,-5.243344273594E-32,-2.289834988289E-16));
#8828 = PCURVE('',#8493,#8829);
#8829 = DEFINITIONAL_REPRESENTATION('',(#8830),#8834);
#8830 = LINE('',#8831,#8832);
#8831 = CARTESIAN_POINT('',(8.198683773256E-31,15.6625));
#8832 = VECTOR('',#8833,1.);
#8833 = DIRECTION('',(-2.080052407982E-46,-1.));
#8834 = ( GEOMETRIC_REPRESENTATION_CONTEXT(2) 
PARAMETRIC_REPRESENTATION_CONTEXT() REPRESENTATION_CONTEXT('2D SPACE',''
  ) );
#8835 = PCURVE('',#4032,#8836);
#8836 = DEFINITIONAL_REPRESENTATION('',(#8837),#8841);
#8837 = LINE('',#8838,#8839);
#8838 = CARTESIAN_POINT('',(0.23,15.825));
#8839 = VECTOR('',#8840,1.);
#8840 = DIRECTION('',(0.,-1.));
#8841 = ( GEOMETRIC_REPRESENTATION_CONTEXT(2) 
PARAMETRIC_REPRESENTATION_CONTEXT() REPRESENTATION_CONTEXT('2D SPACE',''
  ) );
#8842 = ORIENTED_EDGE('',*,*,#8843,.T.);
#8843 = EDGE_CURVE('',#8821,#8844,#8846,.T.);
#8844 = VERTEX_POINT('',#8845);
#8845 = CARTESIAN_POINT('',(2.325,1.,8.E-02));
#8846 = SURFACE_CURVE('',#8847,(#8851,#8858),.PCURVE_S1.);
#8847 = LINE('',#8848,#8849);
#8848 = CARTESIAN_POINT('',(4.,1.,8.E-02));
#8849 = VECTOR('',#8850,1.);
#8850 = DIRECTION('',(1.,-5.243344273594E-32,-2.289834988289E-16));
#8851 = PCURVE('',#8493,#8852);
#8852 = DEFINITIONAL_REPRESENTATION('',(#8853),#8857);
#8853 = LINE('',#8854,#8855);
#8854 = CARTESIAN_POINT('',(-9.533353224717E-32,-1.8375));
#8855 = VECTOR('',#8856,1.);
#8856 = DIRECTION('',(-2.080052407982E-46,-1.));
#8857 = ( GEOMETRIC_REPRESENTATION_CONTEXT(2) 
PARAMETRIC_REPRESENTATION_CONTEXT() REPRESENTATION_CONTEXT('2D SPACE',''
  ) );
#8858 = PCURVE('',#8859,#8864);
#8859 = PLANE('',#8860);
#8860 = AXIS2_PLACEMENT_3D('',#8861,#8862,#8863);
#8861 = CARTESIAN_POINT('',(2.325,1.,7.866077735406E-02));
#8862 = DIRECTION('',(2.804146475864E-32,1.,-1.065228634467E-16));
#8863 = DIRECTION('',(-2.289834988289E-16,-1.065228634467E-16,-1.));
#8864 = DEFINITIONAL_REPRESENTATION('',(#8865),#8869);
#8865 = LINE('',#8866,#8867);
#8866 = CARTESIAN_POINT('',(-1.339222645935E-03,-1.675));
#8867 = VECTOR('',#8868,1.);
#8868 = DIRECTION('',(0.,-1.));
#8869 = ( GEOMETRIC_REPRESENTATION_CONTEXT(2) 
PARAMETRIC_REPRESENTATION_CONTEXT() REPRESENTATION_CONTEXT('2D SPACE',''
  ) );
#8870 = ORIENTED_EDGE('',*,*,#8871,.T.);
#8871 = EDGE_CURVE('',#8844,#8872,#8874,.T.);
#8872 = VERTEX_POINT('',#8873);
#8873 = CARTESIAN_POINT('',(2.4,1.,8.E-02));
#8874 = SURFACE_CURVE('',#8875,(#8879,#8886),.PCURVE_S1.);
#8875 = LINE('',#8876,#8877);
#8876 = CARTESIAN_POINT('',(-13.5,1.,8.E-02));
#8877 = VECTOR('',#8878,1.);
#8878 = DIRECTION('',(1.,-5.243344273594E-32,-2.289834988289E-16));
#8879 = PCURVE('',#8493,#8880);
#8880 = DEFINITIONAL_REPRESENTATION('',(#8881),#8885);
#8881 = LINE('',#8882,#8883);
#8882 = CARTESIAN_POINT('',(8.198683773256E-31,15.6625));
#8883 = VECTOR('',#8884,1.);
#8884 = DIRECTION('',(-2.080052407982E-46,-1.));
#8885 = ( GEOMETRIC_REPRESENTATION_CONTEXT(2) 
PARAMETRIC_REPRESENTATION_CONTEXT() REPRESENTATION_CONTEXT('2D SPACE',''
  ) );
#8886 = PCURVE('',#8887,#8892);
#8887 = PLANE('',#8888);
#8888 = AXIS2_PLACEMENT_3D('',#8889,#8890,#8891);
#8889 = CARTESIAN_POINT('',(2.325,1.,0.31));
#8890 = DIRECTION('',(2.804146475864E-32,1.,-1.065228634467E-16));
#8891 = DIRECTION('',(-2.289834988289E-16,-1.065228634467E-16,-1.));
#8892 = DEFINITIONAL_REPRESENTATION('',(#8893),#8897);
#8893 = LINE('',#8894,#8895);
#8894 = CARTESIAN_POINT('',(0.23,15.825));
#8895 = VECTOR('',#8896,1.);
#8896 = DIRECTION('',(0.,-1.));
#8897 = ( GEOMETRIC_REPRESENTATION_CONTEXT(2) 
PARAMETRIC_REPRESENTATION_CONTEXT() REPRESENTATION_CONTEXT('2D SPACE',''
  ) );
#8898 = ORIENTED_EDGE('',*,*,#8899,.F.);
#8899 = EDGE_CURVE('',#8797,#8872,#8900,.T.);
#8900 = SURFACE_CURVE('',#8901,(#8905,#8912),.PCURVE_S1.);
#8901 = LINE('',#8902,#8903);
#8902 = CARTESIAN_POINT('',(2.4,0.694863,8.E-02));
#8903 = VECTOR('',#8904,1.);
#8904 = DIRECTION('',(1.224606353822E-16,1.,-2.289834988289E-16));
#8905 = PCURVE('',#8493,#8906);
#8906 = DEFINITIONAL_REPRESENTATION('',(#8907),#8911);
#8907 = LINE('',#8908,#8909);
#8908 = CARTESIAN_POINT('',(0.305137,-0.2375));
#8909 = VECTOR('',#8910,1.);
#8910 = DIRECTION('',(-1.,-1.224606353822E-16));
#8911 = ( GEOMETRIC_REPRESENTATION_CONTEXT(2) 
PARAMETRIC_REPRESENTATION_CONTEXT() REPRESENTATION_CONTEXT('2D SPACE',''
  ) );
#8912 = PCURVE('',#8913,#8918);
#8913 = PLANE('',#8914);
#8914 = AXIS2_PLACEMENT_3D('',#8915,#8916,#8917);
#8915 = CARTESIAN_POINT('',(2.425,0.85,5.5E-02));
#8916 = DIRECTION('',(0.707106781187,7.532303909457E-17,0.707106781187)
  );
#8917 = DIRECTION('',(-0.707106781187,1.619157848018E-16,0.707106781187)
  );
#8918 = DEFINITIONAL_REPRESENTATION('',(#8919),#8923);
#8919 = LINE('',#8920,#8921);
#8920 = CARTESIAN_POINT('',(3.535533905933E-02,0.155137));
#8921 = VECTOR('',#8922,1.);
#8922 = DIRECTION('',(-8.65927457072E-17,-1.));
#8923 = ( GEOMETRIC_REPRESENTATION_CONTEXT(2) 
PARAMETRIC_REPRESENTATION_CONTEXT() REPRESENTATION_CONTEXT('2D SPACE',''
  ) );
#8924 = ADVANCED_FACE('',(#8925),#4135,.T.);
#8925 = FACE_BOUND('',#8926,.T.);
#8926 = EDGE_LOOP('',(#8927,#8950,#8951,#8972,#8973,#8974,#8997,#9018,
    #9019,#9042));
#8927 = ORIENTED_EDGE('',*,*,#8928,.F.);
#8928 = EDGE_CURVE('',#8581,#8929,#8931,.T.);
#8929 = VERTEX_POINT('',#8930);
#8930 = CARTESIAN_POINT('',(2.765,-1.78,0.893333333333));
#8931 = SURFACE_CURVE('',#8932,(#8936,#8943),.PCURVE_S1.);
#8932 = LINE('',#8933,#8934);
#8933 = CARTESIAN_POINT('',(2.765,-1.7412105,0.841614));
#8934 = VECTOR('',#8935,1.);
#8935 = DIRECTION('',(1.831867990632E-16,-0.6,0.8));
#8936 = PCURVE('',#4135,#8937);
#8937 = DEFINITIONAL_REPRESENTATION('',(#8938),#8942);
#8938 = LINE('',#8939,#8940);
#8939 = CARTESIAN_POINT('',(5.87895E-02,0.208386));
#8940 = VECTOR('',#8941,1.);
#8941 = DIRECTION('',(-0.6,-0.8));
#8942 = ( GEOMETRIC_REPRESENTATION_CONTEXT(2) 
PARAMETRIC_REPRESENTATION_CONTEXT() REPRESENTATION_CONTEXT('2D SPACE',''
  ) );
#8943 = PCURVE('',#3746,#8944);
#8944 = DEFINITIONAL_REPRESENTATION('',(#8945),#8949);
#8945 = LINE('',#8946,#8947);
#8946 = CARTESIAN_POINT('',(0.1520175,-4.02));
#8947 = VECTOR('',#8948,1.);
#8948 = DIRECTION('',(1.,2.465190328816E-32));
#8949 = ( GEOMETRIC_REPRESENTATION_CONTEXT(2) 
PARAMETRIC_REPRESENTATION_CONTEXT() REPRESENTATION_CONTEXT('2D SPACE',''
  ) );
#8950 = ORIENTED_EDGE('',*,*,#8627,.T.);
#8951 = ORIENTED_EDGE('',*,*,#8952,.F.);
#8952 = EDGE_CURVE('',#4747,#8605,#8953,.T.);
#8953 = SURFACE_CURVE('',#8954,(#8958,#8965),.PCURVE_S1.);
#8954 = LINE('',#8955,#8956);
#8955 = CARTESIAN_POINT('',(2.765,-0.7,0.69));
#8956 = VECTOR('',#8957,1.);
#8957 = DIRECTION('',(1.71256640256E-17,-0.997199309888,
    7.478994824163E-02));
#8958 = PCURVE('',#4135,#8959);
#8959 = DEFINITIONAL_REPRESENTATION('',(#8960),#8964);
#8960 = LINE('',#8961,#8962);
#8961 = CARTESIAN_POINT('',(1.1,0.36));
#8962 = VECTOR('',#8963,1.);
#8963 = DIRECTION('',(-0.997199309888,-7.478994824163E-02));
#8964 = ( GEOMETRIC_REPRESENTATION_CONTEXT(2) 
PARAMETRIC_REPRESENTATION_CONTEXT() REPRESENTATION_CONTEXT('2D SPACE',''
  ) );
#8965 = PCURVE('',#3692,#8966);
#8966 = DEFINITIONAL_REPRESENTATION('',(#8967),#8971);
#8967 = LINE('',#8968,#8969);
#8968 = CARTESIAN_POINT('',(-2.075838063709E-18,-4.));
#8969 = VECTOR('',#8970,1.);
#8970 = DIRECTION('',(1.,-9.244463733059E-33));
#8971 = ( GEOMETRIC_REPRESENTATION_CONTEXT(2) 
PARAMETRIC_REPRESENTATION_CONTEXT() REPRESENTATION_CONTEXT('2D SPACE',''
  ) );
#8972 = ORIENTED_EDGE('',*,*,#4746,.T.);
#8973 = ORIENTED_EDGE('',*,*,#8674,.T.);
#8974 = ORIENTED_EDGE('',*,*,#8975,.T.);
#8975 = EDGE_CURVE('',#8652,#8976,#8978,.T.);
#8976 = VERTEX_POINT('',#8977);
#8977 = CARTESIAN_POINT('',(2.765,-0.7,0.33));
#8978 = SURFACE_CURVE('',#8979,(#8983,#8990),.PCURVE_S1.);
#8979 = LINE('',#8980,#8981);
#8980 = CARTESIAN_POINT('',(2.765,0.694863,0.33));
#8981 = VECTOR('',#8982,1.);
#8982 = DIRECTION('',(-2.804146475864E-32,-1.,1.065228634467E-16));
#8983 = PCURVE('',#4135,#8984);
#8984 = DEFINITIONAL_REPRESENTATION('',(#8985),#8989);
#8985 = LINE('',#8986,#8987);
#8986 = CARTESIAN_POINT('',(2.494863,0.72));
#8987 = VECTOR('',#8988,1.);
#8988 = DIRECTION('',(-1.,1.224606353822E-16));
#8989 = ( GEOMETRIC_REPRESENTATION_CONTEXT(2) 
PARAMETRIC_REPRESENTATION_CONTEXT() REPRESENTATION_CONTEXT('2D SPACE',''
  ) );
#8990 = PCURVE('',#3608,#8991);
#8991 = DEFINITIONAL_REPRESENTATION('',(#8992),#8996);
#8992 = LINE('',#8993,#8994);
#8993 = CARTESIAN_POINT('',(3.82,1.294863));
#8994 = VECTOR('',#8995,1.);
#8995 = DIRECTION('',(9.031806508344E-47,-1.));
#8996 = ( GEOMETRIC_REPRESENTATION_CONTEXT(2) 
PARAMETRIC_REPRESENTATION_CONTEXT() REPRESENTATION_CONTEXT('2D SPACE',''
  ) );
#8997 = ORIENTED_EDGE('',*,*,#8998,.T.);
#8998 = EDGE_CURVE('',#8976,#4120,#8999,.T.);
#8999 = SURFACE_CURVE('',#9000,(#9004,#9011),.PCURVE_S1.);
#9000 = LINE('',#9001,#9002);
#9001 = CARTESIAN_POINT('',(2.765,0.694863,0.41369178));
#9002 = VECTOR('',#9003,1.);
#9003 = DIRECTION('',(-1.371434628377E-17,-0.998204845466,
    -5.989229072795E-02));
#9004 = PCURVE('',#4135,#9005);
#9005 = DEFINITIONAL_REPRESENTATION('',(#9006),#9010);
#9006 = LINE('',#9007,#9008);
#9007 = CARTESIAN_POINT('',(2.494863,0.63630822));
#9008 = VECTOR('',#9009,1.);
#9009 = DIRECTION('',(-0.998204845466,5.989229072795E-02));
#9010 = ( GEOMETRIC_REPRESENTATION_CONTEXT(2) 
PARAMETRIC_REPRESENTATION_CONTEXT() REPRESENTATION_CONTEXT('2D SPACE',''
  ) );
#9011 = PCURVE('',#3580,#9012);
#9012 = DEFINITIONAL_REPRESENTATION('',(#9013),#9017);
#9013 = LINE('',#9014,#9015);
#9014 = CARTESIAN_POINT('',(1.898270689235,-4.02));
#9015 = VECTOR('',#9016,1.);
#9016 = DIRECTION('',(-1.,4.622231866529E-33));
#9017 = ( GEOMETRIC_REPRESENTATION_CONTEXT(2) 
PARAMETRIC_REPRESENTATION_CONTEXT() REPRESENTATION_CONTEXT('2D SPACE',''
  ) );
#9018 = ORIENTED_EDGE('',*,*,#4119,.F.);
#9019 = ORIENTED_EDGE('',*,*,#9020,.F.);
#9020 = EDGE_CURVE('',#9021,#4097,#9023,.T.);
#9021 = VERTEX_POINT('',#9022);
#9022 = CARTESIAN_POINT('',(2.765,-1.78,0.188888888889));
#9023 = SURFACE_CURVE('',#9024,(#9028,#9035),.PCURVE_S1.);
#9024 = LINE('',#9025,#9026);
#9025 = CARTESIAN_POINT('',(2.765,0.694863,2.022120740741));
#9026 = VECTOR('',#9027,1.);
#9027 = DIRECTION('',(1.362972871417E-16,0.803557193345,0.595227550626)
  );
#9028 = PCURVE('',#4135,#9029);
#9029 = DEFINITIONAL_REPRESENTATION('',(#9030),#9034);
#9030 = LINE('',#9031,#9032);
#9031 = CARTESIAN_POINT('',(2.494863,-0.972120740741));
#9032 = VECTOR('',#9033,1.);
#9033 = DIRECTION('',(0.803557193345,-0.595227550626));
#9034 = ( GEOMETRIC_REPRESENTATION_CONTEXT(2) 
PARAMETRIC_REPRESENTATION_CONTEXT() REPRESENTATION_CONTEXT('2D SPACE',''
  ) );
#9035 = PCURVE('',#3524,#9036);
#9036 = DEFINITIONAL_REPRESENTATION('',(#9037),#9041);
#9037 = LINE('',#9038,#9039);
#9038 = CARTESIAN_POINT('',(2.893214097584,-4.));
#9039 = VECTOR('',#9040,1.);
#9040 = DIRECTION('',(1.,0.));
#9041 = ( GEOMETRIC_REPRESENTATION_CONTEXT(2) 
PARAMETRIC_REPRESENTATION_CONTEXT() REPRESENTATION_CONTEXT('2D SPACE',''
  ) );
#9042 = ORIENTED_EDGE('',*,*,#9043,.F.);
#9043 = EDGE_CURVE('',#8929,#9021,#9044,.T.);
#9044 = SURFACE_CURVE('',#9045,(#9049,#9056),.PCURVE_S1.);
#9045 = LINE('',#9046,#9047);
#9046 = CARTESIAN_POINT('',(2.765,-1.78,0.841614));
#9047 = VECTOR('',#9048,1.);
#9048 = DIRECTION('',(-2.289834988289E-16,-2.289834988289E-16,-1.));
#9049 = PCURVE('',#4135,#9050);
#9050 = DEFINITIONAL_REPRESENTATION('',(#9051),#9055);
#9051 = LINE('',#9052,#9053);
#9052 = CARTESIAN_POINT('',(2.E-02,0.208386));
#9053 = VECTOR('',#9054,1.);
#9054 = DIRECTION('',(0.,1.));
#9055 = ( GEOMETRIC_REPRESENTATION_CONTEXT(2) 
PARAMETRIC_REPRESENTATION_CONTEXT() REPRESENTATION_CONTEXT('2D SPACE',''
  ) );
#9056 = PCURVE('',#8143,#9057);
#9057 = DEFINITIONAL_REPRESENTATION('',(#9058),#9062);
#9058 = LINE('',#9059,#9060);
#9059 = CARTESIAN_POINT('',(-9.899494936612E-02,0.266614));
#9060 = VECTOR('',#9061,1.);
#9061 = DIRECTION('',(-2.465190328816E-32,-1.));
#9062 = ( GEOMETRIC_REPRESENTATION_CONTEXT(2) 
PARAMETRIC_REPRESENTATION_CONTEXT() REPRESENTATION_CONTEXT('2D SPACE',''
  ) );
#9063 = ADVANCED_FACE('',(#9064),#62,.T.);
#9064 = FACE_BOUND('',#9065,.T.);
#9065 = EDGE_LOOP('',(#9066,#9089,#9090,#9091,#9092,#9093,#9094,#9095,
    #9096,#9097,#9098,#9121,#9142,#9143,#9166,#9194,#9222,#9250,#9273,
    #9301));
#9066 = ORIENTED_EDGE('',*,*,#9067,.F.);
#9067 = EDGE_CURVE('',#832,#9068,#9070,.T.);
#9068 = VERTEX_POINT('',#9069);
#9069 = CARTESIAN_POINT('',(3.3,-2.E-02,1.));
#9070 = SURFACE_CURVE('',#9071,(#9075,#9082),.PCURVE_S1.);
#9071 = LINE('',#9072,#9073);
#9072 = CARTESIAN_POINT('',(4.5,-2.E-02,1.));
#9073 = VECTOR('',#9074,1.);
#9074 = DIRECTION('',(1.,-5.243344273594E-32,-2.289834988289E-16));
#9075 = PCURVE('',#62,#9076);
#9076 = DEFINITIONAL_REPRESENTATION('',(#9077),#9081);
#9077 = LINE('',#9078,#9079);
#9078 = CARTESIAN_POINT('',(-1.473867268294,46.176624388842));
#9079 = VECTOR('',#9080,1.);
#9080 = DIRECTION('',(-2.080052407982E-46,1.));
#9081 = ( GEOMETRIC_REPRESENTATION_CONTEXT(2) 
PARAMETRIC_REPRESENTATION_CONTEXT() REPRESENTATION_CONTEXT('2D SPACE',''
  ) );
#9082 = PCURVE('',#870,#9083);
#9083 = DEFINITIONAL_REPRESENTATION('',(#9084),#9088);
#9084 = LINE('',#9085,#9086);
#9085 = CARTESIAN_POINT('',(5.E-02,-2.8));
#9086 = VECTOR('',#9087,1.);
#9087 = DIRECTION('',(0.,1.));
#9088 = ( GEOMETRIC_REPRESENTATION_CONTEXT(2) 
PARAMETRIC_REPRESENTATION_CONTEXT() REPRESENTATION_CONTEXT('2D SPACE',''
  ) );
#9089 = ORIENTED_EDGE('',*,*,#831,.T.);
#9090 = ORIENTED_EDGE('',*,*,#39,.T.);
#9091 = ORIENTED_EDGE('',*,*,#1829,.T.);
#9092 = ORIENTED_EDGE('',*,*,#7484,.F.);
#9093 = ORIENTED_EDGE('',*,*,#6080,.T.);
#9094 = ORIENTED_EDGE('',*,*,#5919,.F.);
#9095 = ORIENTED_EDGE('',*,*,#4172,.T.);
#9096 = ORIENTED_EDGE('',*,*,#8004,.F.);
#9097 = ORIENTED_EDGE('',*,*,#5798,.T.);
#9098 = ORIENTED_EDGE('',*,*,#9099,.T.);
#9099 = EDGE_CURVE('',#5771,#9100,#9102,.T.);
#9100 = VERTEX_POINT('',#9101);
#9101 = CARTESIAN_POINT('',(2.785,-1.8,1.));
#9102 = SURFACE_CURVE('',#9103,(#9107,#9114),.PCURVE_S1.);
#9103 = LINE('',#9104,#9105);
#9104 = CARTESIAN_POINT('',(4.5,-1.8,1.));
#9105 = VECTOR('',#9106,1.);
#9106 = DIRECTION('',(1.,-5.243344273594E-32,-2.289834988289E-16));
#9107 = PCURVE('',#62,#9108);
#9108 = DEFINITIONAL_REPRESENTATION('',(#9109),#9113);
#9109 = LINE('',#9110,#9111);
#9110 = CARTESIAN_POINT('',(0.306132731706,46.176624388842));
#9111 = VECTOR('',#9112,1.);
#9112 = DIRECTION('',(-2.080052407982E-46,1.));
#9113 = ( GEOMETRIC_REPRESENTATION_CONTEXT(2) 
PARAMETRIC_REPRESENTATION_CONTEXT() REPRESENTATION_CONTEXT('2D SPACE',''
  ) );
#9114 = PCURVE('',#5786,#9115);
#9115 = DEFINITIONAL_REPRESENTATION('',(#9116),#9120);
#9116 = LINE('',#9117,#9118);
#9117 = CARTESIAN_POINT('',(8.E-02,-16.785));
#9118 = VECTOR('',#9119,1.);
#9119 = DIRECTION('',(0.,1.));
#9120 = ( GEOMETRIC_REPRESENTATION_CONTEXT(2) 
PARAMETRIC_REPRESENTATION_CONTEXT() REPRESENTATION_CONTEXT('2D SPACE',''
  ) );
#9121 = ORIENTED_EDGE('',*,*,#9122,.F.);
#9122 = EDGE_CURVE('',#8107,#9100,#9123,.T.);
#9123 = SURFACE_CURVE('',#9124,(#9128,#9135),.PCURVE_S1.);
#9124 = LINE('',#9125,#9126);
#9125 = CARTESIAN_POINT('',(0.290137,0.694863,1.));
#9126 = VECTOR('',#9127,1.);
#9127 = DIRECTION('',(-0.707106781187,0.707106781187,-7.149051953565E-31
    ));
#9128 = PCURVE('',#62,#9129);
#9129 = DEFINITIONAL_REPRESENTATION('',(#9130),#9134);
#9130 = LINE('',#9131,#9132);
#9131 = CARTESIAN_POINT('',(-2.188730268294,41.966761388842));
#9132 = VECTOR('',#9133,1.);
#9133 = DIRECTION('',(-0.707106781187,-0.707106781187));
#9134 = ( GEOMETRIC_REPRESENTATION_CONTEXT(2) 
PARAMETRIC_REPRESENTATION_CONTEXT() REPRESENTATION_CONTEXT('2D SPACE',''
  ) );
#9135 = PCURVE('',#8143,#9136);
#9136 = DEFINITIONAL_REPRESENTATION('',(#9137),#9141);
#9137 = LINE('',#9138,#9139);
#9138 = CARTESIAN_POINT('',(-3.598979768981,0.425));
#9139 = VECTOR('',#9140,1.);
#9140 = DIRECTION('',(-1.,-8.75811540203E-47));
#9141 = ( GEOMETRIC_REPRESENTATION_CONTEXT(2) 
PARAMETRIC_REPRESENTATION_CONTEXT() REPRESENTATION_CONTEXT('2D SPACE',''
  ) );
#9142 = ORIENTED_EDGE('',*,*,#8106,.T.);
#9143 = ORIENTED_EDGE('',*,*,#9144,.F.);
#9144 = EDGE_CURVE('',#9145,#8079,#9147,.T.);
#9145 = VERTEX_POINT('',#9146);
#9146 = CARTESIAN_POINT('',(3.1025,-1.75,1.));
#9147 = SURFACE_CURVE('',#9148,(#9152,#9159),.PCURVE_S1.);
#9148 = LINE('',#9149,#9150);
#9149 = CARTESIAN_POINT('',(5.547363,0.694863,1.));
#9150 = VECTOR('',#9151,1.);
#9151 = DIRECTION('',(-0.707106781187,-0.707106781187,3.238315696035E-16
    ));
#9152 = PCURVE('',#62,#9153);
#9153 = DEFINITIONAL_REPRESENTATION('',(#9154),#9158);
#9154 = LINE('',#9155,#9156);
#9155 = CARTESIAN_POINT('',(-2.188730268294,47.223987388842));
#9156 = VECTOR('',#9157,1.);
#9157 = DIRECTION('',(0.707106781187,-0.707106781187));
#9158 = ( GEOMETRIC_REPRESENTATION_CONTEXT(2) 
PARAMETRIC_REPRESENTATION_CONTEXT() REPRESENTATION_CONTEXT('2D SPACE',''
  ) );
#9159 = PCURVE('',#8094,#9160);
#9160 = DEFINITIONAL_REPRESENTATION('',(#9161),#9165);
#9161 = LINE('',#9162,#9163);
#9162 = CARTESIAN_POINT('',(3.563624429922,0.385));
#9163 = VECTOR('',#9164,1.);
#9164 = DIRECTION('',(-1.,-4.930380657631E-32));
#9165 = ( GEOMETRIC_REPRESENTATION_CONTEXT(2) 
PARAMETRIC_REPRESENTATION_CONTEXT() REPRESENTATION_CONTEXT('2D SPACE',''
  ) );
#9166 = ORIENTED_EDGE('',*,*,#9167,.T.);
#9167 = EDGE_CURVE('',#9145,#9168,#9170,.T.);
#9168 = VERTEX_POINT('',#9169);
#9169 = CARTESIAN_POINT('',(3.1025,-1.,1.));
#9170 = SURFACE_CURVE('',#9171,(#9175,#9182),.PCURVE_S1.);
#9171 = LINE('',#9172,#9173);
#9172 = CARTESIAN_POINT('',(3.1025,0.694863,1.));
#9173 = VECTOR('',#9174,1.);
#9174 = DIRECTION('',(0.,1.,-2.289834988289E-16));
#9175 = PCURVE('',#62,#9176);
#9176 = DEFINITIONAL_REPRESENTATION('',(#9177),#9181);
#9177 = LINE('',#9178,#9179);
#9178 = CARTESIAN_POINT('',(-2.188730268294,44.779124388842));
#9179 = VECTOR('',#9180,1.);
#9180 = DIRECTION('',(-1.,0.));
#9181 = ( GEOMETRIC_REPRESENTATION_CONTEXT(2) 
PARAMETRIC_REPRESENTATION_CONTEXT() REPRESENTATION_CONTEXT('2D SPACE',''
  ) );
#9182 = PCURVE('',#9183,#9188);
#9183 = PLANE('',#9184);
#9184 = AXIS2_PLACEMENT_3D('',#9185,#9186,#9187);
#9185 = CARTESIAN_POINT('',(3.1025,7.493623042064E-02,0.402847335292));
#9186 = DIRECTION('',(1.,-5.243344273594E-32,-2.289834988289E-16));
#9187 = DIRECTION('',(2.804146475864E-32,1.,-1.065228634467E-16));
#9188 = DEFINITIONAL_REPRESENTATION('',(#9189),#9193);
#9189 = LINE('',#9190,#9191);
#9190 = CARTESIAN_POINT('',(0.619926769579,0.597152664708));
#9191 = VECTOR('',#9192,1.);
#9192 = DIRECTION('',(1.,-1.224606353822E-16));
#9193 = ( GEOMETRIC_REPRESENTATION_CONTEXT(2) 
PARAMETRIC_REPRESENTATION_CONTEXT() REPRESENTATION_CONTEXT('2D SPACE',''
  ) );
#9194 = ORIENTED_EDGE('',*,*,#9195,.F.);
#9195 = EDGE_CURVE('',#9196,#9168,#9198,.T.);
#9196 = VERTEX_POINT('',#9197);
#9197 = CARTESIAN_POINT('',(3.5,-1.,1.));
#9198 = SURFACE_CURVE('',#9199,(#9203,#9210),.PCURVE_S1.);
#9199 = LINE('',#9200,#9201);
#9200 = CARTESIAN_POINT('',(-13.5,-1.,1.));
#9201 = VECTOR('',#9202,1.);
#9202 = DIRECTION('',(-1.,5.243344273594E-32,2.289834988289E-16));
#9203 = PCURVE('',#62,#9204);
#9204 = DEFINITIONAL_REPRESENTATION('',(#9205),#9209);
#9205 = LINE('',#9206,#9207);
#9206 = CARTESIAN_POINT('',(-0.493867268294,28.176624388842));
#9207 = VECTOR('',#9208,1.);
#9208 = DIRECTION('',(2.080052407982E-46,-1.));
#9209 = ( GEOMETRIC_REPRESENTATION_CONTEXT(2) 
PARAMETRIC_REPRESENTATION_CONTEXT() REPRESENTATION_CONTEXT('2D SPACE',''
  ) );
#9210 = PCURVE('',#9211,#9216);
#9211 = PLANE('',#9212);
#9212 = AXIS2_PLACEMENT_3D('',#9213,#9214,#9215);
#9213 = CARTESIAN_POINT('',(3.3,-1.,0.33));
#9214 = DIRECTION('',(2.804146475864E-32,1.,-1.065228634467E-16));
#9215 = DIRECTION('',(2.289834988289E-16,1.065228634467E-16,1.));
#9216 = DEFINITIONAL_REPRESENTATION('',(#9217),#9221);
#9217 = LINE('',#9218,#9219);
#9218 = CARTESIAN_POINT('',(0.67,-16.8));
#9219 = VECTOR('',#9220,1.);
#9220 = DIRECTION('',(0.,-1.));
#9221 = ( GEOMETRIC_REPRESENTATION_CONTEXT(2) 
PARAMETRIC_REPRESENTATION_CONTEXT() REPRESENTATION_CONTEXT('2D SPACE',''
  ) );
#9222 = ORIENTED_EDGE('',*,*,#9223,.T.);
#9223 = EDGE_CURVE('',#9196,#9224,#9226,.T.);
#9224 = VERTEX_POINT('',#9225);
#9225 = CARTESIAN_POINT('',(3.5,1.,1.));
#9226 = SURFACE_CURVE('',#9227,(#9231,#9238),.PCURVE_S1.);
#9227 = LINE('',#9228,#9229);
#9228 = CARTESIAN_POINT('',(3.5,0.694863,1.));
#9229 = VECTOR('',#9230,1.);
#9230 = DIRECTION('',(0.,1.,-2.289834988289E-16));
#9231 = PCURVE('',#62,#9232);
#9232 = DEFINITIONAL_REPRESENTATION('',(#9233),#9237);
#9233 = LINE('',#9234,#9235);
#9234 = CARTESIAN_POINT('',(-2.188730268294,45.176624388842));
#9235 = VECTOR('',#9236,1.);
#9236 = DIRECTION('',(-1.,0.));
#9237 = ( GEOMETRIC_REPRESENTATION_CONTEXT(2) 
PARAMETRIC_REPRESENTATION_CONTEXT() REPRESENTATION_CONTEXT('2D SPACE',''
  ) );
#9238 = PCURVE('',#9239,#9244);
#9239 = PLANE('',#9240);
#9240 = AXIS2_PLACEMENT_3D('',#9241,#9242,#9243);
#9241 = CARTESIAN_POINT('',(3.5,0.694863,0.841614));
#9242 = DIRECTION('',(1.,-5.243344273594E-32,-2.289834988289E-16));
#9243 = DIRECTION('',(2.804146475864E-32,1.,-1.065228634467E-16));
#9244 = DEFINITIONAL_REPRESENTATION('',(#9245),#9249);
#9245 = LINE('',#9246,#9247);
#9246 = CARTESIAN_POINT('',(-1.687173024987E-17,0.158386));
#9247 = VECTOR('',#9248,1.);
#9248 = DIRECTION('',(1.,-1.224606353822E-16));
#9249 = ( GEOMETRIC_REPRESENTATION_CONTEXT(2) 
PARAMETRIC_REPRESENTATION_CONTEXT() REPRESENTATION_CONTEXT('2D SPACE',''
  ) );
#9250 = ORIENTED_EDGE('',*,*,#9251,.F.);
#9251 = EDGE_CURVE('',#9252,#9224,#9254,.T.);
#9252 = VERTEX_POINT('',#9253);
#9253 = CARTESIAN_POINT('',(3.4,1.,1.));
#9254 = SURFACE_CURVE('',#9255,(#9259,#9266),.PCURVE_S1.);
#9255 = LINE('',#9256,#9257);
#9256 = CARTESIAN_POINT('',(-13.5,1.,1.));
#9257 = VECTOR('',#9258,1.);
#9258 = DIRECTION('',(1.,-5.243344273594E-32,-2.289834988289E-16));
#9259 = PCURVE('',#62,#9260);
#9260 = DEFINITIONAL_REPRESENTATION('',(#9261),#9265);
#9261 = LINE('',#9262,#9263);
#9262 = CARTESIAN_POINT('',(-2.493867268294,28.176624388842));
#9263 = VECTOR('',#9264,1.);
#9264 = DIRECTION('',(-2.080052407982E-46,1.));
#9265 = ( GEOMETRIC_REPRESENTATION_CONTEXT(2) 
PARAMETRIC_REPRESENTATION_CONTEXT() REPRESENTATION_CONTEXT('2D SPACE',''
  ) );
#9266 = PCURVE('',#8887,#9267);
#9267 = DEFINITIONAL_REPRESENTATION('',(#9268),#9272);
#9268 = LINE('',#9269,#9270);
#9269 = CARTESIAN_POINT('',(-0.69,15.825));
#9270 = VECTOR('',#9271,1.);
#9271 = DIRECTION('',(0.,-1.));
#9272 = ( GEOMETRIC_REPRESENTATION_CONTEXT(2) 
PARAMETRIC_REPRESENTATION_CONTEXT() REPRESENTATION_CONTEXT('2D SPACE',''
  ) );
#9273 = ORIENTED_EDGE('',*,*,#9274,.F.);
#9274 = EDGE_CURVE('',#9275,#9252,#9277,.T.);
#9275 = VERTEX_POINT('',#9276);
#9276 = CARTESIAN_POINT('',(3.3,0.9,1.));
#9277 = SURFACE_CURVE('',#9278,(#9282,#9289),.PCURVE_S1.);
#9278 = LINE('',#9279,#9280);
#9279 = CARTESIAN_POINT('',(-13.5,-15.9,1.));
#9280 = VECTOR('',#9281,1.);
#9281 = DIRECTION('',(0.707106781187,0.707106781187,-3.238315696035E-16)
  );
#9282 = PCURVE('',#62,#9283);
#9283 = DEFINITIONAL_REPRESENTATION('',(#9284),#9288);
#9284 = LINE('',#9285,#9286);
#9285 = CARTESIAN_POINT('',(14.406132731706,28.176624388842));
#9286 = VECTOR('',#9287,1.);
#9287 = DIRECTION('',(-0.707106781187,0.707106781187));
#9288 = ( GEOMETRIC_REPRESENTATION_CONTEXT(2) 
PARAMETRIC_REPRESENTATION_CONTEXT() REPRESENTATION_CONTEXT('2D SPACE',''
  ) );
#9289 = PCURVE('',#9290,#9295);
#9290 = PLANE('',#9291);
#9291 = AXIS2_PLACEMENT_3D('',#9292,#9293,#9294);
#9292 = CARTESIAN_POINT('',(3.35,0.95,0.675));
#9293 = DIRECTION('',(0.707106781187,-0.707106781187,-8.659274570719E-17
    ));
#9294 = DIRECTION('',(0.707106781187,0.707106781187,-4.335003812318E-16)
  );
#9295 = DEFINITIONAL_REPRESENTATION('',(#9296),#9300);
#9296 = LINE('',#9297,#9298);
#9297 = CARTESIAN_POINT('',(-23.82949852598,0.325));
#9298 = VECTOR('',#9299,1.);
#9299 = DIRECTION('',(1.,1.096688116283E-16));
#9300 = ( GEOMETRIC_REPRESENTATION_CONTEXT(2) 
PARAMETRIC_REPRESENTATION_CONTEXT() REPRESENTATION_CONTEXT('2D SPACE',''
  ) );
#9301 = ORIENTED_EDGE('',*,*,#9302,.F.);
#9302 = EDGE_CURVE('',#9068,#9275,#9303,.T.);
#9303 = SURFACE_CURVE('',#9304,(#9308,#9315),.PCURVE_S1.);
#9304 = LINE('',#9305,#9306);
#9305 = CARTESIAN_POINT('',(3.3,0.694863,1.));
#9306 = VECTOR('',#9307,1.);
#9307 = DIRECTION('',(0.,1.,-2.289834988289E-16));
#9308 = PCURVE('',#62,#9309);
#9309 = DEFINITIONAL_REPRESENTATION('',(#9310),#9314);
#9310 = LINE('',#9311,#9312);
#9311 = CARTESIAN_POINT('',(-2.188730268294,44.976624388842));
#9312 = VECTOR('',#9313,1.);
#9313 = DIRECTION('',(-1.,0.));
#9314 = ( GEOMETRIC_REPRESENTATION_CONTEXT(2) 
PARAMETRIC_REPRESENTATION_CONTEXT() REPRESENTATION_CONTEXT('2D SPACE',''
  ) );
#9315 = PCURVE('',#4583,#9316);
#9316 = DEFINITIONAL_REPRESENTATION('',(#9317),#9321);
#9317 = LINE('',#9318,#9319);
#9318 = CARTESIAN_POINT('',(-1.687173024987E-17,0.158386));
#9319 = VECTOR('',#9320,1.);
#9320 = DIRECTION('',(1.,-1.224606353822E-16));
#9321 = ( GEOMETRIC_REPRESENTATION_CONTEXT(2) 
PARAMETRIC_REPRESENTATION_CONTEXT() REPRESENTATION_CONTEXT('2D SPACE',''
  ) );
#9322 = ADVANCED_FACE('',(#9323),#667,.T.);
#9323 = FACE_BOUND('',#9324,.T.);
#9324 = EDGE_LOOP('',(#9325,#9326,#9327,#9328,#9329,#9330,#9331,#9332,
    #9333,#9334,#9335,#9356,#9357,#9358,#9381,#9402,#9403,#9426,#9454,
    #9477,#9505,#9533,#9561,#9589,#9617,#9645,#9673,#9701,#9729,#9757,
    #9785,#9806,#9807,#9830,#9858,#9886,#9914,#9935,#9936,#9957,#9958,
    #9981,#10004,#10027));
#9325 = ORIENTED_EDGE('',*,*,#8027,.T.);
#9326 = ORIENTED_EDGE('',*,*,#4300,.F.);
#9327 = ORIENTED_EDGE('',*,*,#1761,.F.);
#9328 = ORIENTED_EDGE('',*,*,#7560,.T.);
#9329 = ORIENTED_EDGE('',*,*,#7630,.F.);
#9330 = ORIENTED_EDGE('',*,*,#7677,.T.);
#9331 = ORIENTED_EDGE('',*,*,#2571,.T.);
#9332 = ORIENTED_EDGE('',*,*,#7762,.T.);
#9333 = ORIENTED_EDGE('',*,*,#7711,.F.);
#9334 = ORIENTED_EDGE('',*,*,#651,.T.);
#9335 = ORIENTED_EDGE('',*,*,#9336,.T.);
#9336 = EDGE_CURVE('',#624,#5487,#9337,.T.);
#9337 = SURFACE_CURVE('',#9338,(#9342,#9349),.PCURVE_S1.);
#9338 = LINE('',#9339,#9340);
#9339 = CARTESIAN_POINT('',(-17.,1.,3.E-02));
#9340 = VECTOR('',#9341,1.);
#9341 = DIRECTION('',(1.,-5.243344273594E-32,-2.289834988289E-16));
#9342 = PCURVE('',#667,#9343);
#9343 = DEFINITIONAL_REPRESENTATION('',(#9344),#9348);
#9344 = LINE('',#9345,#9346);
#9345 = CARTESIAN_POINT('',(-1.578464560183E-30,-30.1025));
#9346 = VECTOR('',#9347,1.);
#9347 = DIRECTION('',(-9.031806508344E-47,-1.));
#9348 = ( GEOMETRIC_REPRESENTATION_CONTEXT(2) 
PARAMETRIC_REPRESENTATION_CONTEXT() REPRESENTATION_CONTEXT('2D SPACE',''
  ) );
#9349 = PCURVE('',#639,#9350);
#9350 = DEFINITIONAL_REPRESENTATION('',(#9351),#9355);
#9351 = LINE('',#9352,#9353);
#9352 = CARTESIAN_POINT('',(0.28,19.325));
#9353 = VECTOR('',#9354,1.);
#9354 = DIRECTION('',(0.,-1.));
#9355 = ( GEOMETRIC_REPRESENTATION_CONTEXT(2) 
PARAMETRIC_REPRESENTATION_CONTEXT() REPRESENTATION_CONTEXT('2D SPACE',''
  ) );
#9356 = ORIENTED_EDGE('',*,*,#5486,.T.);
#9357 = ORIENTED_EDGE('',*,*,#1120,.F.);
#9358 = ORIENTED_EDGE('',*,*,#9359,.T.);
#9359 = EDGE_CURVE('',#1121,#9360,#9362,.T.);
#9360 = VERTEX_POINT('',#9361);
#9361 = CARTESIAN_POINT('',(-1.05,1.,3.E-02));
#9362 = SURFACE_CURVE('',#9363,(#9367,#9374),.PCURVE_S1.);
#9363 = LINE('',#9364,#9365);
#9364 = CARTESIAN_POINT('',(-1.05,0.694863,3.E-02));
#9365 = VECTOR('',#9366,1.);
#9366 = DIRECTION('',(1.932570076653E-32,1.,-1.065228634467E-16));
#9367 = PCURVE('',#667,#9368);
#9368 = DEFINITIONAL_REPRESENTATION('',(#9369),#9373);
#9369 = LINE('',#9370,#9371);
#9370 = CARTESIAN_POINT('',(0.305137,-46.0525));
#9371 = VECTOR('',#9372,1.);
#9372 = DIRECTION('',(-1.,8.715763992105E-33));
#9373 = ( GEOMETRIC_REPRESENTATION_CONTEXT(2) 
PARAMETRIC_REPRESENTATION_CONTEXT() REPRESENTATION_CONTEXT('2D SPACE',''
  ) );
#9374 = PCURVE('',#1220,#9375);
#9375 = DEFINITIONAL_REPRESENTATION('',(#9376),#9380);
#9376 = LINE('',#9377,#9378);
#9377 = CARTESIAN_POINT('',(3.535533905933E-02,0.155137));
#9378 = VECTOR('',#9379,1.);
#9379 = DIRECTION('',(6.984534836347E-16,-1.));
#9380 = ( GEOMETRIC_REPRESENTATION_CONTEXT(2) 
PARAMETRIC_REPRESENTATION_CONTEXT() REPRESENTATION_CONTEXT('2D SPACE',''
  ) );
#9381 = ORIENTED_EDGE('',*,*,#9382,.T.);
#9382 = EDGE_CURVE('',#9360,#4858,#9383,.T.);
#9383 = SURFACE_CURVE('',#9384,(#9388,#9395),.PCURVE_S1.);
#9384 = LINE('',#9385,#9386);
#9385 = CARTESIAN_POINT('',(-16.5,1.,3.E-02));
#9386 = VECTOR('',#9387,1.);
#9387 = DIRECTION('',(1.,-5.243344273594E-32,-2.289834988289E-16));
#9388 = PCURVE('',#667,#9389);
#9389 = DEFINITIONAL_REPRESENTATION('',(#9390),#9394);
#9390 = LINE('',#9391,#9392);
#9391 = CARTESIAN_POINT('',(-1.604681281551E-30,-30.6025));
#9392 = VECTOR('',#9393,1.);
#9393 = DIRECTION('',(-9.031806508344E-47,-1.));
#9394 = ( GEOMETRIC_REPRESENTATION_CONTEXT(2) 
PARAMETRIC_REPRESENTATION_CONTEXT() REPRESENTATION_CONTEXT('2D SPACE',''
  ) );
#9395 = PCURVE('',#1639,#9396);
#9396 = DEFINITIONAL_REPRESENTATION('',(#9397),#9401);
#9397 = LINE('',#9398,#9399);
#9398 = CARTESIAN_POINT('',(0.28,19.325));
#9399 = VECTOR('',#9400,1.);
#9400 = DIRECTION('',(0.,-1.));
#9401 = ( GEOMETRIC_REPRESENTATION_CONTEXT(2) 
PARAMETRIC_REPRESENTATION_CONTEXT() REPRESENTATION_CONTEXT('2D SPACE',''
  ) );
#9402 = ORIENTED_EDGE('',*,*,#4857,.T.);
#9403 = ORIENTED_EDGE('',*,*,#9404,.F.);
#9404 = EDGE_CURVE('',#9405,#4830,#9407,.T.);
#9405 = VERTEX_POINT('',#9406);
#9406 = CARTESIAN_POINT('',(-0.55,0.7,3.E-02));
#9407 = SURFACE_CURVE('',#9408,(#9412,#9419),.PCURVE_S1.);
#9408 = LINE('',#9409,#9410);
#9409 = CARTESIAN_POINT('',(2.,0.7,3.E-02));
#9410 = VECTOR('',#9411,1.);
#9411 = DIRECTION('',(-1.,5.243344273594E-32,2.289834988289E-16));
#9412 = PCURVE('',#667,#9413);
#9413 = DEFINITIONAL_REPRESENTATION('',(#9414),#9418);
#9414 = LINE('',#9415,#9416);
#9415 = CARTESIAN_POINT('',(0.3,-49.1025));
#9416 = VECTOR('',#9417,1.);
#9417 = DIRECTION('',(9.031806508344E-47,1.));
#9418 = ( GEOMETRIC_REPRESENTATION_CONTEXT(2) 
PARAMETRIC_REPRESENTATION_CONTEXT() REPRESENTATION_CONTEXT('2D SPACE',''
  ) );
#9419 = PCURVE('',#4845,#9420);
#9420 = DEFINITIONAL_REPRESENTATION('',(#9421),#9425);
#9421 = LINE('',#9422,#9423);
#9422 = CARTESIAN_POINT('',(0.225610283454,-2.8375));
#9423 = VECTOR('',#9424,1.);
#9424 = DIRECTION('',(-1.848892746612E-31,1.));
#9425 = ( GEOMETRIC_REPRESENTATION_CONTEXT(2) 
PARAMETRIC_REPRESENTATION_CONTEXT() REPRESENTATION_CONTEXT('2D SPACE',''
  ) );
#9426 = ORIENTED_EDGE('',*,*,#9427,.T.);
#9427 = EDGE_CURVE('',#9405,#9428,#9430,.T.);
#9428 = VERTEX_POINT('',#9429);
#9429 = CARTESIAN_POINT('',(-0.55,1.,3.E-02));
#9430 = SURFACE_CURVE('',#9431,(#9435,#9442),.PCURVE_S1.);
#9431 = LINE('',#9432,#9433);
#9432 = CARTESIAN_POINT('',(-0.55,0.694863,3.E-02));
#9433 = VECTOR('',#9434,1.);
#9434 = DIRECTION('',(1.932570076653E-32,1.,-1.065228634467E-16));
#9435 = PCURVE('',#667,#9436);
#9436 = DEFINITIONAL_REPRESENTATION('',(#9437),#9441);
#9437 = LINE('',#9438,#9439);
#9438 = CARTESIAN_POINT('',(0.305137,-46.5525));
#9439 = VECTOR('',#9440,1.);
#9440 = DIRECTION('',(-1.,8.715763992105E-33));
#9441 = ( GEOMETRIC_REPRESENTATION_CONTEXT(2) 
PARAMETRIC_REPRESENTATION_CONTEXT() REPRESENTATION_CONTEXT('2D SPACE',''
  ) );
#9442 = PCURVE('',#9443,#9448);
#9443 = PLANE('',#9444);
#9444 = AXIS2_PLACEMENT_3D('',#9445,#9446,#9447);
#9445 = CARTESIAN_POINT('',(-0.575,0.85,5.5E-02));
#9446 = DIRECTION('',(-0.707106781187,-7.532303909457E-17,
    -0.707106781187));
#9447 = DIRECTION('',(0.707106781187,6.231304445401E-16,-0.707106781187)
  );
#9448 = DEFINITIONAL_REPRESENTATION('',(#9449),#9453);
#9449 = LINE('',#9450,#9451);
#9450 = CARTESIAN_POINT('',(3.535533905933E-02,0.155137));
#9451 = VECTOR('',#9452,1.);
#9452 = DIRECTION('',(6.984534836347E-16,-1.));
#9453 = ( GEOMETRIC_REPRESENTATION_CONTEXT(2) 
PARAMETRIC_REPRESENTATION_CONTEXT() REPRESENTATION_CONTEXT('2D SPACE',''
  ) );
#9454 = ORIENTED_EDGE('',*,*,#9455,.T.);
#9455 = EDGE_CURVE('',#9428,#9456,#9458,.T.);
#9456 = VERTEX_POINT('',#9457);
#9457 = CARTESIAN_POINT('',(-0.45,1.,3.E-02));
#9458 = SURFACE_CURVE('',#9459,(#9463,#9470),.PCURVE_S1.);
#9459 = LINE('',#9460,#9461);
#9460 = CARTESIAN_POINT('',(-16.,1.,3.E-02));
#9461 = VECTOR('',#9462,1.);
#9462 = DIRECTION('',(1.,-5.243344273594E-32,-2.289834988289E-16));
#9463 = PCURVE('',#667,#9464);
#9464 = DEFINITIONAL_REPRESENTATION('',(#9465),#9469);
#9465 = LINE('',#9466,#9467);
#9466 = CARTESIAN_POINT('',(-1.630898002919E-30,-31.1025));
#9467 = VECTOR('',#9468,1.);
#9468 = DIRECTION('',(-9.031806508344E-47,-1.));
#9469 = ( GEOMETRIC_REPRESENTATION_CONTEXT(2) 
PARAMETRIC_REPRESENTATION_CONTEXT() REPRESENTATION_CONTEXT('2D SPACE',''
  ) );
#9470 = PCURVE('',#5732,#9471);
#9471 = DEFINITIONAL_REPRESENTATION('',(#9472),#9476);
#9472 = LINE('',#9473,#9474);
#9473 = CARTESIAN_POINT('',(0.28,19.325));
#9474 = VECTOR('',#9475,1.);
#9475 = DIRECTION('',(0.,-1.));
#9476 = ( GEOMETRIC_REPRESENTATION_CONTEXT(2) 
PARAMETRIC_REPRESENTATION_CONTEXT() REPRESENTATION_CONTEXT('2D SPACE',''
  ) );
#9477 = ORIENTED_EDGE('',*,*,#9478,.T.);
#9478 = EDGE_CURVE('',#9456,#9479,#9481,.T.);
#9479 = VERTEX_POINT('',#9480);
#9480 = CARTESIAN_POINT('',(-0.45,0.7,3.E-02));
#9481 = SURFACE_CURVE('',#9482,(#9486,#9493),.PCURVE_S1.);
#9482 = LINE('',#9483,#9484);
#9483 = CARTESIAN_POINT('',(-0.45,0.694863,3.E-02));
#9484 = VECTOR('',#9485,1.);
#9485 = DIRECTION('',(-3.675722875075E-32,-1.,1.065228634467E-16));
#9486 = PCURVE('',#667,#9487);
#9487 = DEFINITIONAL_REPRESENTATION('',(#9488),#9492);
#9488 = LINE('',#9489,#9490);
#9489 = CARTESIAN_POINT('',(0.305137,-46.6525));
#9490 = VECTOR('',#9491,1.);
#9491 = DIRECTION('',(1.,8.715763992105E-33));
#9492 = ( GEOMETRIC_REPRESENTATION_CONTEXT(2) 
PARAMETRIC_REPRESENTATION_CONTEXT() REPRESENTATION_CONTEXT('2D SPACE',''
  ) );
#9493 = PCURVE('',#9494,#9499);
#9494 = PLANE('',#9495);
#9495 = AXIS2_PLACEMENT_3D('',#9496,#9497,#9498);
#9496 = CARTESIAN_POINT('',(-0.425,0.85,5.5E-02));
#9497 = DIRECTION('',(0.707106781187,-7.532303909457E-17,-0.707106781187
    ));
#9498 = DIRECTION('',(-0.707106781187,6.231304445401E-16,-0.707106781187
    ));
#9499 = DEFINITIONAL_REPRESENTATION('',(#9500),#9504);
#9500 = LINE('',#9501,#9502);
#9501 = CARTESIAN_POINT('',(3.535533905933E-02,-0.155137));
#9502 = VECTOR('',#9503,1.);
#9503 = DIRECTION('',(-6.984534836347E-16,-1.));
#9504 = ( GEOMETRIC_REPRESENTATION_CONTEXT(2) 
PARAMETRIC_REPRESENTATION_CONTEXT() REPRESENTATION_CONTEXT('2D SPACE',''
  ) );
#9505 = ORIENTED_EDGE('',*,*,#9506,.F.);
#9506 = EDGE_CURVE('',#9507,#9479,#9509,.T.);
#9507 = VERTEX_POINT('',#9508);
#9508 = CARTESIAN_POINT('',(-5.E-02,0.7,3.E-02));
#9509 = SURFACE_CURVE('',#9510,(#9514,#9521),.PCURVE_S1.);
#9510 = LINE('',#9511,#9512);
#9511 = CARTESIAN_POINT('',(2.,0.7,3.E-02));
#9512 = VECTOR('',#9513,1.);
#9513 = DIRECTION('',(-1.,5.243344273594E-32,2.289834988289E-16));
#9514 = PCURVE('',#667,#9515);
#9515 = DEFINITIONAL_REPRESENTATION('',(#9516),#9520);
#9516 = LINE('',#9517,#9518);
#9517 = CARTESIAN_POINT('',(0.3,-49.1025));
#9518 = VECTOR('',#9519,1.);
#9519 = DIRECTION('',(9.031806508344E-47,1.));
#9520 = ( GEOMETRIC_REPRESENTATION_CONTEXT(2) 
PARAMETRIC_REPRESENTATION_CONTEXT() REPRESENTATION_CONTEXT('2D SPACE',''
  ) );
#9521 = PCURVE('',#9522,#9527);
#9522 = PLANE('',#9523);
#9523 = AXIS2_PLACEMENT_3D('',#9524,#9525,#9526);
#9524 = CARTESIAN_POINT('',(-0.3375,0.92,8.E-02));
#9525 = DIRECTION('',(-2.232893331422E-16,0.221621103589,-0.975132855791
    ));
#9526 = DIRECTION('',(-5.074757571413E-17,-0.975132855791,
    -0.221621103589));
#9527 = DEFINITIONAL_REPRESENTATION('',(#9528),#9532);
#9528 = LINE('',#9529,#9530);
#9529 = CARTESIAN_POINT('',(0.225610283454,-2.3375));
#9530 = VECTOR('',#9531,1.);
#9531 = DIRECTION('',(-1.848892746612E-31,1.));
#9532 = ( GEOMETRIC_REPRESENTATION_CONTEXT(2) 
PARAMETRIC_REPRESENTATION_CONTEXT() REPRESENTATION_CONTEXT('2D SPACE',''
  ) );
#9533 = ORIENTED_EDGE('',*,*,#9534,.T.);
#9534 = EDGE_CURVE('',#9507,#9535,#9537,.T.);
#9535 = VERTEX_POINT('',#9536);
#9536 = CARTESIAN_POINT('',(-5.E-02,1.,3.E-02));
#9537 = SURFACE_CURVE('',#9538,(#9542,#9549),.PCURVE_S1.);
#9538 = LINE('',#9539,#9540);
#9539 = CARTESIAN_POINT('',(-5.E-02,0.694863,3.E-02));
#9540 = VECTOR('',#9541,1.);
#9541 = DIRECTION('',(1.932570076653E-32,1.,-1.065228634467E-16));
#9542 = PCURVE('',#667,#9543);
#9543 = DEFINITIONAL_REPRESENTATION('',(#9544),#9548);
#9544 = LINE('',#9545,#9546);
#9545 = CARTESIAN_POINT('',(0.305137,-47.0525));
#9546 = VECTOR('',#9547,1.);
#9547 = DIRECTION('',(-1.,8.715763992105E-33));
#9548 = ( GEOMETRIC_REPRESENTATION_CONTEXT(2) 
PARAMETRIC_REPRESENTATION_CONTEXT() REPRESENTATION_CONTEXT('2D SPACE',''
  ) );
#9549 = PCURVE('',#9550,#9555);
#9550 = PLANE('',#9551);
#9551 = AXIS2_PLACEMENT_3D('',#9552,#9553,#9554);
#9552 = CARTESIAN_POINT('',(-7.5E-02,0.85,5.5E-02));
#9553 = DIRECTION('',(-0.707106781187,-7.532303909457E-17,
    -0.707106781187));
#9554 = DIRECTION('',(0.707106781187,6.231304445401E-16,-0.707106781187)
  );
#9555 = DEFINITIONAL_REPRESENTATION('',(#9556),#9560);
#9556 = LINE('',#9557,#9558);
#9557 = CARTESIAN_POINT('',(3.535533905933E-02,0.155137));
#9558 = VECTOR('',#9559,1.);
#9559 = DIRECTION('',(6.984534836347E-16,-1.));
#9560 = ( GEOMETRIC_REPRESENTATION_CONTEXT(2) 
PARAMETRIC_REPRESENTATION_CONTEXT() REPRESENTATION_CONTEXT('2D SPACE',''
  ) );
#9561 = ORIENTED_EDGE('',*,*,#9562,.T.);
#9562 = EDGE_CURVE('',#9535,#9563,#9565,.T.);
#9563 = VERTEX_POINT('',#9564);
#9564 = CARTESIAN_POINT('',(5.E-02,1.,3.E-02));
#9565 = SURFACE_CURVE('',#9566,(#9570,#9577),.PCURVE_S1.);
#9566 = LINE('',#9567,#9568);
#9567 = CARTESIAN_POINT('',(-15.5,1.,3.E-02));
#9568 = VECTOR('',#9569,1.);
#9569 = DIRECTION('',(1.,-5.243344273594E-32,-2.289834988289E-16));
#9570 = PCURVE('',#667,#9571);
#9571 = DEFINITIONAL_REPRESENTATION('',(#9572),#9576);
#9572 = LINE('',#9573,#9574);
#9573 = CARTESIAN_POINT('',(-1.657114724287E-30,-31.6025));
#9574 = VECTOR('',#9575,1.);
#9575 = DIRECTION('',(-9.031806508344E-47,-1.));
#9576 = ( GEOMETRIC_REPRESENTATION_CONTEXT(2) 
PARAMETRIC_REPRESENTATION_CONTEXT() REPRESENTATION_CONTEXT('2D SPACE',''
  ) );
#9577 = PCURVE('',#9578,#9583);
#9578 = PLANE('',#9579);
#9579 = AXIS2_PLACEMENT_3D('',#9580,#9581,#9582);
#9580 = CARTESIAN_POINT('',(3.825,1.,0.31));
#9581 = DIRECTION('',(2.804146475864E-32,1.,-1.065228634467E-16));
#9582 = DIRECTION('',(-2.289834988289E-16,-1.065228634467E-16,-1.));
#9583 = DEFINITIONAL_REPRESENTATION('',(#9584),#9588);
#9584 = LINE('',#9585,#9586);
#9585 = CARTESIAN_POINT('',(0.28,19.325));
#9586 = VECTOR('',#9587,1.);
#9587 = DIRECTION('',(0.,-1.));
#9588 = ( GEOMETRIC_REPRESENTATION_CONTEXT(2) 
PARAMETRIC_REPRESENTATION_CONTEXT() REPRESENTATION_CONTEXT('2D SPACE',''
  ) );
#9589 = ORIENTED_EDGE('',*,*,#9590,.T.);
#9590 = EDGE_CURVE('',#9563,#9591,#9593,.T.);
#9591 = VERTEX_POINT('',#9592);
#9592 = CARTESIAN_POINT('',(5.E-02,0.7,3.E-02));
#9593 = SURFACE_CURVE('',#9594,(#9598,#9605),.PCURVE_S1.);
#9594 = LINE('',#9595,#9596);
#9595 = CARTESIAN_POINT('',(5.E-02,0.694863,3.E-02));
#9596 = VECTOR('',#9597,1.);
#9597 = DIRECTION('',(-3.675722875075E-32,-1.,1.065228634467E-16));
#9598 = PCURVE('',#667,#9599);
#9599 = DEFINITIONAL_REPRESENTATION('',(#9600),#9604);
#9600 = LINE('',#9601,#9602);
#9601 = CARTESIAN_POINT('',(0.305137,-47.1525));
#9602 = VECTOR('',#9603,1.);
#9603 = DIRECTION('',(1.,8.715763992105E-33));
#9604 = ( GEOMETRIC_REPRESENTATION_CONTEXT(2) 
PARAMETRIC_REPRESENTATION_CONTEXT() REPRESENTATION_CONTEXT('2D SPACE',''
  ) );
#9605 = PCURVE('',#9606,#9611);
#9606 = PLANE('',#9607);
#9607 = AXIS2_PLACEMENT_3D('',#9608,#9609,#9610);
#9608 = CARTESIAN_POINT('',(7.5E-02,0.85,5.5E-02));
#9609 = DIRECTION('',(0.707106781187,-7.532303909457E-17,-0.707106781187
    ));
#9610 = DIRECTION('',(-0.707106781187,6.231304445401E-16,-0.707106781187
    ));
#9611 = DEFINITIONAL_REPRESENTATION('',(#9612),#9616);
#9612 = LINE('',#9613,#9614);
#9613 = CARTESIAN_POINT('',(3.535533905933E-02,-0.155137));
#9614 = VECTOR('',#9615,1.);
#9615 = DIRECTION('',(-6.984534836347E-16,-1.));
#9616 = ( GEOMETRIC_REPRESENTATION_CONTEXT(2) 
PARAMETRIC_REPRESENTATION_CONTEXT() REPRESENTATION_CONTEXT('2D SPACE',''
  ) );
#9617 = ORIENTED_EDGE('',*,*,#9618,.F.);
#9618 = EDGE_CURVE('',#9619,#9591,#9621,.T.);
#9619 = VERTEX_POINT('',#9620);
#9620 = CARTESIAN_POINT('',(0.45,0.7,3.E-02));
#9621 = SURFACE_CURVE('',#9622,(#9626,#9633),.PCURVE_S1.);
#9622 = LINE('',#9623,#9624);
#9623 = CARTESIAN_POINT('',(2.5,0.7,3.E-02));
#9624 = VECTOR('',#9625,1.);
#9625 = DIRECTION('',(-1.,5.243344273594E-32,2.289834988289E-16));
#9626 = PCURVE('',#667,#9627);
#9627 = DEFINITIONAL_REPRESENTATION('',(#9628),#9632);
#9628 = LINE('',#9629,#9630);
#9629 = CARTESIAN_POINT('',(0.3,-49.6025));
#9630 = VECTOR('',#9631,1.);
#9631 = DIRECTION('',(9.031806508344E-47,1.));
#9632 = ( GEOMETRIC_REPRESENTATION_CONTEXT(2) 
PARAMETRIC_REPRESENTATION_CONTEXT() REPRESENTATION_CONTEXT('2D SPACE',''
  ) );
#9633 = PCURVE('',#9634,#9639);
#9634 = PLANE('',#9635);
#9635 = AXIS2_PLACEMENT_3D('',#9636,#9637,#9638);
#9636 = CARTESIAN_POINT('',(0.1625,0.92,8.E-02));
#9637 = DIRECTION('',(-2.232893331422E-16,0.221621103589,-0.975132855791
    ));
#9638 = DIRECTION('',(-5.074757571413E-17,-0.975132855791,
    -0.221621103589));
#9639 = DEFINITIONAL_REPRESENTATION('',(#9640),#9644);
#9640 = LINE('',#9641,#9642);
#9641 = CARTESIAN_POINT('',(0.225610283454,-2.3375));
#9642 = VECTOR('',#9643,1.);
#9643 = DIRECTION('',(-1.848892746612E-31,1.));
#9644 = ( GEOMETRIC_REPRESENTATION_CONTEXT(2) 
PARAMETRIC_REPRESENTATION_CONTEXT() REPRESENTATION_CONTEXT('2D SPACE',''
  ) );
#9645 = ORIENTED_EDGE('',*,*,#9646,.T.);
#9646 = EDGE_CURVE('',#9619,#9647,#9649,.T.);
#9647 = VERTEX_POINT('',#9648);
#9648 = CARTESIAN_POINT('',(0.45,1.,3.E-02));
#9649 = SURFACE_CURVE('',#9650,(#9654,#9661),.PCURVE_S1.);
#9650 = LINE('',#9651,#9652);
#9651 = CARTESIAN_POINT('',(0.45,0.694863,3.E-02));
#9652 = VECTOR('',#9653,1.);
#9653 = DIRECTION('',(1.932570076653E-32,1.,-1.065228634467E-16));
#9654 = PCURVE('',#667,#9655);
#9655 = DEFINITIONAL_REPRESENTATION('',(#9656),#9660);
#9656 = LINE('',#9657,#9658);
#9657 = CARTESIAN_POINT('',(0.305137,-47.5525));
#9658 = VECTOR('',#9659,1.);
#9659 = DIRECTION('',(-1.,8.715763992105E-33));
#9660 = ( GEOMETRIC_REPRESENTATION_CONTEXT(2) 
PARAMETRIC_REPRESENTATION_CONTEXT() REPRESENTATION_CONTEXT('2D SPACE',''
  ) );
#9661 = PCURVE('',#9662,#9667);
#9662 = PLANE('',#9663);
#9663 = AXIS2_PLACEMENT_3D('',#9664,#9665,#9666);
#9664 = CARTESIAN_POINT('',(0.425,0.85,5.5E-02));
#9665 = DIRECTION('',(-0.707106781187,-7.532303909457E-17,
    -0.707106781187));
#9666 = DIRECTION('',(0.707106781187,6.231304445401E-16,-0.707106781187)
  );
#9667 = DEFINITIONAL_REPRESENTATION('',(#9668),#9672);
#9668 = LINE('',#9669,#9670);
#9669 = CARTESIAN_POINT('',(3.535533905933E-02,0.155137));
#9670 = VECTOR('',#9671,1.);
#9671 = DIRECTION('',(6.984534836347E-16,-1.));
#9672 = ( GEOMETRIC_REPRESENTATION_CONTEXT(2) 
PARAMETRIC_REPRESENTATION_CONTEXT() REPRESENTATION_CONTEXT('2D SPACE',''
  ) );
#9673 = ORIENTED_EDGE('',*,*,#9674,.T.);
#9674 = EDGE_CURVE('',#9647,#9675,#9677,.T.);
#9675 = VERTEX_POINT('',#9676);
#9676 = CARTESIAN_POINT('',(0.55,1.,3.E-02));
#9677 = SURFACE_CURVE('',#9678,(#9682,#9689),.PCURVE_S1.);
#9678 = LINE('',#9679,#9680);
#9679 = CARTESIAN_POINT('',(-15.,1.,3.E-02));
#9680 = VECTOR('',#9681,1.);
#9681 = DIRECTION('',(1.,-5.243344273594E-32,-2.289834988289E-16));
#9682 = PCURVE('',#667,#9683);
#9683 = DEFINITIONAL_REPRESENTATION('',(#9684),#9688);
#9684 = LINE('',#9685,#9686);
#9685 = CARTESIAN_POINT('',(-1.683331445655E-30,-32.1025));
#9686 = VECTOR('',#9687,1.);
#9687 = DIRECTION('',(-9.031806508344E-47,-1.));
#9688 = ( GEOMETRIC_REPRESENTATION_CONTEXT(2) 
PARAMETRIC_REPRESENTATION_CONTEXT() REPRESENTATION_CONTEXT('2D SPACE',''
  ) );
#9689 = PCURVE('',#9690,#9695);
#9690 = PLANE('',#9691);
#9691 = AXIS2_PLACEMENT_3D('',#9692,#9693,#9694);
#9692 = CARTESIAN_POINT('',(4.325,1.,0.31));
#9693 = DIRECTION('',(2.804146475864E-32,1.,-1.065228634467E-16));
#9694 = DIRECTION('',(-2.289834988289E-16,-1.065228634467E-16,-1.));
#9695 = DEFINITIONAL_REPRESENTATION('',(#9696),#9700);
#9696 = LINE('',#9697,#9698);
#9697 = CARTESIAN_POINT('',(0.28,19.325));
#9698 = VECTOR('',#9699,1.);
#9699 = DIRECTION('',(0.,-1.));
#9700 = ( GEOMETRIC_REPRESENTATION_CONTEXT(2) 
PARAMETRIC_REPRESENTATION_CONTEXT() REPRESENTATION_CONTEXT('2D SPACE',''
  ) );
#9701 = ORIENTED_EDGE('',*,*,#9702,.T.);
#9702 = EDGE_CURVE('',#9675,#9703,#9705,.T.);
#9703 = VERTEX_POINT('',#9704);
#9704 = CARTESIAN_POINT('',(0.55,0.7,3.E-02));
#9705 = SURFACE_CURVE('',#9706,(#9710,#9717),.PCURVE_S1.);
#9706 = LINE('',#9707,#9708);
#9707 = CARTESIAN_POINT('',(0.55,0.694863,3.E-02));
#9708 = VECTOR('',#9709,1.);
#9709 = DIRECTION('',(-3.675722875075E-32,-1.,1.065228634467E-16));
#9710 = PCURVE('',#667,#9711);
#9711 = DEFINITIONAL_REPRESENTATION('',(#9712),#9716);
#9712 = LINE('',#9713,#9714);
#9713 = CARTESIAN_POINT('',(0.305137,-47.6525));
#9714 = VECTOR('',#9715,1.);
#9715 = DIRECTION('',(1.,8.715763992105E-33));
#9716 = ( GEOMETRIC_REPRESENTATION_CONTEXT(2) 
PARAMETRIC_REPRESENTATION_CONTEXT() REPRESENTATION_CONTEXT('2D SPACE',''
  ) );
#9717 = PCURVE('',#9718,#9723);
#9718 = PLANE('',#9719);
#9719 = AXIS2_PLACEMENT_3D('',#9720,#9721,#9722);
#9720 = CARTESIAN_POINT('',(0.575,0.85,5.5E-02));
#9721 = DIRECTION('',(0.707106781187,-7.532303909457E-17,-0.707106781187
    ));
#9722 = DIRECTION('',(-0.707106781187,6.231304445401E-16,-0.707106781187
    ));
#9723 = DEFINITIONAL_REPRESENTATION('',(#9724),#9728);
#9724 = LINE('',#9725,#9726);
#9725 = CARTESIAN_POINT('',(3.535533905933E-02,-0.155137));
#9726 = VECTOR('',#9727,1.);
#9727 = DIRECTION('',(-6.984534836347E-16,-1.));
#9728 = ( GEOMETRIC_REPRESENTATION_CONTEXT(2) 
PARAMETRIC_REPRESENTATION_CONTEXT() REPRESENTATION_CONTEXT('2D SPACE',''
  ) );
#9729 = ORIENTED_EDGE('',*,*,#9730,.F.);
#9730 = EDGE_CURVE('',#9731,#9703,#9733,.T.);
#9731 = VERTEX_POINT('',#9732);
#9732 = CARTESIAN_POINT('',(0.95,0.7,3.E-02));
#9733 = SURFACE_CURVE('',#9734,(#9738,#9745),.PCURVE_S1.);
#9734 = LINE('',#9735,#9736);
#9735 = CARTESIAN_POINT('',(3.5,0.7,3.E-02));
#9736 = VECTOR('',#9737,1.);
#9737 = DIRECTION('',(-1.,5.243344273594E-32,2.289834988289E-16));
#9738 = PCURVE('',#667,#9739);
#9739 = DEFINITIONAL_REPRESENTATION('',(#9740),#9744);
#9740 = LINE('',#9741,#9742);
#9741 = CARTESIAN_POINT('',(0.3,-50.6025));
#9742 = VECTOR('',#9743,1.);
#9743 = DIRECTION('',(9.031806508344E-47,1.));
#9744 = ( GEOMETRIC_REPRESENTATION_CONTEXT(2) 
PARAMETRIC_REPRESENTATION_CONTEXT() REPRESENTATION_CONTEXT('2D SPACE',''
  ) );
#9745 = PCURVE('',#9746,#9751);
#9746 = PLANE('',#9747);
#9747 = AXIS2_PLACEMENT_3D('',#9748,#9749,#9750);
#9748 = CARTESIAN_POINT('',(0.6625,0.92,8.E-02));
#9749 = DIRECTION('',(-2.232893331422E-16,0.221621103589,-0.975132855791
    ));
#9750 = DIRECTION('',(-5.074757571413E-17,-0.975132855791,
    -0.221621103589));
#9751 = DEFINITIONAL_REPRESENTATION('',(#9752),#9756);
#9752 = LINE('',#9753,#9754);
#9753 = CARTESIAN_POINT('',(0.225610283454,-2.8375));
#9754 = VECTOR('',#9755,1.);
#9755 = DIRECTION('',(-1.848892746612E-31,1.));
#9756 = ( GEOMETRIC_REPRESENTATION_CONTEXT(2) 
PARAMETRIC_REPRESENTATION_CONTEXT() REPRESENTATION_CONTEXT('2D SPACE',''
  ) );
#9757 = ORIENTED_EDGE('',*,*,#9758,.T.);
#9758 = EDGE_CURVE('',#9731,#9759,#9761,.T.);
#9759 = VERTEX_POINT('',#9760);
#9760 = CARTESIAN_POINT('',(0.95,1.,3.E-02));
#9761 = SURFACE_CURVE('',#9762,(#9766,#9773),.PCURVE_S1.);
#9762 = LINE('',#9763,#9764);
#9763 = CARTESIAN_POINT('',(0.95,0.694863,3.E-02));
#9764 = VECTOR('',#9765,1.);
#9765 = DIRECTION('',(1.932570076653E-32,1.,-1.065228634467E-16));
#9766 = PCURVE('',#667,#9767);
#9767 = DEFINITIONAL_REPRESENTATION('',(#9768),#9772);
#9768 = LINE('',#9769,#9770);
#9769 = CARTESIAN_POINT('',(0.305137,-48.0525));
#9770 = VECTOR('',#9771,1.);
#9771 = DIRECTION('',(-1.,8.715763992105E-33));
#9772 = ( GEOMETRIC_REPRESENTATION_CONTEXT(2) 
PARAMETRIC_REPRESENTATION_CONTEXT() REPRESENTATION_CONTEXT('2D SPACE',''
  ) );
#9773 = PCURVE('',#9774,#9779);
#9774 = PLANE('',#9775);
#9775 = AXIS2_PLACEMENT_3D('',#9776,#9777,#9778);
#9776 = CARTESIAN_POINT('',(0.925,0.85,5.5E-02));
#9777 = DIRECTION('',(-0.707106781187,-7.532303909457E-17,
    -0.707106781187));
#9778 = DIRECTION('',(0.707106781187,6.231304445401E-16,-0.707106781187)
  );
#9779 = DEFINITIONAL_REPRESENTATION('',(#9780),#9784);
#9780 = LINE('',#9781,#9782);
#9781 = CARTESIAN_POINT('',(3.535533905933E-02,0.155137));
#9782 = VECTOR('',#9783,1.);
#9783 = DIRECTION('',(6.984534836347E-16,-1.));
#9784 = ( GEOMETRIC_REPRESENTATION_CONTEXT(2) 
PARAMETRIC_REPRESENTATION_CONTEXT() REPRESENTATION_CONTEXT('2D SPACE',''
  ) );
#9785 = ORIENTED_EDGE('',*,*,#9786,.T.);
#9786 = EDGE_CURVE('',#9759,#1497,#9787,.T.);
#9787 = SURFACE_CURVE('',#9788,(#9792,#9799),.PCURVE_S1.);
#9788 = LINE('',#9789,#9790);
#9789 = CARTESIAN_POINT('',(-14.5,1.,3.E-02));
#9790 = VECTOR('',#9791,1.);
#9791 = DIRECTION('',(1.,-5.243344273594E-32,-2.289834988289E-16));
#9792 = PCURVE('',#667,#9793);
#9793 = DEFINITIONAL_REPRESENTATION('',(#9794),#9798);
#9794 = LINE('',#9795,#9796);
#9795 = CARTESIAN_POINT('',(-1.709548167023E-30,-32.6025));
#9796 = VECTOR('',#9797,1.);
#9797 = DIRECTION('',(-9.031806508344E-47,-1.));
#9798 = ( GEOMETRIC_REPRESENTATION_CONTEXT(2) 
PARAMETRIC_REPRESENTATION_CONTEXT() REPRESENTATION_CONTEXT('2D SPACE',''
  ) );
#9799 = PCURVE('',#1533,#9800);
#9800 = DEFINITIONAL_REPRESENTATION('',(#9801),#9805);
#9801 = LINE('',#9802,#9803);
#9802 = CARTESIAN_POINT('',(0.28,19.325));
#9803 = VECTOR('',#9804,1.);
#9804 = DIRECTION('',(0.,-1.));
#9805 = ( GEOMETRIC_REPRESENTATION_CONTEXT(2) 
PARAMETRIC_REPRESENTATION_CONTEXT() REPRESENTATION_CONTEXT('2D SPACE',''
  ) );
#9806 = ORIENTED_EDGE('',*,*,#1496,.T.);
#9807 = ORIENTED_EDGE('',*,*,#9808,.F.);
#9808 = EDGE_CURVE('',#9809,#1469,#9811,.T.);
#9809 = VERTEX_POINT('',#9810);
#9810 = CARTESIAN_POINT('',(1.45,0.7,3.E-02));
#9811 = SURFACE_CURVE('',#9812,(#9816,#9823),.PCURVE_S1.);
#9812 = LINE('',#9813,#9814);
#9813 = CARTESIAN_POINT('',(4.,0.7,3.E-02));
#9814 = VECTOR('',#9815,1.);
#9815 = DIRECTION('',(-1.,5.243344273594E-32,2.289834988289E-16));
#9816 = PCURVE('',#667,#9817);
#9817 = DEFINITIONAL_REPRESENTATION('',(#9818),#9822);
#9818 = LINE('',#9819,#9820);
#9819 = CARTESIAN_POINT('',(0.3,-51.1025));
#9820 = VECTOR('',#9821,1.);
#9821 = DIRECTION('',(9.031806508344E-47,1.));
#9822 = ( GEOMETRIC_REPRESENTATION_CONTEXT(2) 
PARAMETRIC_REPRESENTATION_CONTEXT() REPRESENTATION_CONTEXT('2D SPACE',''
  ) );
#9823 = PCURVE('',#1484,#9824);
#9824 = DEFINITIONAL_REPRESENTATION('',(#9825),#9829);
#9825 = LINE('',#9826,#9827);
#9826 = CARTESIAN_POINT('',(0.225610283454,-2.8375));
#9827 = VECTOR('',#9828,1.);
#9828 = DIRECTION('',(-1.848892746612E-31,1.));
#9829 = ( GEOMETRIC_REPRESENTATION_CONTEXT(2) 
PARAMETRIC_REPRESENTATION_CONTEXT() REPRESENTATION_CONTEXT('2D SPACE',''
  ) );
#9830 = ORIENTED_EDGE('',*,*,#9831,.T.);
#9831 = EDGE_CURVE('',#9809,#9832,#9834,.T.);
#9832 = VERTEX_POINT('',#9833);
#9833 = CARTESIAN_POINT('',(1.45,1.,3.E-02));
#9834 = SURFACE_CURVE('',#9835,(#9839,#9846),.PCURVE_S1.);
#9835 = LINE('',#9836,#9837);
#9836 = CARTESIAN_POINT('',(1.45,0.694863,3.E-02));
#9837 = VECTOR('',#9838,1.);
#9838 = DIRECTION('',(1.932570076653E-32,1.,-1.065228634467E-16));
#9839 = PCURVE('',#667,#9840);
#9840 = DEFINITIONAL_REPRESENTATION('',(#9841),#9845);
#9841 = LINE('',#9842,#9843);
#9842 = CARTESIAN_POINT('',(0.305137,-48.5525));
#9843 = VECTOR('',#9844,1.);
#9844 = DIRECTION('',(-1.,8.715763992105E-33));
#9845 = ( GEOMETRIC_REPRESENTATION_CONTEXT(2) 
PARAMETRIC_REPRESENTATION_CONTEXT() REPRESENTATION_CONTEXT('2D SPACE',''
  ) );
#9846 = PCURVE('',#9847,#9852);
#9847 = PLANE('',#9848);
#9848 = AXIS2_PLACEMENT_3D('',#9849,#9850,#9851);
#9849 = CARTESIAN_POINT('',(1.425,0.85,5.5E-02));
#9850 = DIRECTION('',(-0.707106781187,-7.532303909457E-17,
    -0.707106781187));
#9851 = DIRECTION('',(0.707106781187,6.231304445401E-16,-0.707106781187)
  );
#9852 = DEFINITIONAL_REPRESENTATION('',(#9853),#9857);
#9853 = LINE('',#9854,#9855);
#9854 = CARTESIAN_POINT('',(3.535533905933E-02,0.155137));
#9855 = VECTOR('',#9856,1.);
#9856 = DIRECTION('',(6.984534836347E-16,-1.));
#9857 = ( GEOMETRIC_REPRESENTATION_CONTEXT(2) 
PARAMETRIC_REPRESENTATION_CONTEXT() REPRESENTATION_CONTEXT('2D SPACE',''
  ) );
#9858 = ORIENTED_EDGE('',*,*,#9859,.T.);
#9859 = EDGE_CURVE('',#9832,#9860,#9862,.T.);
#9860 = VERTEX_POINT('',#9861);
#9861 = CARTESIAN_POINT('',(1.55,1.,3.E-02));
#9862 = SURFACE_CURVE('',#9863,(#9867,#9874),.PCURVE_S1.);
#9863 = LINE('',#9864,#9865);
#9864 = CARTESIAN_POINT('',(-14.,1.,3.E-02));
#9865 = VECTOR('',#9866,1.);
#9866 = DIRECTION('',(1.,-5.243344273594E-32,-2.289834988289E-16));
#9867 = PCURVE('',#667,#9868);
#9868 = DEFINITIONAL_REPRESENTATION('',(#9869),#9873);
#9869 = LINE('',#9870,#9871);
#9870 = CARTESIAN_POINT('',(-1.735764888391E-30,-33.1025));
#9871 = VECTOR('',#9872,1.);
#9872 = DIRECTION('',(-9.031806508344E-47,-1.));
#9873 = ( GEOMETRIC_REPRESENTATION_CONTEXT(2) 
PARAMETRIC_REPRESENTATION_CONTEXT() REPRESENTATION_CONTEXT('2D SPACE',''
  ) );
#9874 = PCURVE('',#9875,#9880);
#9875 = PLANE('',#9876);
#9876 = AXIS2_PLACEMENT_3D('',#9877,#9878,#9879);
#9877 = CARTESIAN_POINT('',(5.325,1.,0.31));
#9878 = DIRECTION('',(2.804146475864E-32,1.,-1.065228634467E-16));
#9879 = DIRECTION('',(-2.289834988289E-16,-1.065228634467E-16,-1.));
#9880 = DEFINITIONAL_REPRESENTATION('',(#9881),#9885);
#9881 = LINE('',#9882,#9883);
#9882 = CARTESIAN_POINT('',(0.28,19.325));
#9883 = VECTOR('',#9884,1.);
#9884 = DIRECTION('',(0.,-1.));
#9885 = ( GEOMETRIC_REPRESENTATION_CONTEXT(2) 
PARAMETRIC_REPRESENTATION_CONTEXT() REPRESENTATION_CONTEXT('2D SPACE',''
  ) );
#9886 = ORIENTED_EDGE('',*,*,#9887,.T.);
#9887 = EDGE_CURVE('',#9860,#9888,#9890,.T.);
#9888 = VERTEX_POINT('',#9889);
#9889 = CARTESIAN_POINT('',(1.55,0.7,3.E-02));
#9890 = SURFACE_CURVE('',#9891,(#9895,#9902),.PCURVE_S1.);
#9891 = LINE('',#9892,#9893);
#9892 = CARTESIAN_POINT('',(1.55,0.694863,3.E-02));
#9893 = VECTOR('',#9894,1.);
#9894 = DIRECTION('',(-3.675722875075E-32,-1.,1.065228634467E-16));
#9895 = PCURVE('',#667,#9896);
#9896 = DEFINITIONAL_REPRESENTATION('',(#9897),#9901);
#9897 = LINE('',#9898,#9899);
#9898 = CARTESIAN_POINT('',(0.305137,-48.6525));
#9899 = VECTOR('',#9900,1.);
#9900 = DIRECTION('',(1.,8.715763992105E-33));
#9901 = ( GEOMETRIC_REPRESENTATION_CONTEXT(2) 
PARAMETRIC_REPRESENTATION_CONTEXT() REPRESENTATION_CONTEXT('2D SPACE',''
  ) );
#9902 = PCURVE('',#9903,#9908);
#9903 = PLANE('',#9904);
#9904 = AXIS2_PLACEMENT_3D('',#9905,#9906,#9907);
#9905 = CARTESIAN_POINT('',(1.575,0.85,5.5E-02));
#9906 = DIRECTION('',(0.707106781187,-7.532303909457E-17,-0.707106781187
    ));
#9907 = DIRECTION('',(-0.707106781187,6.231304445401E-16,-0.707106781187
    ));
#9908 = DEFINITIONAL_REPRESENTATION('',(#9909),#9913);
#9909 = LINE('',#9910,#9911);
#9910 = CARTESIAN_POINT('',(3.535533905933E-02,-0.155137));
#9911 = VECTOR('',#9912,1.);
#9912 = DIRECTION('',(-6.984534836347E-16,-1.));
#9913 = ( GEOMETRIC_REPRESENTATION_CONTEXT(2) 
PARAMETRIC_REPRESENTATION_CONTEXT() REPRESENTATION_CONTEXT('2D SPACE',''
  ) );
#9914 = ORIENTED_EDGE('',*,*,#9915,.F.);
#9915 = EDGE_CURVE('',#4045,#9888,#9916,.T.);
#9916 = SURFACE_CURVE('',#9917,(#9921,#9928),.PCURVE_S1.);
#9917 = LINE('',#9918,#9919);
#9918 = CARTESIAN_POINT('',(4.5,0.7,3.E-02));
#9919 = VECTOR('',#9920,1.);
#9920 = DIRECTION('',(-1.,5.243344273594E-32,2.289834988289E-16));
#9921 = PCURVE('',#667,#9922);
#9922 = DEFINITIONAL_REPRESENTATION('',(#9923),#9927);
#9923 = LINE('',#9924,#9925);
#9924 = CARTESIAN_POINT('',(0.3,-51.6025));
#9925 = VECTOR('',#9926,1.);
#9926 = DIRECTION('',(9.031806508344E-47,1.));
#9927 = ( GEOMETRIC_REPRESENTATION_CONTEXT(2) 
PARAMETRIC_REPRESENTATION_CONTEXT() REPRESENTATION_CONTEXT('2D SPACE',''
  ) );
#9928 = PCURVE('',#4081,#9929);
#9929 = DEFINITIONAL_REPRESENTATION('',(#9930),#9934);
#9930 = LINE('',#9931,#9932);
#9931 = CARTESIAN_POINT('',(0.225610283454,-2.8375));
#9932 = VECTOR('',#9933,1.);
#9933 = DIRECTION('',(-1.848892746612E-31,1.));
#9934 = ( GEOMETRIC_REPRESENTATION_CONTEXT(2) 
PARAMETRIC_REPRESENTATION_CONTEXT() REPRESENTATION_CONTEXT('2D SPACE',''
  ) );
#9935 = ORIENTED_EDGE('',*,*,#4044,.T.);
#9936 = ORIENTED_EDGE('',*,*,#9937,.T.);
#9937 = EDGE_CURVE('',#4017,#8534,#9938,.T.);
#9938 = SURFACE_CURVE('',#9939,(#9943,#9950),.PCURVE_S1.);
#9939 = LINE('',#9940,#9941);
#9940 = CARTESIAN_POINT('',(-13.5,1.,3.E-02));
#9941 = VECTOR('',#9942,1.);
#9942 = DIRECTION('',(1.,-5.243344273594E-32,-2.289834988289E-16));
#9943 = PCURVE('',#667,#9944);
#9944 = DEFINITIONAL_REPRESENTATION('',(#9945),#9949);
#9945 = LINE('',#9946,#9947);
#9946 = CARTESIAN_POINT('',(-9.992007221626E-16,-33.6025));
#9947 = VECTOR('',#9948,1.);
#9948 = DIRECTION('',(-9.031806508344E-47,-1.));
#9949 = ( GEOMETRIC_REPRESENTATION_CONTEXT(2) 
PARAMETRIC_REPRESENTATION_CONTEXT() REPRESENTATION_CONTEXT('2D SPACE',''
  ) );
#9950 = PCURVE('',#4032,#9951);
#9951 = DEFINITIONAL_REPRESENTATION('',(#9952),#9956);
#9952 = LINE('',#9953,#9954);
#9953 = CARTESIAN_POINT('',(0.28,15.825));
#9954 = VECTOR('',#9955,1.);
#9955 = DIRECTION('',(0.,-1.));
#9956 = ( GEOMETRIC_REPRESENTATION_CONTEXT(2) 
PARAMETRIC_REPRESENTATION_CONTEXT() REPRESENTATION_CONTEXT('2D SPACE',''
  ) );
#9957 = ORIENTED_EDGE('',*,*,#8533,.T.);
#9958 = ORIENTED_EDGE('',*,*,#9959,.T.);
#9959 = EDGE_CURVE('',#8506,#9960,#9962,.T.);
#9960 = VERTEX_POINT('',#9961);
#9961 = CARTESIAN_POINT('',(2.45,0.7,3.E-02));
#9962 = SURFACE_CURVE('',#9963,(#9967,#9974),.PCURVE_S1.);
#9963 = LINE('',#9964,#9965);
#9964 = CARTESIAN_POINT('',(-13.5,0.7,3.E-02));
#9965 = VECTOR('',#9966,1.);
#9966 = DIRECTION('',(1.,-5.243344273594E-32,-2.289834988289E-16));
#9967 = PCURVE('',#667,#9968);
#9968 = DEFINITIONAL_REPRESENTATION('',(#9969),#9973);
#9969 = LINE('',#9970,#9971);
#9970 = CARTESIAN_POINT('',(0.3,-33.6025));
#9971 = VECTOR('',#9972,1.);
#9972 = DIRECTION('',(-9.031806508344E-47,-1.));
#9973 = ( GEOMETRIC_REPRESENTATION_CONTEXT(2) 
PARAMETRIC_REPRESENTATION_CONTEXT() REPRESENTATION_CONTEXT('2D SPACE',''
  ) );
#9974 = PCURVE('',#8521,#9975);
#9975 = DEFINITIONAL_REPRESENTATION('',(#9976),#9980);
#9976 = LINE('',#9977,#9978);
#9977 = CARTESIAN_POINT('',(0.225610283454,15.6625));
#9978 = VECTOR('',#9979,1.);
#9979 = DIRECTION('',(1.848892746612E-31,-1.));
#9980 = ( GEOMETRIC_REPRESENTATION_CONTEXT(2) 
PARAMETRIC_REPRESENTATION_CONTEXT() REPRESENTATION_CONTEXT('2D SPACE',''
  ) );
#9981 = ORIENTED_EDGE('',*,*,#9982,.F.);
#9982 = EDGE_CURVE('',#9983,#9960,#9985,.T.);
#9983 = VERTEX_POINT('',#9984);
#9984 = CARTESIAN_POINT('',(2.45,1.,3.E-02));
#9985 = SURFACE_CURVE('',#9986,(#9990,#9997),.PCURVE_S1.);
#9986 = LINE('',#9987,#9988);
#9987 = CARTESIAN_POINT('',(2.45,0.694863,3.E-02));
#9988 = VECTOR('',#9989,1.);
#9989 = DIRECTION('',(-1.932570076653E-32,-1.,1.065228634467E-16));
#9990 = PCURVE('',#667,#9991);
#9991 = DEFINITIONAL_REPRESENTATION('',(#9992),#9996);
#9992 = LINE('',#9993,#9994);
#9993 = CARTESIAN_POINT('',(0.305137,-49.5525));
#9994 = VECTOR('',#9995,1.);
#9995 = DIRECTION('',(1.,-8.715763992105E-33));
#9996 = ( GEOMETRIC_REPRESENTATION_CONTEXT(2) 
PARAMETRIC_REPRESENTATION_CONTEXT() REPRESENTATION_CONTEXT('2D SPACE',''
  ) );
#9997 = PCURVE('',#8913,#9998);
#9998 = DEFINITIONAL_REPRESENTATION('',(#9999),#10003);
#9999 = LINE('',#10000,#10001);
#10000 = CARTESIAN_POINT('',(-3.535533905933E-02,0.155137));
#10001 = VECTOR('',#10002,1.);
#10002 = DIRECTION('',(-8.659274570719E-17,1.));
#10003 = ( GEOMETRIC_REPRESENTATION_CONTEXT(2) 
PARAMETRIC_REPRESENTATION_CONTEXT() REPRESENTATION_CONTEXT('2D SPACE',''
  ) );
#10004 = ORIENTED_EDGE('',*,*,#10005,.T.);
#10005 = EDGE_CURVE('',#9983,#10006,#10008,.T.);
#10006 = VERTEX_POINT('',#10007);
#10007 = CARTESIAN_POINT('',(2.9525,1.,3.E-02));
#10008 = SURFACE_CURVE('',#10009,(#10013,#10020),.PCURVE_S1.);
#10009 = LINE('',#10010,#10011);
#10010 = CARTESIAN_POINT('',(-13.5,1.,3.E-02));
#10011 = VECTOR('',#10012,1.);
#10012 = DIRECTION('',(1.,-5.243344273594E-32,-2.289834988289E-16));
#10013 = PCURVE('',#667,#10014);
#10014 = DEFINITIONAL_REPRESENTATION('',(#10015),#10019);
#10015 = LINE('',#10016,#10017);
#10016 = CARTESIAN_POINT('',(-1.761981609759E-30,-33.6025));
#10017 = VECTOR('',#10018,1.);
#10018 = DIRECTION('',(-9.031806508344E-47,-1.));
#10019 = ( GEOMETRIC_REPRESENTATION_CONTEXT(2) 
PARAMETRIC_REPRESENTATION_CONTEXT() REPRESENTATION_CONTEXT('2D SPACE',''
  ) );
#10020 = PCURVE('',#8887,#10021);
#10021 = DEFINITIONAL_REPRESENTATION('',(#10022),#10026);
#10022 = LINE('',#10023,#10024);
#10023 = CARTESIAN_POINT('',(0.28,15.825));
#10024 = VECTOR('',#10025,1.);
#10025 = DIRECTION('',(0.,-1.));
#10026 = ( GEOMETRIC_REPRESENTATION_CONTEXT(2) 
PARAMETRIC_REPRESENTATION_CONTEXT() REPRESENTATION_CONTEXT('2D SPACE',''
  ) );
#10027 = ORIENTED_EDGE('',*,*,#10028,.T.);
#10028 = EDGE_CURVE('',#10006,#8028,#10029,.T.);
#10029 = SURFACE_CURVE('',#10030,(#10034,#10041),.PCURVE_S1.);
#10030 = LINE('',#10031,#10032);
#10031 = CARTESIAN_POINT('',(2.9525,0.694863,3.E-02));
#10032 = VECTOR('',#10033,1.);
#10033 = DIRECTION('',(-2.804146475864E-32,-1.,1.065228634467E-16));
#10034 = PCURVE('',#667,#10035);
#10035 = DEFINITIONAL_REPRESENTATION('',(#10036),#10040);
#10036 = LINE('',#10037,#10038);
#10037 = CARTESIAN_POINT('',(0.305137,-50.055));
#10038 = VECTOR('',#10039,1.);
#10039 = DIRECTION('',(1.,2.736911063134E-48));
#10040 = ( GEOMETRIC_REPRESENTATION_CONTEXT(2) 
PARAMETRIC_REPRESENTATION_CONTEXT() REPRESENTATION_CONTEXT('2D SPACE',''
  ) );
#10041 = PCURVE('',#8066,#10042);
#10042 = DEFINITIONAL_REPRESENTATION('',(#10043),#10047);
#10043 = LINE('',#10044,#10045);
#10044 = CARTESIAN_POINT('',(-1.757982754052E-16,2.594863));
#10045 = VECTOR('',#10046,1.);
#10046 = DIRECTION('',(0.,-1.));
#10047 = ( GEOMETRIC_REPRESENTATION_CONTEXT(2) 
PARAMETRIC_REPRESENTATION_CONTEXT() REPRESENTATION_CONTEXT('2D SPACE',''
  ) );
#10048 = ADVANCED_FACE('',(#10049),#5655,.F.);
#10049 = FACE_BOUND('',#10050,.F.);
#10050 = EDGE_LOOP('',(#10051,#10077,#10098,#10099));
#10051 = ORIENTED_EDGE('',*,*,#10052,.T.);
#10052 = EDGE_CURVE('',#10053,#10055,#10057,.T.);
#10053 = VERTEX_POINT('',#10054);
#10054 = CARTESIAN_POINT('',(-0.825,1.35,0.16));
#10055 = VERTEX_POINT('',#10056);
#10056 = CARTESIAN_POINT('',(-0.825,1.3,0.11));
#10057 = SURFACE_CURVE('',#10058,(#10063,#10070),.PCURVE_S1.);
#10058 = CIRCLE('',#10059,5.E-02);
#10059 = AXIS2_PLACEMENT_3D('',#10060,#10061,#10062);
#10060 = CARTESIAN_POINT('',(-0.825,1.35,0.11));
#10061 = DIRECTION('',(1.,-5.243344273594E-32,-2.289834988289E-16));
#10062 = DIRECTION('',(-2.080052407982E-46,1.,-2.289834988289E-16));
#10063 = PCURVE('',#5655,#10064);
#10064 = DEFINITIONAL_REPRESENTATION('',(#10065),#10069);
#10065 = LINE('',#10066,#10067);
#10066 = CARTESIAN_POINT('',(-2.22044604925E-16,0.));
#10067 = VECTOR('',#10068,1.);
#10068 = DIRECTION('',(1.,0.));
#10069 = ( GEOMETRIC_REPRESENTATION_CONTEXT(2) 
PARAMETRIC_REPRESENTATION_CONTEXT() REPRESENTATION_CONTEXT('2D SPACE',''
  ) );
#10070 = PCURVE('',#815,#10071);
#10071 = DEFINITIONAL_REPRESENTATION('',(#10072),#10076);
#10072 = CIRCLE('',#10073,5.E-02);
#10073 = AXIS2_PLACEMENT_2D('',#10074,#10075);
#10074 = CARTESIAN_POINT('',(0.104220924602,-6.050023101547E-02));
#10075 = DIRECTION('',(1.,-2.289834988289E-16));
#10076 = ( GEOMETRIC_REPRESENTATION_CONTEXT(2) 
PARAMETRIC_REPRESENTATION_CONTEXT() REPRESENTATION_CONTEXT('2D SPACE',''
  ) );
#10077 = ORIENTED_EDGE('',*,*,#10078,.T.);
#10078 = EDGE_CURVE('',#10055,#5611,#10079,.T.);
#10079 = SURFACE_CURVE('',#10080,(#10084,#10091),.PCURVE_S1.);
#10080 = LINE('',#10081,#10082);
#10081 = CARTESIAN_POINT('',(-0.825,1.3,0.11));
#10082 = VECTOR('',#10083,1.);
#10083 = DIRECTION('',(1.,-5.243344273594E-32,-2.289834988289E-16));
#10084 = PCURVE('',#5655,#10085);
#10085 = DEFINITIONAL_REPRESENTATION('',(#10086),#10090);
#10086 = LINE('',#10087,#10088);
#10087 = CARTESIAN_POINT('',(3.14159265359,0.));
#10088 = VECTOR('',#10089,1.);
#10089 = DIRECTION('',(0.,1.));
#10090 = ( GEOMETRIC_REPRESENTATION_CONTEXT(2) 
PARAMETRIC_REPRESENTATION_CONTEXT() REPRESENTATION_CONTEXT('2D SPACE',''
  ) );
#10091 = PCURVE('',#5626,#10092);
#10092 = DEFINITIONAL_REPRESENTATION('',(#10093),#10097);
#10093 = LINE('',#10094,#10095);
#10094 = CARTESIAN_POINT('',(-0.,0.));
#10095 = VECTOR('',#10096,1.);
#10096 = DIRECTION('',(0.,-1.));
#10097 = ( GEOMETRIC_REPRESENTATION_CONTEXT(2) 
PARAMETRIC_REPRESENTATION_CONTEXT() REPRESENTATION_CONTEXT('2D SPACE',''
  ) );
#10098 = ORIENTED_EDGE('',*,*,#5638,.F.);
#10099 = ORIENTED_EDGE('',*,*,#10100,.F.);
#10100 = EDGE_CURVE('',#10053,#5639,#10101,.T.);
#10101 = SURFACE_CURVE('',#10102,(#10106,#10113),.PCURVE_S1.);
#10102 = LINE('',#10103,#10104);
#10103 = CARTESIAN_POINT('',(-0.825,1.35,0.16));
#10104 = VECTOR('',#10105,1.);
#10105 = DIRECTION('',(1.,-5.243344273594E-32,-2.289834988289E-16));
#10106 = PCURVE('',#5655,#10107);
#10107 = DEFINITIONAL_REPRESENTATION('',(#10108),#10112);
#10108 = LINE('',#10109,#10110);
#10109 = CARTESIAN_POINT('',(1.570796326795,0.));
#10110 = VECTOR('',#10111,1.);
#10111 = DIRECTION('',(0.,1.));
#10112 = ( GEOMETRIC_REPRESENTATION_CONTEXT(2) 
PARAMETRIC_REPRESENTATION_CONTEXT() REPRESENTATION_CONTEXT('2D SPACE',''
  ) );
#10113 = PCURVE('',#5683,#10114);
#10114 = DEFINITIONAL_REPRESENTATION('',(#10115),#10119);
#10115 = LINE('',#10116,#10117);
#10116 = CARTESIAN_POINT('',(0.15,-3.434752482434E-17));
#10117 = VECTOR('',#10118,1.);
#10118 = DIRECTION('',(0.,-1.));
#10119 = ( GEOMETRIC_REPRESENTATION_CONTEXT(2) 
PARAMETRIC_REPRESENTATION_CONTEXT() REPRESENTATION_CONTEXT('2D SPACE',''
  ) );
#10120 = ADVANCED_FACE('',(#10121),#5626,.T.);
#10121 = FACE_BOUND('',#10122,.T.);
#10122 = EDGE_LOOP('',(#10123,#10124,#10125,#10126));
#10123 = ORIENTED_EDGE('',*,*,#10078,.T.);
#10124 = ORIENTED_EDGE('',*,*,#5610,.T.);
#10125 = ORIENTED_EDGE('',*,*,#7787,.F.);
#10126 = ORIENTED_EDGE('',*,*,#10127,.F.);
#10127 = EDGE_CURVE('',#10055,#7788,#10128,.T.);
#10128 = SURFACE_CURVE('',#10129,(#10133,#10140),.PCURVE_S1.);
#10129 = LINE('',#10130,#10131);
#10130 = CARTESIAN_POINT('',(-0.825,1.3,0.11));
#10131 = VECTOR('',#10132,1.);
#10132 = DIRECTION('',(-2.289834988289E-16,-2.289834988289E-16,-1.));
#10133 = PCURVE('',#5626,#10134);
#10134 = DEFINITIONAL_REPRESENTATION('',(#10135),#10139);
#10135 = LINE('',#10136,#10137);
#10136 = CARTESIAN_POINT('',(-0.,0.));
#10137 = VECTOR('',#10138,1.);
#10138 = DIRECTION('',(1.,0.));
#10139 = ( GEOMETRIC_REPRESENTATION_CONTEXT(2) 
PARAMETRIC_REPRESENTATION_CONTEXT() REPRESENTATION_CONTEXT('2D SPACE',''
  ) );
#10140 = PCURVE('',#815,#10141);
#10141 = DEFINITIONAL_REPRESENTATION('',(#10142),#10146);
#10142 = LINE('',#10143,#10144);
#10143 = CARTESIAN_POINT('',(5.422092460224E-02,-6.050023101547E-02));
#10144 = VECTOR('',#10145,1.);
#10145 = DIRECTION('',(-2.289834988289E-16,-1.));
#10146 = ( GEOMETRIC_REPRESENTATION_CONTEXT(2) 
PARAMETRIC_REPRESENTATION_CONTEXT() REPRESENTATION_CONTEXT('2D SPACE',''
  ) );
#10147 = ADVANCED_FACE('',(#10148),#5683,.T.);
#10148 = FACE_BOUND('',#10149,.T.);
#10149 = EDGE_LOOP('',(#10150,#10173,#10174,#10175));
#10150 = ORIENTED_EDGE('',*,*,#10151,.T.);
#10151 = EDGE_CURVE('',#10152,#5668,#10154,.T.);
#10152 = VERTEX_POINT('',#10153);
#10153 = CARTESIAN_POINT('',(-0.825,1.35,0.31));
#10154 = SURFACE_CURVE('',#10155,(#10159,#10166),.PCURVE_S1.);
#10155 = LINE('',#10156,#10157);
#10156 = CARTESIAN_POINT('',(2.,1.35,0.31));
#10157 = VECTOR('',#10158,1.);
#10158 = DIRECTION('',(1.,-5.243344273594E-32,-2.289834988289E-16));
#10159 = PCURVE('',#5683,#10160);
#10160 = DEFINITIONAL_REPRESENTATION('',(#10161),#10165);
#10161 = LINE('',#10162,#10163);
#10162 = CARTESIAN_POINT('',(2.350723782296E-15,-2.825));
#10163 = VECTOR('',#10164,1.);
#10164 = DIRECTION('',(0.,-1.));
#10165 = ( GEOMETRIC_REPRESENTATION_CONTEXT(2) 
PARAMETRIC_REPRESENTATION_CONTEXT() REPRESENTATION_CONTEXT('2D SPACE',''
  ) );
#10166 = PCURVE('',#530,#10167);
#10167 = DEFINITIONAL_REPRESENTATION('',(#10168),#10172);
#10168 = LINE('',#10169,#10170);
#10169 = CARTESIAN_POINT('',(-0.65,0.323724317761));
#10170 = VECTOR('',#10171,1.);
#10171 = DIRECTION('',(-1.,-2.736911063134E-48));
#10172 = ( GEOMETRIC_REPRESENTATION_CONTEXT(2) 
PARAMETRIC_REPRESENTATION_CONTEXT() REPRESENTATION_CONTEXT('2D SPACE',''
  ) );
#10173 = ORIENTED_EDGE('',*,*,#5667,.T.);
#10174 = ORIENTED_EDGE('',*,*,#10100,.F.);
#10175 = ORIENTED_EDGE('',*,*,#10176,.T.);
#10176 = EDGE_CURVE('',#10053,#10152,#10177,.T.);
#10177 = SURFACE_CURVE('',#10178,(#10182,#10189),.PCURVE_S1.);
#10178 = LINE('',#10179,#10180);
#10179 = CARTESIAN_POINT('',(-0.825,1.35,0.31));
#10180 = VECTOR('',#10181,1.);
#10181 = DIRECTION('',(2.289834988289E-16,2.289834988289E-16,1.));
#10182 = PCURVE('',#5683,#10183);
#10183 = DEFINITIONAL_REPRESENTATION('',(#10184),#10188);
#10184 = LINE('',#10185,#10186);
#10185 = CARTESIAN_POINT('',(-0.,0.));
#10186 = VECTOR('',#10187,1.);
#10187 = DIRECTION('',(-1.,0.));
#10188 = ( GEOMETRIC_REPRESENTATION_CONTEXT(2) 
PARAMETRIC_REPRESENTATION_CONTEXT() REPRESENTATION_CONTEXT('2D SPACE',''
  ) );
#10189 = PCURVE('',#815,#10190);
#10190 = DEFINITIONAL_REPRESENTATION('',(#10191),#10195);
#10191 = LINE('',#10192,#10193);
#10192 = CARTESIAN_POINT('',(0.104220924602,0.139499768985));
#10193 = VECTOR('',#10194,1.);
#10194 = DIRECTION('',(2.289834988289E-16,1.));
#10195 = ( GEOMETRIC_REPRESENTATION_CONTEXT(2) 
PARAMETRIC_REPRESENTATION_CONTEXT() REPRESENTATION_CONTEXT('2D SPACE',''
  ) );
#10196 = ADVANCED_FACE('',(#10197),#8380,.T.);
#10197 = FACE_BOUND('',#10198,.T.);
#10198 = EDGE_LOOP('',(#10199,#10222,#10245,#10266));
#10199 = ORIENTED_EDGE('',*,*,#10200,.T.);
#10200 = EDGE_CURVE('',#8336,#10201,#10203,.T.);
#10201 = VERTEX_POINT('',#10202);
#10202 = CARTESIAN_POINT('',(-0.175,0.943186633611,6.541154699934E-02));
#10203 = SURFACE_CURVE('',#10204,(#10208,#10215),.PCURVE_S1.);
#10204 = LINE('',#10205,#10206);
#10205 = CARTESIAN_POINT('',(-0.325,0.943186633611,6.541154699934E-02));
#10206 = VECTOR('',#10207,1.);
#10207 = DIRECTION('',(1.,-5.243344273594E-32,-2.289834988289E-16));
#10208 = PCURVE('',#8380,#10209);
#10209 = DEFINITIONAL_REPRESENTATION('',(#10210),#10214);
#10210 = LINE('',#10211,#10212);
#10211 = CARTESIAN_POINT('',(0.,0.));
#10212 = VECTOR('',#10213,1.);
#10213 = DIRECTION('',(-9.244463733059E-32,-1.));
#10214 = ( GEOMETRIC_REPRESENTATION_CONTEXT(2) 
PARAMETRIC_REPRESENTATION_CONTEXT() REPRESENTATION_CONTEXT('2D SPACE',''
  ) );
#10215 = PCURVE('',#8352,#10216);
#10216 = DEFINITIONAL_REPRESENTATION('',(#10217),#10221);
#10217 = LINE('',#10218,#10219);
#10218 = CARTESIAN_POINT('',(1.799907705522,0.));
#10219 = VECTOR('',#10220,1.);
#10220 = DIRECTION('',(0.,1.));
#10221 = ( GEOMETRIC_REPRESENTATION_CONTEXT(2) 
PARAMETRIC_REPRESENTATION_CONTEXT() REPRESENTATION_CONTEXT('2D SPACE',''
  ) );
#10222 = ORIENTED_EDGE('',*,*,#10223,.T.);
#10223 = EDGE_CURVE('',#10201,#10224,#10226,.T.);
#10224 = VERTEX_POINT('',#10225);
#10225 = CARTESIAN_POINT('',(-0.175,1.,7.866077735406E-02));
#10226 = SURFACE_CURVE('',#10227,(#10231,#10238),.PCURVE_S1.);
#10227 = LINE('',#10228,#10229);
#10228 = CARTESIAN_POINT('',(-0.175,0.694863,7.500931358165E-03));
#10229 = VECTOR('',#10230,1.);
#10230 = DIRECTION('',(5.200494915182E-17,0.973868596229,0.227112212966)
  );
#10231 = PCURVE('',#8380,#10232);
#10232 = DEFINITIONAL_REPRESENTATION('',(#10233),#10237);
#10233 = LINE('',#10234,#10235);
#10234 = CARTESIAN_POINT('',(-0.254986796548,-0.15));
#10235 = VECTOR('',#10236,1.);
#10236 = DIRECTION('',(1.,-3.697785493223E-32));
#10237 = ( GEOMETRIC_REPRESENTATION_CONTEXT(2) 
PARAMETRIC_REPRESENTATION_CONTEXT() REPRESENTATION_CONTEXT('2D SPACE',''
  ) );
#10238 = PCURVE('',#7939,#10239);
#10239 = DEFINITIONAL_REPRESENTATION('',(#10240),#10244);
#10240 = LINE('',#10241,#10242);
#10241 = CARTESIAN_POINT('',(-0.550916075398,-0.162999299657));
#10242 = VECTOR('',#10243,1.);
#10243 = DIRECTION('',(0.973868596229,0.227112212966));
#10244 = ( GEOMETRIC_REPRESENTATION_CONTEXT(2) 
PARAMETRIC_REPRESENTATION_CONTEXT() REPRESENTATION_CONTEXT('2D SPACE',''
  ) );
#10245 = ORIENTED_EDGE('',*,*,#10246,.T.);
#10246 = EDGE_CURVE('',#10224,#8365,#10247,.T.);
#10247 = SURFACE_CURVE('',#10248,(#10252,#10259),.PCURVE_S1.);
#10248 = LINE('',#10249,#10250);
#10249 = CARTESIAN_POINT('',(5.,1.,7.866077735406E-02));
#10250 = VECTOR('',#10251,1.);
#10251 = DIRECTION('',(-1.,5.243344273594E-32,2.289834988289E-16));
#10252 = PCURVE('',#8380,#10253);
#10253 = DEFINITIONAL_REPRESENTATION('',(#10254),#10258);
#10254 = LINE('',#10255,#10256);
#10255 = CARTESIAN_POINT('',(5.833781539828E-02,-5.325));
#10256 = VECTOR('',#10257,1.);
#10257 = DIRECTION('',(9.244463733059E-32,1.));
#10258 = ( GEOMETRIC_REPRESENTATION_CONTEXT(2) 
PARAMETRIC_REPRESENTATION_CONTEXT() REPRESENTATION_CONTEXT('2D SPACE',''
  ) );
#10259 = PCURVE('',#8406,#10260);
#10260 = DEFINITIONAL_REPRESENTATION('',(#10261),#10265);
#10261 = LINE('',#10262,#10263);
#10262 = CARTESIAN_POINT('',(-1.857888842771E-16,-5.175));
#10263 = VECTOR('',#10264,1.);
#10264 = DIRECTION('',(0.,1.));
#10265 = ( GEOMETRIC_REPRESENTATION_CONTEXT(2) 
PARAMETRIC_REPRESENTATION_CONTEXT() REPRESENTATION_CONTEXT('2D SPACE',''
  ) );
#10266 = ORIENTED_EDGE('',*,*,#8364,.F.);
#10267 = ADVANCED_FACE('',(#10268),#8352,.T.);
#10268 = FACE_BOUND('',#10269,.T.);
#10269 = EDGE_LOOP('',(#10270,#10293,#10315,#10316));
#10270 = ORIENTED_EDGE('',*,*,#10271,.T.);
#10271 = EDGE_CURVE('',#8308,#10272,#10274,.T.);
#10272 = VERTEX_POINT('',#10273);
#10273 = CARTESIAN_POINT('',(-0.175,0.92,3.619548911246E-02));
#10274 = SURFACE_CURVE('',#10275,(#10279,#10286),.PCURVE_S1.);
#10275 = LINE('',#10276,#10277);
#10276 = CARTESIAN_POINT('',(-0.325,0.92,3.619548911246E-02));
#10277 = VECTOR('',#10278,1.);
#10278 = DIRECTION('',(1.,-5.243344273594E-32,-2.289834988289E-16));
#10279 = PCURVE('',#8352,#10280);
#10280 = DEFINITIONAL_REPRESENTATION('',(#10281),#10285);
#10281 = LINE('',#10282,#10283);
#10282 = CARTESIAN_POINT('',(3.14159265359,0.));
#10283 = VECTOR('',#10284,1.);
#10284 = DIRECTION('',(0.,1.));
#10285 = ( GEOMETRIC_REPRESENTATION_CONTEXT(2) 
PARAMETRIC_REPRESENTATION_CONTEXT() REPRESENTATION_CONTEXT('2D SPACE',''
  ) );
#10286 = PCURVE('',#8323,#10287);
#10287 = DEFINITIONAL_REPRESENTATION('',(#10288),#10292);
#10288 = LINE('',#10289,#10290);
#10289 = CARTESIAN_POINT('',(3.619548911246E-02,8.288169738796E-18));
#10290 = VECTOR('',#10291,1.);
#10291 = DIRECTION('',(0.,-1.));
#10292 = ( GEOMETRIC_REPRESENTATION_CONTEXT(2) 
PARAMETRIC_REPRESENTATION_CONTEXT() REPRESENTATION_CONTEXT('2D SPACE',''
  ) );
#10293 = ORIENTED_EDGE('',*,*,#10294,.F.);
#10294 = EDGE_CURVE('',#10201,#10272,#10295,.T.);
#10295 = SURFACE_CURVE('',#10296,(#10301,#10308),.PCURVE_S1.);
#10296 = CIRCLE('',#10297,3.E-02);
#10297 = AXIS2_PLACEMENT_3D('',#10298,#10299,#10300);
#10298 = CARTESIAN_POINT('',(-0.175,0.95,3.619548911246E-02));
#10299 = DIRECTION('',(1.,-5.243344273594E-32,-2.289834988289E-16));
#10300 = DIRECTION('',(-2.080052407982E-46,1.,-2.289834988289E-16));
#10301 = PCURVE('',#8352,#10302);
#10302 = DEFINITIONAL_REPRESENTATION('',(#10303),#10307);
#10303 = LINE('',#10304,#10305);
#10304 = CARTESIAN_POINT('',(1.110223024625E-15,0.15));
#10305 = VECTOR('',#10306,1.);
#10306 = DIRECTION('',(1.,2.068710367184E-17));
#10307 = ( GEOMETRIC_REPRESENTATION_CONTEXT(2) 
PARAMETRIC_REPRESENTATION_CONTEXT() REPRESENTATION_CONTEXT('2D SPACE',''
  ) );
#10308 = PCURVE('',#7939,#10309);
#10309 = DEFINITIONAL_REPRESENTATION('',(#10310),#10314);
#10310 = CIRCLE('',#10311,3.E-02);
#10311 = AXIS2_PLACEMENT_2D('',#10312,#10313);
#10312 = CARTESIAN_POINT('',(-0.295779075398,-0.134304741903));
#10313 = DIRECTION('',(1.,-2.289834988289E-16));
#10314 = ( GEOMETRIC_REPRESENTATION_CONTEXT(2) 
PARAMETRIC_REPRESENTATION_CONTEXT() REPRESENTATION_CONTEXT('2D SPACE',''
  ) );
#10315 = ORIENTED_EDGE('',*,*,#10200,.F.);
#10316 = ORIENTED_EDGE('',*,*,#8335,.T.);
#10317 = ADVANCED_FACE('',(#10318),#8323,.T.);
#10318 = FACE_BOUND('',#10319,.T.);
#10319 = EDGE_LOOP('',(#10320,#10321,#10344,#10365));
#10320 = ORIENTED_EDGE('',*,*,#8307,.F.);
#10321 = ORIENTED_EDGE('',*,*,#10322,.T.);
#10322 = EDGE_CURVE('',#8280,#10323,#10325,.T.);
#10323 = VERTEX_POINT('',#10324);
#10324 = CARTESIAN_POINT('',(-0.175,0.92,-8.881784197001E-16));
#10325 = SURFACE_CURVE('',#10326,(#10330,#10337),.PCURVE_S1.);
#10326 = LINE('',#10327,#10328);
#10327 = CARTESIAN_POINT('',(-0.325,0.92,-7.771561172376E-16));
#10328 = VECTOR('',#10329,1.);
#10329 = DIRECTION('',(1.,-5.243344273594E-32,-2.289834988289E-16));
#10330 = PCURVE('',#8323,#10331);
#10331 = DEFINITIONAL_REPRESENTATION('',(#10332),#10336);
#10332 = LINE('',#10333,#10334);
#10333 = CARTESIAN_POINT('',(0.,0.));
#10334 = VECTOR('',#10335,1.);
#10335 = DIRECTION('',(0.,-1.));
#10336 = ( GEOMETRIC_REPRESENTATION_CONTEXT(2) 
PARAMETRIC_REPRESENTATION_CONTEXT() REPRESENTATION_CONTEXT('2D SPACE',''
  ) );
#10337 = PCURVE('',#8295,#10338);
#10338 = DEFINITIONAL_REPRESENTATION('',(#10339),#10343);
#10339 = LINE('',#10340,#10341);
#10340 = CARTESIAN_POINT('',(0.33,5.473822126269E-48));
#10341 = VECTOR('',#10342,1.);
#10342 = DIRECTION('',(-2.080052407982E-46,-1.));
#10343 = ( GEOMETRIC_REPRESENTATION_CONTEXT(2) 
PARAMETRIC_REPRESENTATION_CONTEXT() REPRESENTATION_CONTEXT('2D SPACE',''
  ) );
#10344 = ORIENTED_EDGE('',*,*,#10345,.T.);
#10345 = EDGE_CURVE('',#10323,#10272,#10346,.T.);
#10346 = SURFACE_CURVE('',#10347,(#10351,#10358),.PCURVE_S1.);
#10347 = LINE('',#10348,#10349);
#10348 = CARTESIAN_POINT('',(-0.175,0.92,0.841614));
#10349 = VECTOR('',#10350,1.);
#10350 = DIRECTION('',(2.289834988289E-16,2.289834988289E-16,1.));
#10351 = PCURVE('',#8323,#10352);
#10352 = DEFINITIONAL_REPRESENTATION('',(#10353),#10357);
#10353 = LINE('',#10354,#10355);
#10354 = CARTESIAN_POINT('',(0.841614,-0.15));
#10355 = VECTOR('',#10356,1.);
#10356 = DIRECTION('',(1.,0.));
#10357 = ( GEOMETRIC_REPRESENTATION_CONTEXT(2) 
PARAMETRIC_REPRESENTATION_CONTEXT() REPRESENTATION_CONTEXT('2D SPACE',''
  ) );
#10358 = PCURVE('',#7939,#10359);
#10359 = DEFINITIONAL_REPRESENTATION('',(#10360),#10364);
#10360 = LINE('',#10361,#10362);
#10361 = CARTESIAN_POINT('',(-0.325779075398,0.671113768985));
#10362 = VECTOR('',#10363,1.);
#10363 = DIRECTION('',(2.289834988289E-16,1.));
#10364 = ( GEOMETRIC_REPRESENTATION_CONTEXT(2) 
PARAMETRIC_REPRESENTATION_CONTEXT() REPRESENTATION_CONTEXT('2D SPACE',''
  ) );
#10365 = ORIENTED_EDGE('',*,*,#10271,.F.);
#10366 = ADVANCED_FACE('',(#10367),#8406,.F.);
#10367 = FACE_BOUND('',#10368,.T.);
#10368 = EDGE_LOOP('',(#10369,#10397,#10398,#10399));
#10369 = ORIENTED_EDGE('',*,*,#10370,.F.);
#10370 = EDGE_CURVE('',#8161,#10371,#10373,.T.);
#10371 = VERTEX_POINT('',#10372);
#10372 = CARTESIAN_POINT('',(-0.175,1.,8.E-02));
#10373 = SURFACE_CURVE('',#10374,(#10378,#10385),.PCURVE_S1.);
#10374 = LINE('',#10375,#10376);
#10375 = CARTESIAN_POINT('',(5.,1.,8.E-02));
#10376 = VECTOR('',#10377,1.);
#10377 = DIRECTION('',(1.,-5.243344273594E-32,-2.289834988289E-16));
#10378 = PCURVE('',#8406,#10379);
#10379 = DEFINITIONAL_REPRESENTATION('',(#10380),#10384);
#10380 = LINE('',#10381,#10382);
#10381 = CARTESIAN_POINT('',(-1.339222645935E-03,-5.175));
#10382 = VECTOR('',#10383,1.);
#10383 = DIRECTION('',(0.,-1.));
#10384 = ( GEOMETRIC_REPRESENTATION_CONTEXT(2) 
PARAMETRIC_REPRESENTATION_CONTEXT() REPRESENTATION_CONTEXT('2D SPACE',''
  ) );
#10385 = PCURVE('',#10386,#10391);
#10386 = PLANE('',#10387);
#10387 = AXIS2_PLACEMENT_3D('',#10388,#10389,#10390);
#10388 = CARTESIAN_POINT('',(-0.3375,1.,8.E-02));
#10389 = DIRECTION('',(-2.289834988289E-16,-2.289834988289E-16,-1.));
#10390 = DIRECTION('',(0.,-1.,2.289834988289E-16));
#10391 = DEFINITIONAL_REPRESENTATION('',(#10392),#10396);
#10392 = LINE('',#10393,#10394);
#10393 = CARTESIAN_POINT('',(-2.79645027925E-31,-5.3375));
#10394 = VECTOR('',#10395,1.);
#10395 = DIRECTION('',(-2.080052407982E-46,-1.));
#10396 = ( GEOMETRIC_REPRESENTATION_CONTEXT(2) 
PARAMETRIC_REPRESENTATION_CONTEXT() REPRESENTATION_CONTEXT('2D SPACE',''
  ) );
#10397 = ORIENTED_EDGE('',*,*,#8392,.T.);
#10398 = ORIENTED_EDGE('',*,*,#10246,.F.);
#10399 = ORIENTED_EDGE('',*,*,#10400,.F.);
#10400 = EDGE_CURVE('',#10371,#10224,#10401,.T.);
#10401 = SURFACE_CURVE('',#10402,(#10406,#10413),.PCURVE_S1.);
#10402 = LINE('',#10403,#10404);
#10403 = CARTESIAN_POINT('',(-0.175,1.,0.841614));
#10404 = VECTOR('',#10405,1.);
#10405 = DIRECTION('',(-2.289834988289E-16,-1.065228634467E-16,-1.));
#10406 = PCURVE('',#8406,#10407);
#10407 = DEFINITIONAL_REPRESENTATION('',(#10408),#10412);
#10408 = LINE('',#10409,#10410);
#10409 = CARTESIAN_POINT('',(-0.762953222646,1.747036983643E-16));
#10410 = VECTOR('',#10411,1.);
#10411 = DIRECTION('',(1.,0.));
#10412 = ( GEOMETRIC_REPRESENTATION_CONTEXT(2) 
PARAMETRIC_REPRESENTATION_CONTEXT() REPRESENTATION_CONTEXT('2D SPACE',''
  ) );
#10413 = PCURVE('',#7939,#10414);
#10414 = DEFINITIONAL_REPRESENTATION('',(#10415),#10419);
#10415 = LINE('',#10416,#10417);
#10416 = CARTESIAN_POINT('',(-0.245779075398,0.671113768985));
#10417 = VECTOR('',#10418,1.);
#10418 = DIRECTION('',(-1.065228634467E-16,-1.));
#10419 = ( GEOMETRIC_REPRESENTATION_CONTEXT(2) 
PARAMETRIC_REPRESENTATION_CONTEXT() REPRESENTATION_CONTEXT('2D SPACE',''
  ) );
#10420 = ADVANCED_FACE('',(#10421),#4817,.T.);
#10421 = FACE_BOUND('',#10422,.T.);
#10422 = EDGE_LOOP('',(#10423,#10446,#10447,#10470,#10491,#10514));
#10423 = ORIENTED_EDGE('',*,*,#10424,.T.);
#10424 = EDGE_CURVE('',#10425,#4795,#10427,.T.);
#10425 = VERTEX_POINT('',#10426);
#10426 = CARTESIAN_POINT('',(-0.6,0.92,8.E-02));
#10427 = SURFACE_CURVE('',#10428,(#10432,#10439),.PCURVE_S1.);
#10428 = LINE('',#10429,#10430);
#10429 = CARTESIAN_POINT('',(-16.5,0.92,8.E-02));
#10430 = VECTOR('',#10431,1.);
#10431 = DIRECTION('',(-1.,5.243344273594E-32,2.289834988289E-16));
#10432 = PCURVE('',#4817,#10433);
#10433 = DEFINITIONAL_REPRESENTATION('',(#10434),#10438);
#10434 = LINE('',#10435,#10436);
#10435 = CARTESIAN_POINT('',(8.E-02,15.6625));
#10436 = VECTOR('',#10437,1.);
#10437 = DIRECTION('',(2.080052407982E-46,1.));
#10438 = ( GEOMETRIC_REPRESENTATION_CONTEXT(2) 
PARAMETRIC_REPRESENTATION_CONTEXT() REPRESENTATION_CONTEXT('2D SPACE',''
  ) );
#10439 = PCURVE('',#4845,#10440);
#10440 = DEFINITIONAL_REPRESENTATION('',(#10441),#10445);
#10441 = LINE('',#10442,#10443);
#10442 = CARTESIAN_POINT('',(-1.749253556813E-18,15.6625));
#10443 = VECTOR('',#10444,1.);
#10444 = DIRECTION('',(-1.848892746612E-31,1.));
#10445 = ( GEOMETRIC_REPRESENTATION_CONTEXT(2) 
PARAMETRIC_REPRESENTATION_CONTEXT() REPRESENTATION_CONTEXT('2D SPACE',''
  ) );
#10446 = ORIENTED_EDGE('',*,*,#4794,.T.);
#10447 = ORIENTED_EDGE('',*,*,#10448,.F.);
#10448 = EDGE_CURVE('',#10449,#4797,#10451,.T.);
#10449 = VERTEX_POINT('',#10450);
#10450 = CARTESIAN_POINT('',(-0.825,1.,8.E-02));
#10451 = SURFACE_CURVE('',#10452,(#10456,#10463),.PCURVE_S1.);
#10452 = LINE('',#10453,#10454);
#10453 = CARTESIAN_POINT('',(-16.5,1.,8.E-02));
#10454 = VECTOR('',#10455,1.);
#10455 = DIRECTION('',(-1.,5.243344273594E-32,2.289834988289E-16));
#10456 = PCURVE('',#4817,#10457);
#10457 = DEFINITIONAL_REPRESENTATION('',(#10458),#10462);
#10458 = LINE('',#10459,#10460);
#10459 = CARTESIAN_POINT('',(8.198683773256E-31,15.6625));
#10460 = VECTOR('',#10461,1.);
#10461 = DIRECTION('',(2.080052407982E-46,1.));
#10462 = ( GEOMETRIC_REPRESENTATION_CONTEXT(2) 
PARAMETRIC_REPRESENTATION_CONTEXT() REPRESENTATION_CONTEXT('2D SPACE',''
  ) );
#10463 = PCURVE('',#1639,#10464);
#10464 = DEFINITIONAL_REPRESENTATION('',(#10465),#10469);
#10465 = LINE('',#10466,#10467);
#10466 = CARTESIAN_POINT('',(0.23,19.325));
#10467 = VECTOR('',#10468,1.);
#10468 = DIRECTION('',(0.,1.));
#10469 = ( GEOMETRIC_REPRESENTATION_CONTEXT(2) 
PARAMETRIC_REPRESENTATION_CONTEXT() REPRESENTATION_CONTEXT('2D SPACE',''
  ) );
#10470 = ORIENTED_EDGE('',*,*,#10471,.T.);
#10471 = EDGE_CURVE('',#10449,#5534,#10472,.T.);
#10472 = SURFACE_CURVE('',#10473,(#10477,#10484),.PCURVE_S1.);
#10473 = LINE('',#10474,#10475);
#10474 = CARTESIAN_POINT('',(4.5,1.,8.E-02));
#10475 = VECTOR('',#10476,1.);
#10476 = DIRECTION('',(1.,-5.243344273594E-32,-2.289834988289E-16));
#10477 = PCURVE('',#4817,#10478);
#10478 = DEFINITIONAL_REPRESENTATION('',(#10479),#10483);
#10479 = LINE('',#10480,#10481);
#10480 = CARTESIAN_POINT('',(-2.79645027925E-31,-5.3375));
#10481 = VECTOR('',#10482,1.);
#10482 = DIRECTION('',(-2.080052407982E-46,-1.));
#10483 = ( GEOMETRIC_REPRESENTATION_CONTEXT(2) 
PARAMETRIC_REPRESENTATION_CONTEXT() REPRESENTATION_CONTEXT('2D SPACE',''
  ) );
#10484 = PCURVE('',#5049,#10485);
#10485 = DEFINITIONAL_REPRESENTATION('',(#10486),#10490);
#10486 = LINE('',#10487,#10488);
#10487 = CARTESIAN_POINT('',(-1.339222645935E-03,-5.175));
#10488 = VECTOR('',#10489,1.);
#10489 = DIRECTION('',(0.,-1.));
#10490 = ( GEOMETRIC_REPRESENTATION_CONTEXT(2) 
PARAMETRIC_REPRESENTATION_CONTEXT() REPRESENTATION_CONTEXT('2D SPACE',''
  ) );
#10491 = ORIENTED_EDGE('',*,*,#10492,.F.);
#10492 = EDGE_CURVE('',#10493,#5534,#10495,.T.);
#10493 = VERTEX_POINT('',#10494);
#10494 = CARTESIAN_POINT('',(-0.6,1.,8.E-02));
#10495 = SURFACE_CURVE('',#10496,(#10500,#10507),.PCURVE_S1.);
#10496 = LINE('',#10497,#10498);
#10497 = CARTESIAN_POINT('',(-16.5,1.,8.E-02));
#10498 = VECTOR('',#10499,1.);
#10499 = DIRECTION('',(-1.,5.243344273594E-32,2.289834988289E-16));
#10500 = PCURVE('',#4817,#10501);
#10501 = DEFINITIONAL_REPRESENTATION('',(#10502),#10506);
#10502 = LINE('',#10503,#10504);
#10503 = CARTESIAN_POINT('',(8.198683773256E-31,15.6625));
#10504 = VECTOR('',#10505,1.);
#10505 = DIRECTION('',(2.080052407982E-46,1.));
#10506 = ( GEOMETRIC_REPRESENTATION_CONTEXT(2) 
PARAMETRIC_REPRESENTATION_CONTEXT() REPRESENTATION_CONTEXT('2D SPACE',''
  ) );
#10507 = PCURVE('',#5732,#10508);
#10508 = DEFINITIONAL_REPRESENTATION('',(#10509),#10513);
#10509 = LINE('',#10510,#10511);
#10510 = CARTESIAN_POINT('',(0.23,19.825));
#10511 = VECTOR('',#10512,1.);
#10512 = DIRECTION('',(0.,1.));
#10513 = ( GEOMETRIC_REPRESENTATION_CONTEXT(2) 
PARAMETRIC_REPRESENTATION_CONTEXT() REPRESENTATION_CONTEXT('2D SPACE',''
  ) );
#10514 = ORIENTED_EDGE('',*,*,#10515,.T.);
#10515 = EDGE_CURVE('',#10493,#10425,#10516,.T.);
#10516 = SURFACE_CURVE('',#10517,(#10521,#10528),.PCURVE_S1.);
#10517 = LINE('',#10518,#10519);
#10518 = CARTESIAN_POINT('',(-0.6,0.694863,8.E-02));
#10519 = VECTOR('',#10520,1.);
#10520 = DIRECTION('',(-1.224606353822E-16,-1.,2.289834988289E-16));
#10521 = PCURVE('',#4817,#10522);
#10522 = DEFINITIONAL_REPRESENTATION('',(#10523),#10527);
#10523 = LINE('',#10524,#10525);
#10524 = CARTESIAN_POINT('',(0.305137,-0.2375));
#10525 = VECTOR('',#10526,1.);
#10526 = DIRECTION('',(1.,1.224606353822E-16));
#10527 = ( GEOMETRIC_REPRESENTATION_CONTEXT(2) 
PARAMETRIC_REPRESENTATION_CONTEXT() REPRESENTATION_CONTEXT('2D SPACE',''
  ) );
#10528 = PCURVE('',#9443,#10529);
#10529 = DEFINITIONAL_REPRESENTATION('',(#10530),#10534);
#10530 = LINE('',#10531,#10532);
#10531 = CARTESIAN_POINT('',(-3.535533905933E-02,0.155137));
#10532 = VECTOR('',#10533,1.);
#10533 = DIRECTION('',(-8.716389750491E-16,1.));
#10534 = ( GEOMETRIC_REPRESENTATION_CONTEXT(2) 
PARAMETRIC_REPRESENTATION_CONTEXT() REPRESENTATION_CONTEXT('2D SPACE',''
  ) );
#10535 = ADVANCED_FACE('',(#10536),#7910,.T.);
#10536 = FACE_BOUND('',#10537,.T.);
#10537 = EDGE_LOOP('',(#10538,#10539,#10562,#10583));
#10538 = ORIENTED_EDGE('',*,*,#7894,.T.);
#10539 = ORIENTED_EDGE('',*,*,#10540,.T.);
#10540 = EDGE_CURVE('',#7895,#10541,#10543,.T.);
#10541 = VERTEX_POINT('',#10542);
#10542 = CARTESIAN_POINT('',(-0.175,1.3,5.E-02));
#10543 = SURFACE_CURVE('',#10544,(#10548,#10555),.PCURVE_S1.);
#10544 = LINE('',#10545,#10546);
#10545 = CARTESIAN_POINT('',(-0.175,1.3,0.841614));
#10546 = VECTOR('',#10547,1.);
#10547 = DIRECTION('',(-2.289834988289E-16,-2.289834988289E-16,-1.));
#10548 = PCURVE('',#7910,#10549);
#10549 = DEFINITIONAL_REPRESENTATION('',(#10550),#10554);
#10550 = LINE('',#10551,#10552);
#10551 = CARTESIAN_POINT('',(-0.731614,-0.15));
#10552 = VECTOR('',#10553,1.);
#10553 = DIRECTION('',(1.,0.));
#10554 = ( GEOMETRIC_REPRESENTATION_CONTEXT(2) 
PARAMETRIC_REPRESENTATION_CONTEXT() REPRESENTATION_CONTEXT('2D SPACE',''
  ) );
#10555 = PCURVE('',#7939,#10556);
#10556 = DEFINITIONAL_REPRESENTATION('',(#10557),#10561);
#10557 = LINE('',#10558,#10559);
#10558 = CARTESIAN_POINT('',(5.422092460224E-02,0.671113768985));
#10559 = VECTOR('',#10560,1.);
#10560 = DIRECTION('',(-2.289834988289E-16,-1.));
#10561 = ( GEOMETRIC_REPRESENTATION_CONTEXT(2) 
PARAMETRIC_REPRESENTATION_CONTEXT() REPRESENTATION_CONTEXT('2D SPACE',''
  ) );
#10562 = ORIENTED_EDGE('',*,*,#10563,.F.);
#10563 = EDGE_CURVE('',#8229,#10541,#10564,.T.);
#10564 = SURFACE_CURVE('',#10565,(#10569,#10576),.PCURVE_S1.);
#10565 = LINE('',#10566,#10567);
#10566 = CARTESIAN_POINT('',(-0.325,1.3,5.E-02));
#10567 = VECTOR('',#10568,1.);
#10568 = DIRECTION('',(1.,-5.243344273594E-32,-2.289834988289E-16));
#10569 = PCURVE('',#7910,#10570);
#10570 = DEFINITIONAL_REPRESENTATION('',(#10571),#10575);
#10571 = LINE('',#10572,#10573);
#10572 = CARTESIAN_POINT('',(6.E-02,-1.373900992974E-17));
#10573 = VECTOR('',#10574,1.);
#10574 = DIRECTION('',(0.,-1.));
#10575 = ( GEOMETRIC_REPRESENTATION_CONTEXT(2) 
PARAMETRIC_REPRESENTATION_CONTEXT() REPRESENTATION_CONTEXT('2D SPACE',''
  ) );
#10576 = PCURVE('',#8267,#10577);
#10577 = DEFINITIONAL_REPRESENTATION('',(#10578),#10582);
#10578 = LINE('',#10579,#10580);
#10579 = CARTESIAN_POINT('',(-0.,0.));
#10580 = VECTOR('',#10581,1.);
#10581 = DIRECTION('',(2.465190328816E-32,-1.));
#10582 = ( GEOMETRIC_REPRESENTATION_CONTEXT(2) 
PARAMETRIC_REPRESENTATION_CONTEXT() REPRESENTATION_CONTEXT('2D SPACE',''
  ) );
#10583 = ORIENTED_EDGE('',*,*,#8228,.F.);
#10584 = ADVANCED_FACE('',(#10585),#8143,.T.);
#10585 = FACE_BOUND('',#10586,.T.);
#10586 = EDGE_LOOP('',(#10587,#10610,#10611,#10632,#10633,#10634));
#10587 = ORIENTED_EDGE('',*,*,#10588,.T.);
#10588 = EDGE_CURVE('',#10589,#8929,#10591,.T.);
#10589 = VERTEX_POINT('',#10590);
#10590 = CARTESIAN_POINT('',(2.785,-1.8,0.92));
#10591 = SURFACE_CURVE('',#10592,(#10596,#10603),.PCURVE_S1.);
#10592 = LINE('',#10593,#10594);
#10593 = CARTESIAN_POINT('',(2.7262105,-1.7412105,0.841614));
#10594 = VECTOR('',#10595,1.);
#10595 = DIRECTION('',(-0.514495755428,0.514495755428,-0.68599434057));
#10596 = PCURVE('',#8143,#10597);
#10597 = DEFINITIONAL_REPRESENTATION('',(#10598),#10602);
#10598 = LINE('',#10599,#10600);
#10599 = CARTESIAN_POINT('',(-0.153851586344,0.266614));
#10600 = VECTOR('',#10601,1.);
#10601 = DIRECTION('',(-0.727606875109,-0.68599434057));
#10602 = ( GEOMETRIC_REPRESENTATION_CONTEXT(2) 
PARAMETRIC_REPRESENTATION_CONTEXT() REPRESENTATION_CONTEXT('2D SPACE',''
  ) );
#10603 = PCURVE('',#3746,#10604);
#10604 = DEFINITIONAL_REPRESENTATION('',(#10605),#10609);
#10605 = LINE('',#10606,#10607);
#10606 = CARTESIAN_POINT('',(0.1520175,-4.0587895));
#10607 = VECTOR('',#10608,1.);
#10608 = DIRECTION('',(-0.857492925713,-0.514495755428));
#10609 = ( GEOMETRIC_REPRESENTATION_CONTEXT(2) 
PARAMETRIC_REPRESENTATION_CONTEXT() REPRESENTATION_CONTEXT('2D SPACE',''
  ) );
#10610 = ORIENTED_EDGE('',*,*,#9043,.T.);
#10611 = ORIENTED_EDGE('',*,*,#10612,.T.);
#10612 = EDGE_CURVE('',#9021,#7981,#10613,.T.);
#10613 = SURFACE_CURVE('',#10614,(#10618,#10625),.PCURVE_S1.);
#10614 = LINE('',#10615,#10616);
#10615 = CARTESIAN_POINT('',(0.290137,0.694863,2.022120740741));
#10616 = VECTOR('',#10617,1.);
#10617 = DIRECTION('',(0.626384365641,-0.626384365641,-0.463988418994));
#10618 = PCURVE('',#8143,#10619);
#10619 = DEFINITIONAL_REPRESENTATION('',(#10620),#10624);
#10620 = LINE('',#10621,#10622);
#10621 = CARTESIAN_POINT('',(-3.598979768981,1.447120740741));
#10622 = VECTOR('',#10623,1.);
#10623 = DIRECTION('',(0.885841265148,-0.463988418994));
#10624 = ( GEOMETRIC_REPRESENTATION_CONTEXT(2) 
PARAMETRIC_REPRESENTATION_CONTEXT() REPRESENTATION_CONTEXT('2D SPACE',''
  ) );
#10625 = PCURVE('',#3524,#10626);
#10626 = DEFINITIONAL_REPRESENTATION('',(#10627),#10631);
#10627 = LINE('',#10628,#10629);
#10628 = CARTESIAN_POINT('',(2.893214097584,-6.474863));
#10629 = VECTOR('',#10630,1.);
#10630 = DIRECTION('',(-0.779514352966,0.626384365641));
#10631 = ( GEOMETRIC_REPRESENTATION_CONTEXT(2) 
PARAMETRIC_REPRESENTATION_CONTEXT() REPRESENTATION_CONTEXT('2D SPACE',''
  ) );
#10632 = ORIENTED_EDGE('',*,*,#8129,.T.);
#10633 = ORIENTED_EDGE('',*,*,#9122,.T.);
#10634 = ORIENTED_EDGE('',*,*,#10635,.F.);
#10635 = EDGE_CURVE('',#10589,#9100,#10636,.T.);
#10636 = SURFACE_CURVE('',#10637,(#10641,#10648),.PCURVE_S1.);
#10637 = LINE('',#10638,#10639);
#10638 = CARTESIAN_POINT('',(2.785,-1.8,0.841614));
#10639 = VECTOR('',#10640,1.);
#10640 = DIRECTION('',(3.514441342112E-16,1.065228634467E-16,1.));
#10641 = PCURVE('',#8143,#10642);
#10642 = DEFINITIONAL_REPRESENTATION('',(#10643),#10647);
#10643 = LINE('',#10644,#10645);
#10644 = CARTESIAN_POINT('',(-7.071067811865E-02,0.266614));
#10645 = VECTOR('',#10646,1.);
#10646 = DIRECTION('',(1.731854914144E-16,1.));
#10647 = ( GEOMETRIC_REPRESENTATION_CONTEXT(2) 
PARAMETRIC_REPRESENTATION_CONTEXT() REPRESENTATION_CONTEXT('2D SPACE',''
  ) );
#10648 = PCURVE('',#5786,#10649);
#10649 = DEFINITIONAL_REPRESENTATION('',(#10650),#10654);
#10650 = LINE('',#10651,#10652);
#10651 = CARTESIAN_POINT('',(-7.8386E-02,-18.5));
#10652 = VECTOR('',#10653,1.);
#10653 = DIRECTION('',(1.,1.224606353822E-16));
#10654 = ( GEOMETRIC_REPRESENTATION_CONTEXT(2) 
PARAMETRIC_REPRESENTATION_CONTEXT() REPRESENTATION_CONTEXT('2D SPACE',''
  ) );
#10655 = ADVANCED_FACE('',(#10656),#8267,.T.);
#10656 = FACE_BOUND('',#10657,.T.);
#10657 = EDGE_LOOP('',(#10658,#10659,#10682,#10703));
#10658 = ORIENTED_EDGE('',*,*,#10563,.T.);
#10659 = ORIENTED_EDGE('',*,*,#10660,.T.);
#10660 = EDGE_CURVE('',#10541,#10661,#10663,.T.);
#10661 = VERTEX_POINT('',#10662);
#10662 = CARTESIAN_POINT('',(-0.175,1.25,-9.992007221626E-16));
#10663 = SURFACE_CURVE('',#10664,(#10668,#10675),.PCURVE_S1.);
#10664 = LINE('',#10665,#10666);
#10665 = CARTESIAN_POINT('',(-0.175,0.694863,-0.555137));
#10666 = VECTOR('',#10667,1.);
#10667 = DIRECTION('',(-1.619157848018E-16,-0.707106781187,
    -0.707106781186));
#10668 = PCURVE('',#8267,#10669);
#10669 = DEFINITIONAL_REPRESENTATION('',(#10670),#10674);
#10670 = LINE('',#10671,#10672);
#10671 = CARTESIAN_POINT('',(0.855792952494,-0.15));
#10672 = VECTOR('',#10673,1.);
#10673 = DIRECTION('',(1.,-7.395570986447E-32));
#10674 = ( GEOMETRIC_REPRESENTATION_CONTEXT(2) 
PARAMETRIC_REPRESENTATION_CONTEXT() REPRESENTATION_CONTEXT('2D SPACE',''
  ) );
#10675 = PCURVE('',#7939,#10676);
#10676 = DEFINITIONAL_REPRESENTATION('',(#10677),#10681);
#10677 = LINE('',#10678,#10679);
#10678 = CARTESIAN_POINT('',(-0.550916075398,-0.725637231015));
#10679 = VECTOR('',#10680,1.);
#10680 = DIRECTION('',(-0.707106781187,-0.707106781186));
#10681 = ( GEOMETRIC_REPRESENTATION_CONTEXT(2) 
PARAMETRIC_REPRESENTATION_CONTEXT() REPRESENTATION_CONTEXT('2D SPACE',''
  ) );
#10682 = ORIENTED_EDGE('',*,*,#10683,.F.);
#10683 = EDGE_CURVE('',#8252,#10661,#10684,.T.);
#10684 = SURFACE_CURVE('',#10685,(#10689,#10696),.PCURVE_S1.);
#10685 = LINE('',#10686,#10687);
#10686 = CARTESIAN_POINT('',(-0.325,1.25,-8.881784197001E-16));
#10687 = VECTOR('',#10688,1.);
#10688 = DIRECTION('',(1.,-5.243344273594E-32,-2.289834988289E-16));
#10689 = PCURVE('',#8267,#10690);
#10690 = DEFINITIONAL_REPRESENTATION('',(#10691),#10695);
#10691 = LINE('',#10692,#10693);
#10692 = CARTESIAN_POINT('',(7.071067811866E-02,-1.144917494145E-17));
#10693 = VECTOR('',#10694,1.);
#10694 = DIRECTION('',(2.465190328816E-32,-1.));
#10695 = ( GEOMETRIC_REPRESENTATION_CONTEXT(2) 
PARAMETRIC_REPRESENTATION_CONTEXT() REPRESENTATION_CONTEXT('2D SPACE',''
  ) );
#10696 = PCURVE('',#8295,#10697);
#10697 = DEFINITIONAL_REPRESENTATION('',(#10698),#10702);
#10698 = LINE('',#10699,#10700);
#10699 = CARTESIAN_POINT('',(0.,0.));
#10700 = VECTOR('',#10701,1.);
#10701 = DIRECTION('',(-2.080052407982E-46,-1.));
#10702 = ( GEOMETRIC_REPRESENTATION_CONTEXT(2) 
PARAMETRIC_REPRESENTATION_CONTEXT() REPRESENTATION_CONTEXT('2D SPACE',''
  ) );
#10703 = ORIENTED_EDGE('',*,*,#8251,.F.);
#10704 = ADVANCED_FACE('',(#10705),#815,.F.);
#10705 = FACE_BOUND('',#10706,.T.);
#10706 = EDGE_LOOP('',(#10707,#10730,#10751,#10752,#10753,#10754,#10755,
    #10776,#10777,#10778,#10779));
#10707 = ORIENTED_EDGE('',*,*,#10708,.F.);
#10708 = EDGE_CURVE('',#10709,#10449,#10711,.T.);
#10709 = VERTEX_POINT('',#10710);
#10710 = CARTESIAN_POINT('',(-0.825,1.,0.31));
#10711 = SURFACE_CURVE('',#10712,(#10716,#10723),.PCURVE_S1.);
#10712 = LINE('',#10713,#10714);
#10713 = CARTESIAN_POINT('',(-0.825,1.,0.841614));
#10714 = VECTOR('',#10715,1.);
#10715 = DIRECTION('',(-2.289834988289E-16,-1.065228634467E-16,-1.));
#10716 = PCURVE('',#815,#10717);
#10717 = DEFINITIONAL_REPRESENTATION('',(#10718),#10722);
#10718 = LINE('',#10719,#10720);
#10719 = CARTESIAN_POINT('',(-0.245779075398,0.671113768985));
#10720 = VECTOR('',#10721,1.);
#10721 = DIRECTION('',(-1.065228634467E-16,-1.));
#10722 = ( GEOMETRIC_REPRESENTATION_CONTEXT(2) 
PARAMETRIC_REPRESENTATION_CONTEXT() REPRESENTATION_CONTEXT('2D SPACE',''
  ) );
#10723 = PCURVE('',#1639,#10724);
#10724 = DEFINITIONAL_REPRESENTATION('',(#10725),#10729);
#10725 = LINE('',#10726,#10727);
#10726 = CARTESIAN_POINT('',(-0.531614,3.65));
#10727 = VECTOR('',#10728,1.);
#10728 = DIRECTION('',(1.,0.));
#10729 = ( GEOMETRIC_REPRESENTATION_CONTEXT(2) 
PARAMETRIC_REPRESENTATION_CONTEXT() REPRESENTATION_CONTEXT('2D SPACE',''
  ) );
#10730 = ORIENTED_EDGE('',*,*,#10731,.F.);
#10731 = EDGE_CURVE('',#10152,#10709,#10732,.T.);
#10732 = SURFACE_CURVE('',#10733,(#10737,#10744),.PCURVE_S1.);
#10733 = LINE('',#10734,#10735);
#10734 = CARTESIAN_POINT('',(-0.825,0.694863,0.31));
#10735 = VECTOR('',#10736,1.);
#10736 = DIRECTION('',(-2.804146475864E-32,-1.,1.065228634467E-16));
#10737 = PCURVE('',#815,#10738);
#10738 = DEFINITIONAL_REPRESENTATION('',(#10739),#10743);
#10739 = LINE('',#10740,#10741);
#10740 = CARTESIAN_POINT('',(-0.550916075398,0.139499768985));
#10741 = VECTOR('',#10742,1.);
#10742 = DIRECTION('',(-1.,1.065228634467E-16));
#10743 = ( GEOMETRIC_REPRESENTATION_CONTEXT(2) 
PARAMETRIC_REPRESENTATION_CONTEXT() REPRESENTATION_CONTEXT('2D SPACE',''
  ) );
#10744 = PCURVE('',#530,#10745);
#10745 = DEFINITIONAL_REPRESENTATION('',(#10746),#10750);
#10746 = LINE('',#10747,#10748);
#10747 = CARTESIAN_POINT('',(2.175,0.978861317761));
#10748 = VECTOR('',#10749,1.);
#10749 = DIRECTION('',(9.031806508344E-47,1.));
#10750 = ( GEOMETRIC_REPRESENTATION_CONTEXT(2) 
PARAMETRIC_REPRESENTATION_CONTEXT() REPRESENTATION_CONTEXT('2D SPACE',''
  ) );
#10751 = ORIENTED_EDGE('',*,*,#10176,.F.);
#10752 = ORIENTED_EDGE('',*,*,#10052,.T.);
#10753 = ORIENTED_EDGE('',*,*,#10127,.T.);
#10754 = ORIENTED_EDGE('',*,*,#7834,.T.);
#10755 = ORIENTED_EDGE('',*,*,#10756,.F.);
#10756 = EDGE_CURVE('',#1358,#7812,#10757,.T.);
#10757 = SURFACE_CURVE('',#10758,(#10762,#10769),.PCURVE_S1.);
#10758 = LINE('',#10759,#10760);
#10759 = CARTESIAN_POINT('',(-0.825,0.92,-6.661338147751E-16));
#10760 = VECTOR('',#10761,1.);
#10761 = DIRECTION('',(0.,1.,-2.289834988289E-16));
#10762 = PCURVE('',#815,#10763);
#10763 = DEFINITIONAL_REPRESENTATION('',(#10764),#10768);
#10764 = LINE('',#10765,#10766);
#10765 = CARTESIAN_POINT('',(-0.325779075398,-0.170500231015));
#10766 = VECTOR('',#10767,1.);
#10767 = DIRECTION('',(1.,-2.289834988289E-16));
#10768 = ( GEOMETRIC_REPRESENTATION_CONTEXT(2) 
PARAMETRIC_REPRESENTATION_CONTEXT() REPRESENTATION_CONTEXT('2D SPACE',''
  ) );
#10769 = PCURVE('',#1396,#10770);
#10770 = DEFINITIONAL_REPRESENTATION('',(#10771),#10775);
#10771 = LINE('',#10772,#10773);
#10772 = CARTESIAN_POINT('',(0.33,5.473822126269E-48));
#10773 = VECTOR('',#10774,1.);
#10774 = DIRECTION('',(-1.,0.));
#10775 = ( GEOMETRIC_REPRESENTATION_CONTEXT(2) 
PARAMETRIC_REPRESENTATION_CONTEXT() REPRESENTATION_CONTEXT('2D SPACE',''
  ) );
#10776 = ORIENTED_EDGE('',*,*,#1357,.T.);
#10777 = ORIENTED_EDGE('',*,*,#800,.F.);
#10778 = ORIENTED_EDGE('',*,*,#5061,.T.);
#10779 = ORIENTED_EDGE('',*,*,#10780,.F.);
#10780 = EDGE_CURVE('',#10449,#5034,#10781,.T.);
#10781 = SURFACE_CURVE('',#10782,(#10786,#10793),.PCURVE_S1.);
#10782 = LINE('',#10783,#10784);
#10783 = CARTESIAN_POINT('',(-0.825,1.,0.841614));
#10784 = VECTOR('',#10785,1.);
#10785 = DIRECTION('',(-2.289834988289E-16,-1.065228634467E-16,-1.));
#10786 = PCURVE('',#815,#10787);
#10787 = DEFINITIONAL_REPRESENTATION('',(#10788),#10792);
#10788 = LINE('',#10789,#10790);
#10789 = CARTESIAN_POINT('',(-0.245779075398,0.671113768985));
#10790 = VECTOR('',#10791,1.);
#10791 = DIRECTION('',(-1.065228634467E-16,-1.));
#10792 = ( GEOMETRIC_REPRESENTATION_CONTEXT(2) 
PARAMETRIC_REPRESENTATION_CONTEXT() REPRESENTATION_CONTEXT('2D SPACE',''
  ) );
#10793 = PCURVE('',#5049,#10794);
#10794 = DEFINITIONAL_REPRESENTATION('',(#10795),#10799);
#10795 = LINE('',#10796,#10797);
#10796 = CARTESIAN_POINT('',(-0.762953222646,0.15));
#10797 = VECTOR('',#10798,1.);
#10798 = DIRECTION('',(1.,0.));
#10799 = ( GEOMETRIC_REPRESENTATION_CONTEXT(2) 
PARAMETRIC_REPRESENTATION_CONTEXT() REPRESENTATION_CONTEXT('2D SPACE',''
  ) );
#10800 = ADVANCED_FACE('',(#10801),#1258,.T.);
#10801 = FACE_BOUND('',#10802,.T.);
#10802 = EDGE_LOOP('',(#10803,#10824,#10825,#10826));
#10803 = ORIENTED_EDGE('',*,*,#10804,.F.);
#10804 = EDGE_CURVE('',#5188,#1236,#10805,.T.);
#10805 = SURFACE_CURVE('',#10806,(#10810,#10817),.PCURVE_S1.);
#10806 = LINE('',#10807,#10808);
#10807 = CARTESIAN_POINT('',(-1.325,0.92,-5.551115123126E-16));
#10808 = VECTOR('',#10809,1.);
#10809 = DIRECTION('',(2.289834988289E-16,2.289834988289E-16,1.));
#10810 = PCURVE('',#1258,#10811);
#10811 = DEFINITIONAL_REPRESENTATION('',(#10812),#10816);
#10812 = LINE('',#10813,#10814);
#10813 = CARTESIAN_POINT('',(0.,0.));
#10814 = VECTOR('',#10815,1.);
#10815 = DIRECTION('',(1.,0.));
#10816 = ( GEOMETRIC_REPRESENTATION_CONTEXT(2) 
PARAMETRIC_REPRESENTATION_CONTEXT() REPRESENTATION_CONTEXT('2D SPACE',''
  ) );
#10817 = PCURVE('',#1342,#10818);
#10818 = DEFINITIONAL_REPRESENTATION('',(#10819),#10823);
#10819 = LINE('',#10820,#10821);
#10820 = CARTESIAN_POINT('',(-0.325779075398,-0.170500231015));
#10821 = VECTOR('',#10822,1.);
#10822 = DIRECTION('',(2.289834988289E-16,1.));
#10823 = ( GEOMETRIC_REPRESENTATION_CONTEXT(2) 
PARAMETRIC_REPRESENTATION_CONTEXT() REPRESENTATION_CONTEXT('2D SPACE',''
  ) );
#10824 = ORIENTED_EDGE('',*,*,#5187,.T.);
#10825 = ORIENTED_EDGE('',*,*,#8703,.T.);
#10826 = ORIENTED_EDGE('',*,*,#1235,.F.);
#10827 = ADVANCED_FACE('',(#10828),#3945,.T.);
#10828 = FACE_BOUND('',#10829,.T.);
#10829 = EDGE_LOOP('',(#10830,#10831,#10832,#10833));
#10830 = ORIENTED_EDGE('',*,*,#3929,.T.);
#10831 = ORIENTED_EDGE('',*,*,#8725,.T.);
#10832 = ORIENTED_EDGE('',*,*,#5134,.F.);
#10833 = ORIENTED_EDGE('',*,*,#10834,.F.);
#10834 = EDGE_CURVE('',#3930,#5135,#10835,.T.);
#10835 = SURFACE_CURVE('',#10836,(#10840,#10847),.PCURVE_S1.);
#10836 = LINE('',#10837,#10838);
#10837 = CARTESIAN_POINT('',(-1.325,1.3,5.E-02));
#10838 = VECTOR('',#10839,1.);
#10839 = DIRECTION('',(-1.619157848018E-16,-0.707106781187,
    -0.707106781186));
#10840 = PCURVE('',#3945,#10841);
#10841 = DEFINITIONAL_REPRESENTATION('',(#10842),#10846);
#10842 = LINE('',#10843,#10844);
#10843 = CARTESIAN_POINT('',(-0.,0.));
#10844 = VECTOR('',#10845,1.);
#10845 = DIRECTION('',(1.,-7.395570986447E-32));
#10846 = ( GEOMETRIC_REPRESENTATION_CONTEXT(2) 
PARAMETRIC_REPRESENTATION_CONTEXT() REPRESENTATION_CONTEXT('2D SPACE',''
  ) );
#10847 = PCURVE('',#1342,#10848);
#10848 = DEFINITIONAL_REPRESENTATION('',(#10849),#10853);
#10849 = LINE('',#10850,#10851);
#10850 = CARTESIAN_POINT('',(5.422092460224E-02,-0.120500231015));
#10851 = VECTOR('',#10852,1.);
#10852 = DIRECTION('',(-0.707106781187,-0.707106781186));
#10853 = ( GEOMETRIC_REPRESENTATION_CONTEXT(2) 
PARAMETRIC_REPRESENTATION_CONTEXT() REPRESENTATION_CONTEXT('2D SPACE',''
  ) );
#10854 = ADVANCED_FACE('',(#10855),#870,.F.);
#10855 = FACE_BOUND('',#10856,.T.);
#10856 = EDGE_LOOP('',(#10857,#10858,#10879,#10880));
#10857 = ORIENTED_EDGE('',*,*,#9067,.T.);
#10858 = ORIENTED_EDGE('',*,*,#10859,.F.);
#10859 = EDGE_CURVE('',#4545,#9068,#10860,.T.);
#10860 = SURFACE_CURVE('',#10861,(#10865,#10872),.PCURVE_S1.);
#10861 = LINE('',#10862,#10863);
#10862 = CARTESIAN_POINT('',(3.3,-2.E-02,0.841614));
#10863 = VECTOR('',#10864,1.);
#10864 = DIRECTION('',(2.289834988289E-16,1.065228634467E-16,1.));
#10865 = PCURVE('',#870,#10866);
#10866 = DEFINITIONAL_REPRESENTATION('',(#10867),#10871);
#10867 = LINE('',#10868,#10869);
#10868 = CARTESIAN_POINT('',(0.208386,-4.));
#10869 = VECTOR('',#10870,1.);
#10870 = DIRECTION('',(-1.,0.));
#10871 = ( GEOMETRIC_REPRESENTATION_CONTEXT(2) 
PARAMETRIC_REPRESENTATION_CONTEXT() REPRESENTATION_CONTEXT('2D SPACE',''
  ) );
#10872 = PCURVE('',#4583,#10873);
#10873 = DEFINITIONAL_REPRESENTATION('',(#10874),#10878);
#10874 = LINE('',#10875,#10876);
#10875 = CARTESIAN_POINT('',(-0.714863,-7.61492537321E-17));
#10876 = VECTOR('',#10877,1.);
#10877 = DIRECTION('',(0.,1.));
#10878 = ( GEOMETRIC_REPRESENTATION_CONTEXT(2) 
PARAMETRIC_REPRESENTATION_CONTEXT() REPRESENTATION_CONTEXT('2D SPACE',''
  ) );
#10879 = ORIENTED_EDGE('',*,*,#4544,.T.);
#10880 = ORIENTED_EDGE('',*,*,#854,.T.);
#10881 = ADVANCED_FACE('',(#10882),#9443,.T.);
#10882 = FACE_BOUND('',#10883,.T.);
#10883 = EDGE_LOOP('',(#10884,#10885,#10906,#10907));
#10884 = ORIENTED_EDGE('',*,*,#10515,.F.);
#10885 = ORIENTED_EDGE('',*,*,#10886,.F.);
#10886 = EDGE_CURVE('',#9428,#10493,#10887,.T.);
#10887 = SURFACE_CURVE('',#10888,(#10892,#10899),.PCURVE_S1.);
#10888 = LINE('',#10889,#10890);
#10889 = CARTESIAN_POINT('',(-16.,1.,15.48));
#10890 = VECTOR('',#10891,1.);
#10891 = DIRECTION('',(-0.707106781187,1.064046335705E-16,0.707106781187
    ));
#10892 = PCURVE('',#9443,#10893);
#10893 = DEFINITIONAL_REPRESENTATION('',(#10894),#10898);
#10894 = LINE('',#10895,#10896);
#10895 = CARTESIAN_POINT('',(-21.8142441996,-0.15));
#10896 = VECTOR('',#10897,1.);
#10897 = DIRECTION('',(-1.,-7.295350781106E-16));
#10898 = ( GEOMETRIC_REPRESENTATION_CONTEXT(2) 
PARAMETRIC_REPRESENTATION_CONTEXT() REPRESENTATION_CONTEXT('2D SPACE',''
  ) );
#10899 = PCURVE('',#5732,#10900);
#10900 = DEFINITIONAL_REPRESENTATION('',(#10901),#10905);
#10901 = LINE('',#10902,#10903);
#10902 = CARTESIAN_POINT('',(-15.17,19.325));
#10903 = VECTOR('',#10904,1.);
#10904 = DIRECTION('',(-0.707106781187,0.707106781187));
#10905 = ( GEOMETRIC_REPRESENTATION_CONTEXT(2) 
PARAMETRIC_REPRESENTATION_CONTEXT() REPRESENTATION_CONTEXT('2D SPACE',''
  ) );
#10906 = ORIENTED_EDGE('',*,*,#9427,.F.);
#10907 = ORIENTED_EDGE('',*,*,#10908,.T.);
#10908 = EDGE_CURVE('',#9405,#10425,#10909,.T.);
#10909 = SURFACE_CURVE('',#10910,(#10914,#10921),.PCURVE_S1.);
#10910 = LINE('',#10911,#10912);
#10911 = CARTESIAN_POINT('',(-0.5488325,0.694863,2.88325E-02));
#10912 = VECTOR('',#10913,1.);
#10913 = DIRECTION('',(-0.216371161204,0.952033109297,0.216371161204));
#10914 = PCURVE('',#9443,#10915);
#10915 = DEFINITIONAL_REPRESENTATION('',(#10916),#10920);
#10916 = LINE('',#10917,#10918);
#10917 = CARTESIAN_POINT('',(3.70064333934E-02,0.155137));
#10918 = VECTOR('',#10919,1.);
#10919 = DIRECTION('',(-0.305995030681,-0.952033109297));
#10920 = ( GEOMETRIC_REPRESENTATION_CONTEXT(2) 
PARAMETRIC_REPRESENTATION_CONTEXT() REPRESENTATION_CONTEXT('2D SPACE',''
  ) );
#10921 = PCURVE('',#4845,#10922);
#10922 = DEFINITIONAL_REPRESENTATION('',(#10923),#10927);
#10923 = LINE('',#10924,#10925);
#10924 = CARTESIAN_POINT('',(0.230878283572,-0.2886675));
#10925 = VECTOR('',#10926,1.);
#10926 = DIRECTION('',(-0.976311180208,0.216371161204));
#10927 = ( GEOMETRIC_REPRESENTATION_CONTEXT(2) 
PARAMETRIC_REPRESENTATION_CONTEXT() REPRESENTATION_CONTEXT('2D SPACE',''
  ) );
#10928 = ADVANCED_FACE('',(#10929),#1396,.T.);
#10929 = FACE_BOUND('',#10930,.T.);
#10930 = EDGE_LOOP('',(#10931,#10932,#10933,#10934));
#10931 = ORIENTED_EDGE('',*,*,#7811,.T.);
#10932 = ORIENTED_EDGE('',*,*,#5559,.T.);
#10933 = ORIENTED_EDGE('',*,*,#1380,.F.);
#10934 = ORIENTED_EDGE('',*,*,#10756,.T.);
#10935 = ADVANCED_FACE('',(#10936),#1639,.T.);
#10936 = FACE_BOUND('',#10937,.T.);
#10937 = EDGE_LOOP('',(#10938,#10939,#10940,#10941,#10942,#10963,#10964,
    #10965));
#10938 = ORIENTED_EDGE('',*,*,#10708,.T.);
#10939 = ORIENTED_EDGE('',*,*,#10448,.T.);
#10940 = ORIENTED_EDGE('',*,*,#4880,.T.);
#10941 = ORIENTED_EDGE('',*,*,#9382,.F.);
#10942 = ORIENTED_EDGE('',*,*,#10943,.T.);
#10943 = EDGE_CURVE('',#9360,#1624,#10944,.T.);
#10944 = SURFACE_CURVE('',#10945,(#10949,#10956),.PCURVE_S1.);
#10945 = LINE('',#10946,#10947);
#10946 = CARTESIAN_POINT('',(-16.5,1.,15.48));
#10947 = VECTOR('',#10948,1.);
#10948 = DIRECTION('',(-0.707106781187,1.064046335705E-16,0.707106781187
    ));
#10949 = PCURVE('',#1639,#10950);
#10950 = DEFINITIONAL_REPRESENTATION('',(#10951),#10955);
#10951 = LINE('',#10952,#10953);
#10952 = CARTESIAN_POINT('',(-15.17,19.325));
#10953 = VECTOR('',#10954,1.);
#10954 = DIRECTION('',(-0.707106781187,0.707106781187));
#10955 = ( GEOMETRIC_REPRESENTATION_CONTEXT(2) 
PARAMETRIC_REPRESENTATION_CONTEXT() REPRESENTATION_CONTEXT('2D SPACE',''
  ) );
#10956 = PCURVE('',#1220,#10957);
#10957 = DEFINITIONAL_REPRESENTATION('',(#10958),#10962);
#10958 = LINE('',#10959,#10960);
#10959 = CARTESIAN_POINT('',(-21.8142441996,-0.15));
#10960 = VECTOR('',#10961,1.);
#10961 = DIRECTION('',(-1.,-7.295350781106E-16));
#10962 = ( GEOMETRIC_REPRESENTATION_CONTEXT(2) 
PARAMETRIC_REPRESENTATION_CONTEXT() REPRESENTATION_CONTEXT('2D SPACE',''
  ) );
#10963 = ORIENTED_EDGE('',*,*,#1623,.T.);
#10964 = ORIENTED_EDGE('',*,*,#8772,.F.);
#10965 = ORIENTED_EDGE('',*,*,#10966,.T.);
#10966 = EDGE_CURVE('',#8750,#10709,#10967,.T.);
#10967 = SURFACE_CURVE('',#10968,(#10972,#10979),.PCURVE_S1.);
#10968 = LINE('',#10969,#10970);
#10969 = CARTESIAN_POINT('',(4.5,1.,0.31));
#10970 = VECTOR('',#10971,1.);
#10971 = DIRECTION('',(1.,-5.243344273594E-32,-2.289834988289E-16));
#10972 = PCURVE('',#1639,#10973);
#10973 = DEFINITIONAL_REPRESENTATION('',(#10974),#10978);
#10974 = LINE('',#10975,#10976);
#10975 = CARTESIAN_POINT('',(-3.835473605385E-16,-1.675));
#10976 = VECTOR('',#10977,1.);
#10977 = DIRECTION('',(0.,-1.));
#10978 = ( GEOMETRIC_REPRESENTATION_CONTEXT(2) 
PARAMETRIC_REPRESENTATION_CONTEXT() REPRESENTATION_CONTEXT('2D SPACE',''
  ) );
#10979 = PCURVE('',#530,#10980);
#10980 = DEFINITIONAL_REPRESENTATION('',(#10981),#10985);
#10981 = LINE('',#10982,#10983);
#10982 = CARTESIAN_POINT('',(-3.15,0.673724317761));
#10983 = VECTOR('',#10984,1.);
#10984 = DIRECTION('',(-1.,-2.736911063134E-48));
#10985 = ( GEOMETRIC_REPRESENTATION_CONTEXT(2) 
PARAMETRIC_REPRESENTATION_CONTEXT() REPRESENTATION_CONTEXT('2D SPACE',''
  ) );
#10986 = ADVANCED_FACE('',(#10987),#1342,.F.);
#10987 = FACE_BOUND('',#10988,.T.);
#10988 = EDGE_LOOP('',(#10989,#11012,#11033,#11034,#11035,#11036,#11037,
    #11038,#11039,#11040,#11041));
#10989 = ORIENTED_EDGE('',*,*,#10990,.F.);
#10990 = EDGE_CURVE('',#10991,#1573,#10993,.T.);
#10991 = VERTEX_POINT('',#10992);
#10992 = CARTESIAN_POINT('',(-1.325,1.,0.31));
#10993 = SURFACE_CURVE('',#10994,(#10998,#11005),.PCURVE_S1.);
#10994 = LINE('',#10995,#10996);
#10995 = CARTESIAN_POINT('',(-1.325,1.,0.841614));
#10996 = VECTOR('',#10997,1.);
#10997 = DIRECTION('',(-2.289834988289E-16,-1.065228634467E-16,-1.));
#10998 = PCURVE('',#1342,#10999);
#10999 = DEFINITIONAL_REPRESENTATION('',(#11000),#11004);
#11000 = LINE('',#11001,#11002);
#11001 = CARTESIAN_POINT('',(-0.245779075398,0.671113768985));
#11002 = VECTOR('',#11003,1.);
#11003 = DIRECTION('',(-1.065228634467E-16,-1.));
#11004 = ( GEOMETRIC_REPRESENTATION_CONTEXT(2) 
PARAMETRIC_REPRESENTATION_CONTEXT() REPRESENTATION_CONTEXT('2D SPACE',''
  ) );
#11005 = PCURVE('',#639,#11006);
#11006 = DEFINITIONAL_REPRESENTATION('',(#11007),#11011);
#11007 = LINE('',#11008,#11009);
#11008 = CARTESIAN_POINT('',(-0.531614,3.65));
#11009 = VECTOR('',#11010,1.);
#11010 = DIRECTION('',(1.,0.));
#11011 = ( GEOMETRIC_REPRESENTATION_CONTEXT(2) 
PARAMETRIC_REPRESENTATION_CONTEXT() REPRESENTATION_CONTEXT('2D SPACE',''
  ) );
#11012 = ORIENTED_EDGE('',*,*,#11013,.F.);
#11013 = EDGE_CURVE('',#4419,#10991,#11014,.T.);
#11014 = SURFACE_CURVE('',#11015,(#11019,#11026),.PCURVE_S1.);
#11015 = LINE('',#11016,#11017);
#11016 = CARTESIAN_POINT('',(-1.325,0.694863,0.31));
#11017 = VECTOR('',#11018,1.);
#11018 = DIRECTION('',(-2.804146475864E-32,-1.,1.065228634467E-16));
#11019 = PCURVE('',#1342,#11020);
#11020 = DEFINITIONAL_REPRESENTATION('',(#11021),#11025);
#11021 = LINE('',#11022,#11023);
#11022 = CARTESIAN_POINT('',(-0.550916075398,0.139499768985));
#11023 = VECTOR('',#11024,1.);
#11024 = DIRECTION('',(-1.,1.065228634467E-16));
#11025 = ( GEOMETRIC_REPRESENTATION_CONTEXT(2) 
PARAMETRIC_REPRESENTATION_CONTEXT() REPRESENTATION_CONTEXT('2D SPACE',''
  ) );
#11026 = PCURVE('',#530,#11027);
#11027 = DEFINITIONAL_REPRESENTATION('',(#11028),#11032);
#11028 = LINE('',#11029,#11030);
#11029 = CARTESIAN_POINT('',(2.675,0.978861317761));
#11030 = VECTOR('',#11031,1.);
#11031 = DIRECTION('',(9.031806508344E-47,1.));
#11032 = ( GEOMETRIC_REPRESENTATION_CONTEXT(2) 
PARAMETRIC_REPRESENTATION_CONTEXT() REPRESENTATION_CONTEXT('2D SPACE',''
  ) );
#11033 = ORIENTED_EDGE('',*,*,#4494,.F.);
#11034 = ORIENTED_EDGE('',*,*,#8421,.T.);
#11035 = ORIENTED_EDGE('',*,*,#3957,.T.);
#11036 = ORIENTED_EDGE('',*,*,#10834,.T.);
#11037 = ORIENTED_EDGE('',*,*,#5210,.F.);
#11038 = ORIENTED_EDGE('',*,*,#10804,.T.);
#11039 = ORIENTED_EDGE('',*,*,#1327,.F.);
#11040 = ORIENTED_EDGE('',*,*,#5892,.T.);
#11041 = ORIENTED_EDGE('',*,*,#4653,.F.);
#11042 = ADVANCED_FACE('',(#11043),#639,.T.);
#11043 = FACE_BOUND('',#11044,.T.);
#11044 = EDGE_LOOP('',(#11045,#11046,#11047,#11048,#11049,#11050,#11051,
    #11052));
#11045 = ORIENTED_EDGE('',*,*,#10990,.T.);
#11046 = ORIENTED_EDGE('',*,*,#1572,.T.);
#11047 = ORIENTED_EDGE('',*,*,#5509,.T.);
#11048 = ORIENTED_EDGE('',*,*,#9336,.F.);
#11049 = ORIENTED_EDGE('',*,*,#623,.T.);
#11050 = ORIENTED_EDGE('',*,*,#4393,.T.);
#11051 = ORIENTED_EDGE('',*,*,#2952,.T.);
#11052 = ORIENTED_EDGE('',*,*,#11053,.T.);
#11053 = EDGE_CURVE('',#2930,#10991,#11054,.T.);
#11054 = SURFACE_CURVE('',#11055,(#11059,#11066),.PCURVE_S1.);
#11055 = LINE('',#11056,#11057);
#11056 = CARTESIAN_POINT('',(4.,1.,0.31));
#11057 = VECTOR('',#11058,1.);
#11058 = DIRECTION('',(1.,-5.243344273594E-32,-2.289834988289E-16));
#11059 = PCURVE('',#639,#11060);
#11060 = DEFINITIONAL_REPRESENTATION('',(#11061),#11065);
#11061 = LINE('',#11062,#11063);
#11062 = CARTESIAN_POINT('',(-3.835473605385E-16,-1.675));
#11063 = VECTOR('',#11064,1.);
#11064 = DIRECTION('',(0.,-1.));
#11065 = ( GEOMETRIC_REPRESENTATION_CONTEXT(2) 
PARAMETRIC_REPRESENTATION_CONTEXT() REPRESENTATION_CONTEXT('2D SPACE',''
  ) );
#11066 = PCURVE('',#530,#11067);
#11067 = DEFINITIONAL_REPRESENTATION('',(#11068),#11072);
#11068 = LINE('',#11069,#11070);
#11069 = CARTESIAN_POINT('',(-2.65,0.673724317761));
#11070 = VECTOR('',#11071,1.);
#11071 = DIRECTION('',(-1.,-2.736911063134E-48));
#11072 = ( GEOMETRIC_REPRESENTATION_CONTEXT(2) 
PARAMETRIC_REPRESENTATION_CONTEXT() REPRESENTATION_CONTEXT('2D SPACE',''
  ) );
#11073 = ADVANCED_FACE('',(#11074),#7965,.T.);
#11074 = FACE_BOUND('',#11075,.T.);
#11075 = EDGE_LOOP('',(#11076,#11099,#11120,#11121));
#11076 = ORIENTED_EDGE('',*,*,#11077,.T.);
#11077 = EDGE_CURVE('',#8184,#11078,#11080,.T.);
#11078 = VERTEX_POINT('',#11079);
#11079 = CARTESIAN_POINT('',(-0.175,1.35,0.31));
#11080 = SURFACE_CURVE('',#11081,(#11085,#11092),.PCURVE_S1.);
#11081 = LINE('',#11082,#11083);
#11082 = CARTESIAN_POINT('',(2.5,1.35,0.31));
#11083 = VECTOR('',#11084,1.);
#11084 = DIRECTION('',(1.,-5.243344273594E-32,-2.289834988289E-16));
#11085 = PCURVE('',#7965,#11086);
#11086 = DEFINITIONAL_REPRESENTATION('',(#11087),#11091);
#11087 = LINE('',#11088,#11089);
#11088 = CARTESIAN_POINT('',(2.350723782296E-15,-2.825));
#11089 = VECTOR('',#11090,1.);
#11090 = DIRECTION('',(0.,-1.));
#11091 = ( GEOMETRIC_REPRESENTATION_CONTEXT(2) 
PARAMETRIC_REPRESENTATION_CONTEXT() REPRESENTATION_CONTEXT('2D SPACE',''
  ) );
#11092 = PCURVE('',#530,#11093);
#11093 = DEFINITIONAL_REPRESENTATION('',(#11094),#11098);
#11094 = LINE('',#11095,#11096);
#11095 = CARTESIAN_POINT('',(-1.15,0.323724317761));
#11096 = VECTOR('',#11097,1.);
#11097 = DIRECTION('',(-1.,-2.736911063134E-48));
#11098 = ( GEOMETRIC_REPRESENTATION_CONTEXT(2) 
PARAMETRIC_REPRESENTATION_CONTEXT() REPRESENTATION_CONTEXT('2D SPACE',''
  ) );
#11099 = ORIENTED_EDGE('',*,*,#11100,.T.);
#11100 = EDGE_CURVE('',#11078,#7923,#11101,.T.);
#11101 = SURFACE_CURVE('',#11102,(#11106,#11113),.PCURVE_S1.);
#11102 = LINE('',#11103,#11104);
#11103 = CARTESIAN_POINT('',(-0.175,1.35,0.841614));
#11104 = VECTOR('',#11105,1.);
#11105 = DIRECTION('',(-2.289834988289E-16,-2.289834988289E-16,-1.));
#11106 = PCURVE('',#7965,#11107);
#11107 = DEFINITIONAL_REPRESENTATION('',(#11108),#11112);
#11108 = LINE('',#11109,#11110);
#11109 = CARTESIAN_POINT('',(-0.531614,-0.15));
#11110 = VECTOR('',#11111,1.);
#11111 = DIRECTION('',(1.,0.));
#11112 = ( GEOMETRIC_REPRESENTATION_CONTEXT(2) 
PARAMETRIC_REPRESENTATION_CONTEXT() REPRESENTATION_CONTEXT('2D SPACE',''
  ) );
#11113 = PCURVE('',#7939,#11114);
#11114 = DEFINITIONAL_REPRESENTATION('',(#11115),#11119);
#11115 = LINE('',#11116,#11117);
#11116 = CARTESIAN_POINT('',(0.104220924602,0.671113768985));
#11117 = VECTOR('',#11118,1.);
#11118 = DIRECTION('',(-2.289834988289E-16,-1.));
#11119 = ( GEOMETRIC_REPRESENTATION_CONTEXT(2) 
PARAMETRIC_REPRESENTATION_CONTEXT() REPRESENTATION_CONTEXT('2D SPACE',''
  ) );
#11120 = ORIENTED_EDGE('',*,*,#7951,.F.);
#11121 = ORIENTED_EDGE('',*,*,#8206,.T.);
#11122 = ADVANCED_FACE('',(#11123),#11135,.F.);
#11123 = FACE_BOUND('',#11124,.T.);
#11124 = EDGE_LOOP('',(#11125,#11153,#11176,#11204,#11233,#11261,#11289,
    #11317,#11345,#11374,#11402));
#11125 = ORIENTED_EDGE('',*,*,#11126,.F.);
#11126 = EDGE_CURVE('',#11127,#8821,#11129,.T.);
#11127 = VERTEX_POINT('',#11128);
#11128 = CARTESIAN_POINT('',(2.175,1.,0.31));
#11129 = SURFACE_CURVE('',#11130,(#11134,#11146),.PCURVE_S1.);
#11130 = LINE('',#11131,#11132);
#11131 = CARTESIAN_POINT('',(2.175,1.,0.841614));
#11132 = VECTOR('',#11133,1.);
#11133 = DIRECTION('',(-2.289834988289E-16,-1.065228634467E-16,-1.));
#11134 = PCURVE('',#11135,#11140);
#11135 = PLANE('',#11136);
#11136 = AXIS2_PLACEMENT_3D('',#11137,#11138,#11139);
#11137 = CARTESIAN_POINT('',(2.175,1.245779075398,0.170500231015));
#11138 = DIRECTION('',(1.,-5.243344273594E-32,-2.289834988289E-16));
#11139 = DIRECTION('',(5.243344273594E-32,1.,0.));
#11140 = DEFINITIONAL_REPRESENTATION('',(#11141),#11145);
#11141 = LINE('',#11142,#11143);
#11142 = CARTESIAN_POINT('',(-0.245779075398,0.671113768985));
#11143 = VECTOR('',#11144,1.);
#11144 = DIRECTION('',(-1.065228634467E-16,-1.));
#11145 = ( GEOMETRIC_REPRESENTATION_CONTEXT(2) 
PARAMETRIC_REPRESENTATION_CONTEXT() REPRESENTATION_CONTEXT('2D SPACE',''
  ) );
#11146 = PCURVE('',#4032,#11147);
#11147 = DEFINITIONAL_REPRESENTATION('',(#11148),#11152);
#11148 = LINE('',#11149,#11150);
#11149 = CARTESIAN_POINT('',(-0.531614,0.15));
#11150 = VECTOR('',#11151,1.);
#11151 = DIRECTION('',(1.,0.));
#11152 = ( GEOMETRIC_REPRESENTATION_CONTEXT(2) 
PARAMETRIC_REPRESENTATION_CONTEXT() REPRESENTATION_CONTEXT('2D SPACE',''
  ) );
#11153 = ORIENTED_EDGE('',*,*,#11154,.F.);
#11154 = EDGE_CURVE('',#11155,#11127,#11157,.T.);
#11155 = VERTEX_POINT('',#11156);
#11156 = CARTESIAN_POINT('',(2.175,1.35,0.31));
#11157 = SURFACE_CURVE('',#11158,(#11162,#11169),.PCURVE_S1.);
#11158 = LINE('',#11159,#11160);
#11159 = CARTESIAN_POINT('',(2.175,0.694863,0.31));
#11160 = VECTOR('',#11161,1.);
#11161 = DIRECTION('',(-2.804146475864E-32,-1.,1.065228634467E-16));
#11162 = PCURVE('',#11135,#11163);
#11163 = DEFINITIONAL_REPRESENTATION('',(#11164),#11168);
#11164 = LINE('',#11165,#11166);
#11165 = CARTESIAN_POINT('',(-0.550916075398,0.139499768985));
#11166 = VECTOR('',#11167,1.);
#11167 = DIRECTION('',(-1.,1.065228634467E-16));
#11168 = ( GEOMETRIC_REPRESENTATION_CONTEXT(2) 
PARAMETRIC_REPRESENTATION_CONTEXT() REPRESENTATION_CONTEXT('2D SPACE',''
  ) );
#11169 = PCURVE('',#530,#11170);
#11170 = DEFINITIONAL_REPRESENTATION('',(#11171),#11175);
#11171 = LINE('',#11172,#11173);
#11172 = CARTESIAN_POINT('',(-0.825,0.978861317761));
#11173 = VECTOR('',#11174,1.);
#11174 = DIRECTION('',(9.031806508344E-47,1.));
#11175 = ( GEOMETRIC_REPRESENTATION_CONTEXT(2) 
PARAMETRIC_REPRESENTATION_CONTEXT() REPRESENTATION_CONTEXT('2D SPACE',''
  ) );
#11176 = ORIENTED_EDGE('',*,*,#11177,.F.);
#11177 = EDGE_CURVE('',#11178,#11155,#11180,.T.);
#11178 = VERTEX_POINT('',#11179);
#11179 = CARTESIAN_POINT('',(2.175,1.35,0.16));
#11180 = SURFACE_CURVE('',#11181,(#11185,#11192),.PCURVE_S1.);
#11181 = LINE('',#11182,#11183);
#11182 = CARTESIAN_POINT('',(2.175,1.35,0.31));
#11183 = VECTOR('',#11184,1.);
#11184 = DIRECTION('',(2.289834988289E-16,2.289834988289E-16,1.));
#11185 = PCURVE('',#11135,#11186);
#11186 = DEFINITIONAL_REPRESENTATION('',(#11187),#11191);
#11187 = LINE('',#11188,#11189);
#11188 = CARTESIAN_POINT('',(0.104220924602,0.139499768985));
#11189 = VECTOR('',#11190,1.);
#11190 = DIRECTION('',(2.289834988289E-16,1.));
#11191 = ( GEOMETRIC_REPRESENTATION_CONTEXT(2) 
PARAMETRIC_REPRESENTATION_CONTEXT() REPRESENTATION_CONTEXT('2D SPACE',''
  ) );
#11192 = PCURVE('',#11193,#11198);
#11193 = PLANE('',#11194);
#11194 = AXIS2_PLACEMENT_3D('',#11195,#11196,#11197);
#11195 = CARTESIAN_POINT('',(2.175,1.35,0.31));
#11196 = DIRECTION('',(0.,1.,-2.289834988289E-16));
#11197 = DIRECTION('',(-2.289834988289E-16,-2.289834988289E-16,-1.));
#11198 = DEFINITIONAL_REPRESENTATION('',(#11199),#11203);
#11199 = LINE('',#11200,#11201);
#11200 = CARTESIAN_POINT('',(-0.,0.));
#11201 = VECTOR('',#11202,1.);
#11202 = DIRECTION('',(-1.,0.));
#11203 = ( GEOMETRIC_REPRESENTATION_CONTEXT(2) 
PARAMETRIC_REPRESENTATION_CONTEXT() REPRESENTATION_CONTEXT('2D SPACE',''
  ) );
#11204 = ORIENTED_EDGE('',*,*,#11205,.T.);
#11205 = EDGE_CURVE('',#11178,#11206,#11208,.T.);
#11206 = VERTEX_POINT('',#11207);
#11207 = CARTESIAN_POINT('',(2.175,1.3,0.11));
#11208 = SURFACE_CURVE('',#11209,(#11214,#11221),.PCURVE_S1.);
#11209 = CIRCLE('',#11210,5.E-02);
#11210 = AXIS2_PLACEMENT_3D('',#11211,#11212,#11213);
#11211 = CARTESIAN_POINT('',(2.175,1.35,0.11));
#11212 = DIRECTION('',(1.,-5.243344273594E-32,-2.289834988289E-16));
#11213 = DIRECTION('',(-2.080052407982E-46,1.,-2.289834988289E-16));
#11214 = PCURVE('',#11135,#11215);
#11215 = DEFINITIONAL_REPRESENTATION('',(#11216),#11220);
#11216 = CIRCLE('',#11217,5.E-02);
#11217 = AXIS2_PLACEMENT_2D('',#11218,#11219);
#11218 = CARTESIAN_POINT('',(0.104220924602,-6.050023101547E-02));
#11219 = DIRECTION('',(1.,-2.289834988289E-16));
#11220 = ( GEOMETRIC_REPRESENTATION_CONTEXT(2) 
PARAMETRIC_REPRESENTATION_CONTEXT() REPRESENTATION_CONTEXT('2D SPACE',''
  ) );
#11221 = PCURVE('',#11222,#11227);
#11222 = CYLINDRICAL_SURFACE('',#11223,5.E-02);
#11223 = AXIS2_PLACEMENT_3D('',#11224,#11225,#11226);
#11224 = CARTESIAN_POINT('',(2.175,1.35,0.11));
#11225 = DIRECTION('',(1.,-5.243344273594E-32,-2.289834988289E-16));
#11226 = DIRECTION('',(-2.080052407982E-46,1.,-2.289834988289E-16));
#11227 = DEFINITIONAL_REPRESENTATION('',(#11228),#11232);
#11228 = LINE('',#11229,#11230);
#11229 = CARTESIAN_POINT('',(-2.22044604925E-16,0.));
#11230 = VECTOR('',#11231,1.);
#11231 = DIRECTION('',(1.,0.));
#11232 = ( GEOMETRIC_REPRESENTATION_CONTEXT(2) 
PARAMETRIC_REPRESENTATION_CONTEXT() REPRESENTATION_CONTEXT('2D SPACE',''
  ) );
#11233 = ORIENTED_EDGE('',*,*,#11234,.T.);
#11234 = EDGE_CURVE('',#11206,#11235,#11237,.T.);
#11235 = VERTEX_POINT('',#11236);
#11236 = CARTESIAN_POINT('',(2.175,1.3,5.E-02));
#11237 = SURFACE_CURVE('',#11238,(#11242,#11249),.PCURVE_S1.);
#11238 = LINE('',#11239,#11240);
#11239 = CARTESIAN_POINT('',(2.175,1.3,0.11));
#11240 = VECTOR('',#11241,1.);
#11241 = DIRECTION('',(-2.289834988289E-16,-2.289834988289E-16,-1.));
#11242 = PCURVE('',#11135,#11243);
#11243 = DEFINITIONAL_REPRESENTATION('',(#11244),#11248);
#11244 = LINE('',#11245,#11246);
#11245 = CARTESIAN_POINT('',(5.422092460224E-02,-6.050023101547E-02));
#11246 = VECTOR('',#11247,1.);
#11247 = DIRECTION('',(-2.289834988289E-16,-1.));
#11248 = ( GEOMETRIC_REPRESENTATION_CONTEXT(2) 
PARAMETRIC_REPRESENTATION_CONTEXT() REPRESENTATION_CONTEXT('2D SPACE',''
  ) );
#11249 = PCURVE('',#11250,#11255);
#11250 = PLANE('',#11251);
#11251 = AXIS2_PLACEMENT_3D('',#11252,#11253,#11254);
#11252 = CARTESIAN_POINT('',(2.175,1.3,0.11));
#11253 = DIRECTION('',(0.,1.,-2.289834988289E-16));
#11254 = DIRECTION('',(-2.289834988289E-16,-2.289834988289E-16,-1.));
#11255 = DEFINITIONAL_REPRESENTATION('',(#11256),#11260);
#11256 = LINE('',#11257,#11258);
#11257 = CARTESIAN_POINT('',(-0.,0.));
#11258 = VECTOR('',#11259,1.);
#11259 = DIRECTION('',(1.,0.));
#11260 = ( GEOMETRIC_REPRESENTATION_CONTEXT(2) 
PARAMETRIC_REPRESENTATION_CONTEXT() REPRESENTATION_CONTEXT('2D SPACE',''
  ) );
#11261 = ORIENTED_EDGE('',*,*,#11262,.T.);
#11262 = EDGE_CURVE('',#11235,#11263,#11265,.T.);
#11263 = VERTEX_POINT('',#11264);
#11264 = CARTESIAN_POINT('',(2.175,1.25,-1.7763568394E-15));
#11265 = SURFACE_CURVE('',#11266,(#11270,#11277),.PCURVE_S1.);
#11266 = LINE('',#11267,#11268);
#11267 = CARTESIAN_POINT('',(2.175,1.3,5.E-02));
#11268 = VECTOR('',#11269,1.);
#11269 = DIRECTION('',(-1.619157848018E-16,-0.707106781187,
    -0.707106781186));
#11270 = PCURVE('',#11135,#11271);
#11271 = DEFINITIONAL_REPRESENTATION('',(#11272),#11276);
#11272 = LINE('',#11273,#11274);
#11273 = CARTESIAN_POINT('',(5.422092460224E-02,-0.120500231015));
#11274 = VECTOR('',#11275,1.);
#11275 = DIRECTION('',(-0.707106781187,-0.707106781186));
#11276 = ( GEOMETRIC_REPRESENTATION_CONTEXT(2) 
PARAMETRIC_REPRESENTATION_CONTEXT() REPRESENTATION_CONTEXT('2D SPACE',''
  ) );
#11277 = PCURVE('',#11278,#11283);
#11278 = PLANE('',#11279);
#11279 = AXIS2_PLACEMENT_3D('',#11280,#11281,#11282);
#11280 = CARTESIAN_POINT('',(2.175,1.3,5.E-02));
#11281 = DIRECTION('',(-1.619157848018E-16,0.707106781186,
    -0.707106781187));
#11282 = DIRECTION('',(-1.619157848018E-16,-0.707106781187,
    -0.707106781186));
#11283 = DEFINITIONAL_REPRESENTATION('',(#11284),#11288);
#11284 = LINE('',#11285,#11286);
#11285 = CARTESIAN_POINT('',(-0.,0.));
#11286 = VECTOR('',#11287,1.);
#11287 = DIRECTION('',(1.,-7.395570986447E-32));
#11288 = ( GEOMETRIC_REPRESENTATION_CONTEXT(2) 
PARAMETRIC_REPRESENTATION_CONTEXT() REPRESENTATION_CONTEXT('2D SPACE',''
  ) );
#11289 = ORIENTED_EDGE('',*,*,#11290,.F.);
#11290 = EDGE_CURVE('',#11291,#11263,#11293,.T.);
#11291 = VERTEX_POINT('',#11292);
#11292 = CARTESIAN_POINT('',(2.175,0.92,-1.665334536938E-15));
#11293 = SURFACE_CURVE('',#11294,(#11298,#11305),.PCURVE_S1.);
#11294 = LINE('',#11295,#11296);
#11295 = CARTESIAN_POINT('',(2.175,0.92,-1.665334536938E-15));
#11296 = VECTOR('',#11297,1.);
#11297 = DIRECTION('',(0.,1.,-2.289834988289E-16));
#11298 = PCURVE('',#11135,#11299);
#11299 = DEFINITIONAL_REPRESENTATION('',(#11300),#11304);
#11300 = LINE('',#11301,#11302);
#11301 = CARTESIAN_POINT('',(-0.325779075398,-0.170500231015));
#11302 = VECTOR('',#11303,1.);
#11303 = DIRECTION('',(1.,-2.289834988289E-16));
#11304 = ( GEOMETRIC_REPRESENTATION_CONTEXT(2) 
PARAMETRIC_REPRESENTATION_CONTEXT() REPRESENTATION_CONTEXT('2D SPACE',''
  ) );
#11305 = PCURVE('',#11306,#11311);
#11306 = PLANE('',#11307);
#11307 = AXIS2_PLACEMENT_3D('',#11308,#11309,#11310);
#11308 = CARTESIAN_POINT('',(2.175,1.25,-1.7763568394E-15));
#11309 = DIRECTION('',(-2.289834988289E-16,-2.289834988289E-16,-1.));
#11310 = DIRECTION('',(0.,-1.,2.289834988289E-16));
#11311 = DEFINITIONAL_REPRESENTATION('',(#11312),#11316);
#11312 = LINE('',#11313,#11314);
#11313 = CARTESIAN_POINT('',(0.33,5.473822126269E-48));
#11314 = VECTOR('',#11315,1.);
#11315 = DIRECTION('',(-1.,0.));
#11316 = ( GEOMETRIC_REPRESENTATION_CONTEXT(2) 
PARAMETRIC_REPRESENTATION_CONTEXT() REPRESENTATION_CONTEXT('2D SPACE',''
  ) );
#11317 = ORIENTED_EDGE('',*,*,#11318,.T.);
#11318 = EDGE_CURVE('',#11291,#11319,#11321,.T.);
#11319 = VERTEX_POINT('',#11320);
#11320 = CARTESIAN_POINT('',(2.175,0.92,3.619548911246E-02));
#11321 = SURFACE_CURVE('',#11322,(#11326,#11333),.PCURVE_S1.);
#11322 = LINE('',#11323,#11324);
#11323 = CARTESIAN_POINT('',(2.175,0.92,-1.665334536938E-15));
#11324 = VECTOR('',#11325,1.);
#11325 = DIRECTION('',(2.289834988289E-16,2.289834988289E-16,1.));
#11326 = PCURVE('',#11135,#11327);
#11327 = DEFINITIONAL_REPRESENTATION('',(#11328),#11332);
#11328 = LINE('',#11329,#11330);
#11329 = CARTESIAN_POINT('',(-0.325779075398,-0.170500231015));
#11330 = VECTOR('',#11331,1.);
#11331 = DIRECTION('',(2.289834988289E-16,1.));
#11332 = ( GEOMETRIC_REPRESENTATION_CONTEXT(2) 
PARAMETRIC_REPRESENTATION_CONTEXT() REPRESENTATION_CONTEXT('2D SPACE',''
  ) );
#11333 = PCURVE('',#11334,#11339);
#11334 = PLANE('',#11335);
#11335 = AXIS2_PLACEMENT_3D('',#11336,#11337,#11338);
#11336 = CARTESIAN_POINT('',(2.175,0.92,-1.665334536938E-15));
#11337 = DIRECTION('',(0.,-1.,2.289834988289E-16));
#11338 = DIRECTION('',(2.289834988289E-16,2.289834988289E-16,1.));
#11339 = DEFINITIONAL_REPRESENTATION('',(#11340),#11344);
#11340 = LINE('',#11341,#11342);
#11341 = CARTESIAN_POINT('',(0.,0.));
#11342 = VECTOR('',#11343,1.);
#11343 = DIRECTION('',(1.,0.));
#11344 = ( GEOMETRIC_REPRESENTATION_CONTEXT(2) 
PARAMETRIC_REPRESENTATION_CONTEXT() REPRESENTATION_CONTEXT('2D SPACE',''
  ) );
#11345 = ORIENTED_EDGE('',*,*,#11346,.F.);
#11346 = EDGE_CURVE('',#11347,#11319,#11349,.T.);
#11347 = VERTEX_POINT('',#11348);
#11348 = CARTESIAN_POINT('',(2.175,0.943186633611,6.541154699934E-02));
#11349 = SURFACE_CURVE('',#11350,(#11355,#11362),.PCURVE_S1.);
#11350 = CIRCLE('',#11351,3.E-02);
#11351 = AXIS2_PLACEMENT_3D('',#11352,#11353,#11354);
#11352 = CARTESIAN_POINT('',(2.175,0.95,3.619548911246E-02));
#11353 = DIRECTION('',(1.,-5.243344273594E-32,-2.289834988289E-16));
#11354 = DIRECTION('',(-2.080052407982E-46,1.,-2.289834988289E-16));
#11355 = PCURVE('',#11135,#11356);
#11356 = DEFINITIONAL_REPRESENTATION('',(#11357),#11361);
#11357 = CIRCLE('',#11358,3.E-02);
#11358 = AXIS2_PLACEMENT_2D('',#11359,#11360);
#11359 = CARTESIAN_POINT('',(-0.295779075398,-0.134304741903));
#11360 = DIRECTION('',(1.,-2.289834988289E-16));
#11361 = ( GEOMETRIC_REPRESENTATION_CONTEXT(2) 
PARAMETRIC_REPRESENTATION_CONTEXT() REPRESENTATION_CONTEXT('2D SPACE',''
  ) );
#11362 = PCURVE('',#11363,#11368);
#11363 = CYLINDRICAL_SURFACE('',#11364,3.E-02);
#11364 = AXIS2_PLACEMENT_3D('',#11365,#11366,#11367);
#11365 = CARTESIAN_POINT('',(2.175,0.95,3.619548911246E-02));
#11366 = DIRECTION('',(1.,-5.243344273594E-32,-2.289834988289E-16));
#11367 = DIRECTION('',(-2.080052407982E-46,1.,-2.289834988289E-16));
#11368 = DEFINITIONAL_REPRESENTATION('',(#11369),#11373);
#11369 = LINE('',#11370,#11371);
#11370 = CARTESIAN_POINT('',(-6.661338147751E-16,0.));
#11371 = VECTOR('',#11372,1.);
#11372 = DIRECTION('',(1.,0.));
#11373 = ( GEOMETRIC_REPRESENTATION_CONTEXT(2) 
PARAMETRIC_REPRESENTATION_CONTEXT() REPRESENTATION_CONTEXT('2D SPACE',''
  ) );
#11374 = ORIENTED_EDGE('',*,*,#11375,.T.);
#11375 = EDGE_CURVE('',#11347,#11376,#11378,.T.);
#11376 = VERTEX_POINT('',#11377);
#11377 = CARTESIAN_POINT('',(2.175,1.,7.866077735406E-02));
#11378 = SURFACE_CURVE('',#11379,(#11383,#11390),.PCURVE_S1.);
#11379 = LINE('',#11380,#11381);
#11380 = CARTESIAN_POINT('',(2.175,0.943186633611,6.541154699934E-02));
#11381 = VECTOR('',#11382,1.);
#11382 = DIRECTION('',(5.200494915182E-17,0.973868596229,0.227112212966)
  );
#11383 = PCURVE('',#11135,#11384);
#11384 = DEFINITIONAL_REPRESENTATION('',(#11385),#11389);
#11385 = LINE('',#11386,#11387);
#11386 = CARTESIAN_POINT('',(-0.302592441787,-0.105088684016));
#11387 = VECTOR('',#11388,1.);
#11388 = DIRECTION('',(0.973868596229,0.227112212966));
#11389 = ( GEOMETRIC_REPRESENTATION_CONTEXT(2) 
PARAMETRIC_REPRESENTATION_CONTEXT() REPRESENTATION_CONTEXT('2D SPACE',''
  ) );
#11390 = PCURVE('',#11391,#11396);
#11391 = PLANE('',#11392);
#11392 = AXIS2_PLACEMENT_3D('',#11393,#11394,#11395);
#11393 = CARTESIAN_POINT('',(2.175,0.943186633611,6.541154699934E-02));
#11394 = DIRECTION('',(2.229998385642E-16,-0.227112212966,0.973868596229
    ));
#11395 = DIRECTION('',(5.200494915182E-17,0.973868596229,0.227112212966)
  );
#11396 = DEFINITIONAL_REPRESENTATION('',(#11397),#11401);
#11397 = LINE('',#11398,#11399);
#11398 = CARTESIAN_POINT('',(0.,0.));
#11399 = VECTOR('',#11400,1.);
#11400 = DIRECTION('',(1.,-3.697785493223E-32));
#11401 = ( GEOMETRIC_REPRESENTATION_CONTEXT(2) 
PARAMETRIC_REPRESENTATION_CONTEXT() REPRESENTATION_CONTEXT('2D SPACE',''
  ) );
#11402 = ORIENTED_EDGE('',*,*,#11403,.F.);
#11403 = EDGE_CURVE('',#8821,#11376,#11404,.T.);
#11404 = SURFACE_CURVE('',#11405,(#11409,#11416),.PCURVE_S1.);
#11405 = LINE('',#11406,#11407);
#11406 = CARTESIAN_POINT('',(2.175,1.,0.841614));
#11407 = VECTOR('',#11408,1.);
#11408 = DIRECTION('',(-2.289834988289E-16,-1.065228634467E-16,-1.));
#11409 = PCURVE('',#11135,#11410);
#11410 = DEFINITIONAL_REPRESENTATION('',(#11411),#11415);
#11411 = LINE('',#11412,#11413);
#11412 = CARTESIAN_POINT('',(-0.245779075398,0.671113768985));
#11413 = VECTOR('',#11414,1.);
#11414 = DIRECTION('',(-1.065228634467E-16,-1.));
#11415 = ( GEOMETRIC_REPRESENTATION_CONTEXT(2) 
PARAMETRIC_REPRESENTATION_CONTEXT() REPRESENTATION_CONTEXT('2D SPACE',''
  ) );
#11416 = PCURVE('',#8859,#11417);
#11417 = DEFINITIONAL_REPRESENTATION('',(#11418),#11422);
#11418 = LINE('',#11419,#11420);
#11419 = CARTESIAN_POINT('',(-0.762953222646,0.15));
#11420 = VECTOR('',#11421,1.);
#11421 = DIRECTION('',(1.,0.));
#11422 = ( GEOMETRIC_REPRESENTATION_CONTEXT(2) 
PARAMETRIC_REPRESENTATION_CONTEXT() REPRESENTATION_CONTEXT('2D SPACE',''
  ) );
#11423 = ADVANCED_FACE('',(#11424),#10386,.T.);
#11424 = FACE_BOUND('',#11425,.T.);
#11425 = EDGE_LOOP('',(#11426,#11451,#11474,#11495,#11496,#11519));
#11426 = ORIENTED_EDGE('',*,*,#11427,.T.);
#11427 = EDGE_CURVE('',#11428,#11430,#11432,.T.);
#11428 = VERTEX_POINT('',#11429);
#11429 = CARTESIAN_POINT('',(-1.E-01,0.92,8.E-02));
#11430 = VERTEX_POINT('',#11431);
#11431 = CARTESIAN_POINT('',(-0.4,0.92,8.E-02));
#11432 = SURFACE_CURVE('',#11433,(#11437,#11444),.PCURVE_S1.);
#11433 = LINE('',#11434,#11435);
#11434 = CARTESIAN_POINT('',(-16.,0.92,8.E-02));
#11435 = VECTOR('',#11436,1.);
#11436 = DIRECTION('',(-1.,5.243344273594E-32,2.289834988289E-16));
#11437 = PCURVE('',#10386,#11438);
#11438 = DEFINITIONAL_REPRESENTATION('',(#11439),#11443);
#11439 = LINE('',#11440,#11441);
#11440 = CARTESIAN_POINT('',(8.E-02,15.6625));
#11441 = VECTOR('',#11442,1.);
#11442 = DIRECTION('',(2.080052407982E-46,1.));
#11443 = ( GEOMETRIC_REPRESENTATION_CONTEXT(2) 
PARAMETRIC_REPRESENTATION_CONTEXT() REPRESENTATION_CONTEXT('2D SPACE',''
  ) );
#11444 = PCURVE('',#9522,#11445);
#11445 = DEFINITIONAL_REPRESENTATION('',(#11446),#11450);
#11446 = LINE('',#11447,#11448);
#11447 = CARTESIAN_POINT('',(-1.749253556813E-18,15.6625));
#11448 = VECTOR('',#11449,1.);
#11449 = DIRECTION('',(-1.848892746612E-31,1.));
#11450 = ( GEOMETRIC_REPRESENTATION_CONTEXT(2) 
PARAMETRIC_REPRESENTATION_CONTEXT() REPRESENTATION_CONTEXT('2D SPACE',''
  ) );
#11451 = ORIENTED_EDGE('',*,*,#11452,.T.);
#11452 = EDGE_CURVE('',#11430,#11453,#11455,.T.);
#11453 = VERTEX_POINT('',#11454);
#11454 = CARTESIAN_POINT('',(-0.4,1.,8.E-02));
#11455 = SURFACE_CURVE('',#11456,(#11460,#11467),.PCURVE_S1.);
#11456 = LINE('',#11457,#11458);
#11457 = CARTESIAN_POINT('',(-0.4,0.694863,8.E-02));
#11458 = VECTOR('',#11459,1.);
#11459 = DIRECTION('',(-1.224606353822E-16,1.,-2.289834988289E-16));
#11460 = PCURVE('',#10386,#11461);
#11461 = DEFINITIONAL_REPRESENTATION('',(#11462),#11466);
#11462 = LINE('',#11463,#11464);
#11463 = CARTESIAN_POINT('',(0.305137,6.25E-02));
#11464 = VECTOR('',#11465,1.);
#11465 = DIRECTION('',(-1.,1.224606353822E-16));
#11466 = ( GEOMETRIC_REPRESENTATION_CONTEXT(2) 
PARAMETRIC_REPRESENTATION_CONTEXT() REPRESENTATION_CONTEXT('2D SPACE',''
  ) );
#11467 = PCURVE('',#9494,#11468);
#11468 = DEFINITIONAL_REPRESENTATION('',(#11469),#11473);
#11469 = LINE('',#11470,#11471);
#11470 = CARTESIAN_POINT('',(-3.535533905933E-02,-0.155137));
#11471 = VECTOR('',#11472,1.);
#11472 = DIRECTION('',(8.716389750491E-16,1.));
#11473 = ( GEOMETRIC_REPRESENTATION_CONTEXT(2) 
PARAMETRIC_REPRESENTATION_CONTEXT() REPRESENTATION_CONTEXT('2D SPACE',''
  ) );
#11474 = ORIENTED_EDGE('',*,*,#11475,.F.);
#11475 = EDGE_CURVE('',#8161,#11453,#11476,.T.);
#11476 = SURFACE_CURVE('',#11477,(#11481,#11488),.PCURVE_S1.);
#11477 = LINE('',#11478,#11479);
#11478 = CARTESIAN_POINT('',(-16.,1.,8.E-02));
#11479 = VECTOR('',#11480,1.);
#11480 = DIRECTION('',(-1.,5.243344273594E-32,2.289834988289E-16));
#11481 = PCURVE('',#10386,#11482);
#11482 = DEFINITIONAL_REPRESENTATION('',(#11483),#11487);
#11483 = LINE('',#11484,#11485);
#11484 = CARTESIAN_POINT('',(8.198683773256E-31,15.6625));
#11485 = VECTOR('',#11486,1.);
#11486 = DIRECTION('',(2.080052407982E-46,1.));
#11487 = ( GEOMETRIC_REPRESENTATION_CONTEXT(2) 
PARAMETRIC_REPRESENTATION_CONTEXT() REPRESENTATION_CONTEXT('2D SPACE',''
  ) );
#11488 = PCURVE('',#5732,#11489);
#11489 = DEFINITIONAL_REPRESENTATION('',(#11490),#11494);
#11490 = LINE('',#11491,#11492);
#11491 = CARTESIAN_POINT('',(0.23,19.325));
#11492 = VECTOR('',#11493,1.);
#11493 = DIRECTION('',(0.,1.));
#11494 = ( GEOMETRIC_REPRESENTATION_CONTEXT(2) 
PARAMETRIC_REPRESENTATION_CONTEXT() REPRESENTATION_CONTEXT('2D SPACE',''
  ) );
#11495 = ORIENTED_EDGE('',*,*,#10370,.T.);
#11496 = ORIENTED_EDGE('',*,*,#11497,.F.);
#11497 = EDGE_CURVE('',#11498,#10371,#11500,.T.);
#11498 = VERTEX_POINT('',#11499);
#11499 = CARTESIAN_POINT('',(-1.E-01,1.,8.E-02));
#11500 = SURFACE_CURVE('',#11501,(#11505,#11512),.PCURVE_S1.);
#11501 = LINE('',#11502,#11503);
#11502 = CARTESIAN_POINT('',(-16.,1.,8.E-02));
#11503 = VECTOR('',#11504,1.);
#11504 = DIRECTION('',(-1.,5.243344273594E-32,2.289834988289E-16));
#11505 = PCURVE('',#10386,#11506);
#11506 = DEFINITIONAL_REPRESENTATION('',(#11507),#11511);
#11507 = LINE('',#11508,#11509);
#11508 = CARTESIAN_POINT('',(8.198683773256E-31,15.6625));
#11509 = VECTOR('',#11510,1.);
#11510 = DIRECTION('',(2.080052407982E-46,1.));
#11511 = ( GEOMETRIC_REPRESENTATION_CONTEXT(2) 
PARAMETRIC_REPRESENTATION_CONTEXT() REPRESENTATION_CONTEXT('2D SPACE',''
  ) );
#11512 = PCURVE('',#9578,#11513);
#11513 = DEFINITIONAL_REPRESENTATION('',(#11514),#11518);
#11514 = LINE('',#11515,#11516);
#11515 = CARTESIAN_POINT('',(0.23,19.825));
#11516 = VECTOR('',#11517,1.);
#11517 = DIRECTION('',(0.,1.));
#11518 = ( GEOMETRIC_REPRESENTATION_CONTEXT(2) 
PARAMETRIC_REPRESENTATION_CONTEXT() REPRESENTATION_CONTEXT('2D SPACE',''
  ) );
#11519 = ORIENTED_EDGE('',*,*,#11520,.T.);
#11520 = EDGE_CURVE('',#11498,#11428,#11521,.T.);
#11521 = SURFACE_CURVE('',#11522,(#11526,#11533),.PCURVE_S1.);
#11522 = LINE('',#11523,#11524);
#11523 = CARTESIAN_POINT('',(-1.E-01,0.694863,8.E-02));
#11524 = VECTOR('',#11525,1.);
#11525 = DIRECTION('',(-1.224606353822E-16,-1.,2.289834988289E-16));
#11526 = PCURVE('',#10386,#11527);
#11527 = DEFINITIONAL_REPRESENTATION('',(#11528),#11532);
#11528 = LINE('',#11529,#11530);
#11529 = CARTESIAN_POINT('',(0.305137,-0.2375));
#11530 = VECTOR('',#11531,1.);
#11531 = DIRECTION('',(1.,1.224606353822E-16));
#11532 = ( GEOMETRIC_REPRESENTATION_CONTEXT(2) 
PARAMETRIC_REPRESENTATION_CONTEXT() REPRESENTATION_CONTEXT('2D SPACE',''
  ) );
#11533 = PCURVE('',#9550,#11534);
#11534 = DEFINITIONAL_REPRESENTATION('',(#11535),#11539);
#11535 = LINE('',#11536,#11537);
#11536 = CARTESIAN_POINT('',(-3.535533905933E-02,0.155137));
#11537 = VECTOR('',#11538,1.);
#11538 = DIRECTION('',(-8.716389750491E-16,1.));
#11539 = ( GEOMETRIC_REPRESENTATION_CONTEXT(2) 
PARAMETRIC_REPRESENTATION_CONTEXT() REPRESENTATION_CONTEXT('2D SPACE',''
  ) );
#11540 = ADVANCED_FACE('',(#11541),#9494,.T.);
#11541 = FACE_BOUND('',#11542,.T.);
#11542 = EDGE_LOOP('',(#11543,#11544,#11565,#11566));
#11543 = ORIENTED_EDGE('',*,*,#11452,.F.);
#11544 = ORIENTED_EDGE('',*,*,#11545,.T.);
#11545 = EDGE_CURVE('',#11430,#9479,#11546,.T.);
#11546 = SURFACE_CURVE('',#11547,(#11551,#11558),.PCURVE_S1.);
#11547 = LINE('',#11548,#11549);
#11548 = CARTESIAN_POINT('',(-0.4511675,0.694863,2.88325E-02));
#11549 = VECTOR('',#11550,1.);
#11550 = DIRECTION('',(-0.216371161204,-0.952033109297,-0.216371161204)
  );
#11551 = PCURVE('',#9494,#11552);
#11552 = DEFINITIONAL_REPRESENTATION('',(#11553),#11557);
#11553 = LINE('',#11554,#11555);
#11554 = CARTESIAN_POINT('',(3.70064333934E-02,-0.155137));
#11555 = VECTOR('',#11556,1.);
#11556 = DIRECTION('',(0.305995030681,-0.952033109297));
#11557 = ( GEOMETRIC_REPRESENTATION_CONTEXT(2) 
PARAMETRIC_REPRESENTATION_CONTEXT() REPRESENTATION_CONTEXT('2D SPACE',''
  ) );
#11558 = PCURVE('',#9522,#11559);
#11559 = DEFINITIONAL_REPRESENTATION('',(#11560),#11564);
#11560 = LINE('',#11561,#11562);
#11561 = CARTESIAN_POINT('',(0.230878283572,0.1136675));
#11562 = VECTOR('',#11563,1.);
#11563 = DIRECTION('',(0.976311180208,0.216371161204));
#11564 = ( GEOMETRIC_REPRESENTATION_CONTEXT(2) 
PARAMETRIC_REPRESENTATION_CONTEXT() REPRESENTATION_CONTEXT('2D SPACE',''
  ) );
#11565 = ORIENTED_EDGE('',*,*,#9478,.F.);
#11566 = ORIENTED_EDGE('',*,*,#11567,.F.);
#11567 = EDGE_CURVE('',#11453,#9456,#11568,.T.);
#11568 = SURFACE_CURVE('',#11569,(#11573,#11580),.PCURVE_S1.);
#11569 = LINE('',#11570,#11571);
#11570 = CARTESIAN_POINT('',(-16.,1.,-15.52));
#11571 = VECTOR('',#11572,1.);
#11572 = DIRECTION('',(-0.707106781187,-1.064046335705E-16,
    -0.707106781187));
#11573 = PCURVE('',#9494,#11574);
#11574 = DEFINITIONAL_REPRESENTATION('',(#11575),#11579);
#11575 = LINE('',#11576,#11577);
#11576 = CARTESIAN_POINT('',(22.026376233961,0.15));
#11577 = VECTOR('',#11578,1.);
#11578 = DIRECTION('',(1.,-7.295350781106E-16));
#11579 = ( GEOMETRIC_REPRESENTATION_CONTEXT(2) 
PARAMETRIC_REPRESENTATION_CONTEXT() REPRESENTATION_CONTEXT('2D SPACE',''
  ) );
#11580 = PCURVE('',#5732,#11581);
#11581 = DEFINITIONAL_REPRESENTATION('',(#11582),#11586);
#11582 = LINE('',#11583,#11584);
#11583 = CARTESIAN_POINT('',(15.83,19.325));
#11584 = VECTOR('',#11585,1.);
#11585 = DIRECTION('',(0.707106781187,0.707106781187));
#11586 = ( GEOMETRIC_REPRESENTATION_CONTEXT(2) 
PARAMETRIC_REPRESENTATION_CONTEXT() REPRESENTATION_CONTEXT('2D SPACE',''
  ) );
#11587 = ADVANCED_FACE('',(#11588),#1220,.T.);
#11588 = FACE_BOUND('',#11589,.T.);
#11589 = EDGE_LOOP('',(#11590,#11591,#11592,#11593));
#11590 = ORIENTED_EDGE('',*,*,#1651,.F.);
#11591 = ORIENTED_EDGE('',*,*,#10943,.F.);
#11592 = ORIENTED_EDGE('',*,*,#9359,.F.);
#11593 = ORIENTED_EDGE('',*,*,#1206,.T.);
#11594 = ADVANCED_FACE('',(#11595),#8859,.F.);
#11595 = FACE_BOUND('',#11596,.T.);
#11596 = EDGE_LOOP('',(#11597,#11598,#11599,#11622));
#11597 = ORIENTED_EDGE('',*,*,#8843,.F.);
#11598 = ORIENTED_EDGE('',*,*,#11403,.T.);
#11599 = ORIENTED_EDGE('',*,*,#11600,.F.);
#11600 = EDGE_CURVE('',#11601,#11376,#11603,.T.);
#11601 = VERTEX_POINT('',#11602);
#11602 = CARTESIAN_POINT('',(2.325,1.,7.866077735406E-02));
#11603 = SURFACE_CURVE('',#11604,(#11608,#11615),.PCURVE_S1.);
#11604 = LINE('',#11605,#11606);
#11605 = CARTESIAN_POINT('',(4.,1.,7.866077735406E-02));
#11606 = VECTOR('',#11607,1.);
#11607 = DIRECTION('',(-1.,5.243344273594E-32,2.289834988289E-16));
#11608 = PCURVE('',#8859,#11609);
#11609 = DEFINITIONAL_REPRESENTATION('',(#11610),#11614);
#11610 = LINE('',#11611,#11612);
#11611 = CARTESIAN_POINT('',(-1.892583312291E-16,-1.675));
#11612 = VECTOR('',#11613,1.);
#11613 = DIRECTION('',(0.,1.));
#11614 = ( GEOMETRIC_REPRESENTATION_CONTEXT(2) 
PARAMETRIC_REPRESENTATION_CONTEXT() REPRESENTATION_CONTEXT('2D SPACE',''
  ) );
#11615 = PCURVE('',#11391,#11616);
#11616 = DEFINITIONAL_REPRESENTATION('',(#11617),#11621);
#11617 = LINE('',#11618,#11619);
#11618 = CARTESIAN_POINT('',(5.833781539828E-02,-1.825));
#11619 = VECTOR('',#11620,1.);
#11620 = DIRECTION('',(9.244463733059E-32,1.));
#11621 = ( GEOMETRIC_REPRESENTATION_CONTEXT(2) 
PARAMETRIC_REPRESENTATION_CONTEXT() REPRESENTATION_CONTEXT('2D SPACE',''
  ) );
#11622 = ORIENTED_EDGE('',*,*,#11623,.F.);
#11623 = EDGE_CURVE('',#8844,#11601,#11624,.T.);
#11624 = SURFACE_CURVE('',#11625,(#11629,#11636),.PCURVE_S1.);
#11625 = LINE('',#11626,#11627);
#11626 = CARTESIAN_POINT('',(2.325,1.,0.841614));
#11627 = VECTOR('',#11628,1.);
#11628 = DIRECTION('',(-2.289834988289E-16,-1.065228634467E-16,-1.));
#11629 = PCURVE('',#8859,#11630);
#11630 = DEFINITIONAL_REPRESENTATION('',(#11631),#11635);
#11631 = LINE('',#11632,#11633);
#11632 = CARTESIAN_POINT('',(-0.762953222646,1.747036983643E-16));
#11633 = VECTOR('',#11634,1.);
#11634 = DIRECTION('',(1.,0.));
#11635 = ( GEOMETRIC_REPRESENTATION_CONTEXT(2) 
PARAMETRIC_REPRESENTATION_CONTEXT() REPRESENTATION_CONTEXT('2D SPACE',''
  ) );
#11636 = PCURVE('',#11637,#11642);
#11637 = PLANE('',#11638);
#11638 = AXIS2_PLACEMENT_3D('',#11639,#11640,#11641);
#11639 = CARTESIAN_POINT('',(2.325,1.245779075398,0.170500231015));
#11640 = DIRECTION('',(1.,-5.243344273594E-32,-2.289834988289E-16));
#11641 = DIRECTION('',(5.243344273594E-32,1.,0.));
#11642 = DEFINITIONAL_REPRESENTATION('',(#11643),#11647);
#11643 = LINE('',#11644,#11645);
#11644 = CARTESIAN_POINT('',(-0.245779075398,0.671113768985));
#11645 = VECTOR('',#11646,1.);
#11646 = DIRECTION('',(-1.065228634467E-16,-1.));
#11647 = ( GEOMETRIC_REPRESENTATION_CONTEXT(2) 
PARAMETRIC_REPRESENTATION_CONTEXT() REPRESENTATION_CONTEXT('2D SPACE',''
  ) );
#11648 = ADVANCED_FACE('',(#11649),#8295,.T.);
#11649 = FACE_BOUND('',#11650,.T.);
#11650 = EDGE_LOOP('',(#11651,#11652,#11673,#11674));
#11651 = ORIENTED_EDGE('',*,*,#10683,.T.);
#11652 = ORIENTED_EDGE('',*,*,#11653,.T.);
#11653 = EDGE_CURVE('',#10661,#10323,#11654,.T.);
#11654 = SURFACE_CURVE('',#11655,(#11659,#11666),.PCURVE_S1.);
#11655 = LINE('',#11656,#11657);
#11656 = CARTESIAN_POINT('',(-0.175,0.694863,-8.881784197001E-16));
#11657 = VECTOR('',#11658,1.);
#11658 = DIRECTION('',(0.,-1.,2.289834988289E-16));
#11659 = PCURVE('',#8295,#11660);
#11660 = DEFINITIONAL_REPRESENTATION('',(#11661),#11665);
#11661 = LINE('',#11662,#11663);
#11662 = CARTESIAN_POINT('',(0.555137,-0.15));
#11663 = VECTOR('',#11664,1.);
#11664 = DIRECTION('',(1.,0.));
#11665 = ( GEOMETRIC_REPRESENTATION_CONTEXT(2) 
PARAMETRIC_REPRESENTATION_CONTEXT() REPRESENTATION_CONTEXT('2D SPACE',''
  ) );
#11666 = PCURVE('',#7939,#11667);
#11667 = DEFINITIONAL_REPRESENTATION('',(#11668),#11672);
#11668 = LINE('',#11669,#11670);
#11669 = CARTESIAN_POINT('',(-0.550916075398,-0.170500231015));
#11670 = VECTOR('',#11671,1.);
#11671 = DIRECTION('',(-1.,2.289834988289E-16));
#11672 = ( GEOMETRIC_REPRESENTATION_CONTEXT(2) 
PARAMETRIC_REPRESENTATION_CONTEXT() REPRESENTATION_CONTEXT('2D SPACE',''
  ) );
#11673 = ORIENTED_EDGE('',*,*,#10322,.F.);
#11674 = ORIENTED_EDGE('',*,*,#8279,.T.);
#11675 = ADVANCED_FACE('',(#11676),#3580,.F.);
#11676 = FACE_BOUND('',#11677,.T.);
#11677 = EDGE_LOOP('',(#11678,#11679,#11680,#11701));
#11678 = ORIENTED_EDGE('',*,*,#4147,.F.);
#11679 = ORIENTED_EDGE('',*,*,#8998,.F.);
#11680 = ORIENTED_EDGE('',*,*,#11681,.T.);
#11681 = EDGE_CURVE('',#8976,#3565,#11682,.T.);
#11682 = SURFACE_CURVE('',#11683,(#11687,#11694),.PCURVE_S1.);
#11683 = LINE('',#11684,#11685);
#11684 = CARTESIAN_POINT('',(2.785,-0.7,0.33));
#11685 = VECTOR('',#11686,1.);
#11686 = DIRECTION('',(-1.,5.243344273594E-32,2.289834988289E-16));
#11687 = PCURVE('',#3580,#11688);
#11688 = DEFINITIONAL_REPRESENTATION('',(#11689),#11693);
#11689 = LINE('',#11690,#11691);
#11690 = CARTESIAN_POINT('',(0.500899191455,-4.));
#11691 = VECTOR('',#11692,1.);
#11692 = DIRECTION('',(4.622231866529E-33,-1.));
#11693 = ( GEOMETRIC_REPRESENTATION_CONTEXT(2) 
PARAMETRIC_REPRESENTATION_CONTEXT() REPRESENTATION_CONTEXT('2D SPACE',''
  ) );
#11694 = PCURVE('',#3608,#11695);
#11695 = DEFINITIONAL_REPRESENTATION('',(#11696),#11700);
#11696 = LINE('',#11697,#11698);
#11697 = CARTESIAN_POINT('',(3.8,-0.1));
#11698 = VECTOR('',#11699,1.);
#11699 = DIRECTION('',(1.,-2.736911063134E-48));
#11700 = ( GEOMETRIC_REPRESENTATION_CONTEXT(2) 
PARAMETRIC_REPRESENTATION_CONTEXT() REPRESENTATION_CONTEXT('2D SPACE',''
  ) );
#11701 = ORIENTED_EDGE('',*,*,#3564,.T.);
#11702 = ADVANCED_FACE('',(#11703),#4845,.T.);
#11703 = FACE_BOUND('',#11704,.T.);
#11704 = EDGE_LOOP('',(#11705,#11706,#11707,#11708));
#11705 = ORIENTED_EDGE('',*,*,#9404,.T.);
#11706 = ORIENTED_EDGE('',*,*,#4829,.F.);
#11707 = ORIENTED_EDGE('',*,*,#10424,.F.);
#11708 = ORIENTED_EDGE('',*,*,#10908,.F.);
#11709 = ADVANCED_FACE('',(#11710),#502,.T.);
#11710 = FACE_BOUND('',#11711,.T.);
#11711 = EDGE_LOOP('',(#11712,#11735,#11758,#11779));
#11712 = ORIENTED_EDGE('',*,*,#11713,.F.);
#11713 = EDGE_CURVE('',#11714,#459,#11716,.T.);
#11714 = VERTEX_POINT('',#11715);
#11715 = CARTESIAN_POINT('',(3.27,1.65,0.47));
#11716 = SURFACE_CURVE('',#11717,(#11721,#11728),.PCURVE_S1.);
#11717 = LINE('',#11718,#11719);
#11718 = CARTESIAN_POINT('',(-5.73,1.65,0.47));
#11719 = VECTOR('',#11720,1.);
#11720 = DIRECTION('',(-1.,5.243344273594E-32,2.289834988289E-16));
#11721 = PCURVE('',#502,#11722);
#11722 = DEFINITIONAL_REPRESENTATION('',(#11723),#11727);
#11723 = LINE('',#11724,#11725);
#11724 = CARTESIAN_POINT('',(-2.664535259101E-17,-4.48));
#11725 = VECTOR('',#11726,1.);
#11726 = DIRECTION('',(0.,-1.));
#11727 = ( GEOMETRIC_REPRESENTATION_CONTEXT(2) 
PARAMETRIC_REPRESENTATION_CONTEXT() REPRESENTATION_CONTEXT('2D SPACE',''
  ) );
#11728 = PCURVE('',#474,#11729);
#11729 = DEFINITIONAL_REPRESENTATION('',(#11730),#11734);
#11730 = LINE('',#11731,#11732);
#11731 = CARTESIAN_POINT('',(0.281780056072,1.92));
#11732 = VECTOR('',#11733,1.);
#11733 = DIRECTION('',(2.465190328816E-31,-1.));
#11734 = ( GEOMETRIC_REPRESENTATION_CONTEXT(2) 
PARAMETRIC_REPRESENTATION_CONTEXT() REPRESENTATION_CONTEXT('2D SPACE',''
  ) );
#11735 = ORIENTED_EDGE('',*,*,#11736,.F.);
#11736 = EDGE_CURVE('',#11737,#11714,#11739,.T.);
#11737 = VERTEX_POINT('',#11738);
#11738 = CARTESIAN_POINT('',(3.27,1.65,0.31));
#11739 = SURFACE_CURVE('',#11740,(#11744,#11751),.PCURVE_S1.);
#11740 = LINE('',#11741,#11742);
#11741 = CARTESIAN_POINT('',(3.27,1.65,0.841614));
#11742 = VECTOR('',#11743,1.);
#11743 = DIRECTION('',(2.289834988289E-16,1.065228634467E-16,1.));
#11744 = PCURVE('',#502,#11745);
#11745 = DEFINITIONAL_REPRESENTATION('',(#11746),#11750);
#11746 = LINE('',#11747,#11748);
#11747 = CARTESIAN_POINT('',(0.371614,4.52));
#11748 = VECTOR('',#11749,1.);
#11749 = DIRECTION('',(1.,0.));
#11750 = ( GEOMETRIC_REPRESENTATION_CONTEXT(2) 
PARAMETRIC_REPRESENTATION_CONTEXT() REPRESENTATION_CONTEXT('2D SPACE',''
  ) );
#11751 = PCURVE('',#4637,#11752);
#11752 = DEFINITIONAL_REPRESENTATION('',(#11753),#11757);
#11753 = LINE('',#11754,#11755);
#11754 = CARTESIAN_POINT('',(0.604397682239,1.636322));
#11755 = VECTOR('',#11756,1.);
#11756 = DIRECTION('',(0.,1.));
#11757 = ( GEOMETRIC_REPRESENTATION_CONTEXT(2) 
PARAMETRIC_REPRESENTATION_CONTEXT() REPRESENTATION_CONTEXT('2D SPACE',''
  ) );
#11758 = ORIENTED_EDGE('',*,*,#11759,.T.);
#11759 = EDGE_CURVE('',#11737,#487,#11760,.T.);
#11760 = SURFACE_CURVE('',#11761,(#11765,#11772),.PCURVE_S1.);
#11761 = LINE('',#11762,#11763);
#11762 = CARTESIAN_POINT('',(2.65,1.65,0.31));
#11763 = VECTOR('',#11764,1.);
#11764 = DIRECTION('',(-1.,5.243344273594E-32,2.289834988289E-16));
#11765 = PCURVE('',#502,#11766);
#11766 = DEFINITIONAL_REPRESENTATION('',(#11767),#11771);
#11767 = LINE('',#11768,#11769);
#11768 = CARTESIAN_POINT('',(-0.16,3.9));
#11769 = VECTOR('',#11770,1.);
#11770 = DIRECTION('',(0.,-1.));
#11771 = ( GEOMETRIC_REPRESENTATION_CONTEXT(2) 
PARAMETRIC_REPRESENTATION_CONTEXT() REPRESENTATION_CONTEXT('2D SPACE',''
  ) );
#11772 = PCURVE('',#530,#11773);
#11773 = DEFINITIONAL_REPRESENTATION('',(#11774),#11778);
#11774 = LINE('',#11775,#11776);
#11775 = CARTESIAN_POINT('',(-1.3,2.372431776126E-02));
#11776 = VECTOR('',#11777,1.);
#11777 = DIRECTION('',(1.,2.736911063134E-48));
#11778 = ( GEOMETRIC_REPRESENTATION_CONTEXT(2) 
PARAMETRIC_REPRESENTATION_CONTEXT() REPRESENTATION_CONTEXT('2D SPACE',''
  ) );
#11779 = ORIENTED_EDGE('',*,*,#486,.T.);
#11780 = ADVANCED_FACE('',(#11781),#3692,.F.);
#11781 = FACE_BOUND('',#11782,.T.);
#11782 = EDGE_LOOP('',(#11783,#11784,#11785,#11786));
#11783 = ORIENTED_EDGE('',*,*,#4769,.F.);
#11784 = ORIENTED_EDGE('',*,*,#8952,.T.);
#11785 = ORIENTED_EDGE('',*,*,#8604,.T.);
#11786 = ORIENTED_EDGE('',*,*,#3676,.F.);
#11787 = ADVANCED_FACE('',(#11788),#7939,.T.);
#11788 = FACE_BOUND('',#11789,.T.);
#11789 = EDGE_LOOP('',(#11790,#11791,#11792,#11793,#11794,#11795,#11796,
    #11797,#11798,#11799,#11822));
#11790 = ORIENTED_EDGE('',*,*,#10400,.T.);
#11791 = ORIENTED_EDGE('',*,*,#10223,.F.);
#11792 = ORIENTED_EDGE('',*,*,#10294,.T.);
#11793 = ORIENTED_EDGE('',*,*,#10345,.F.);
#11794 = ORIENTED_EDGE('',*,*,#11653,.F.);
#11795 = ORIENTED_EDGE('',*,*,#10660,.F.);
#11796 = ORIENTED_EDGE('',*,*,#10540,.F.);
#11797 = ORIENTED_EDGE('',*,*,#7922,.F.);
#11798 = ORIENTED_EDGE('',*,*,#11100,.F.);
#11799 = ORIENTED_EDGE('',*,*,#11800,.T.);
#11800 = EDGE_CURVE('',#11078,#11801,#11803,.T.);
#11801 = VERTEX_POINT('',#11802);
#11802 = CARTESIAN_POINT('',(-0.175,1.,0.31));
#11803 = SURFACE_CURVE('',#11804,(#11808,#11815),.PCURVE_S1.);
#11804 = LINE('',#11805,#11806);
#11805 = CARTESIAN_POINT('',(-0.175,0.694863,0.31));
#11806 = VECTOR('',#11807,1.);
#11807 = DIRECTION('',(-2.804146475864E-32,-1.,1.065228634467E-16));
#11808 = PCURVE('',#7939,#11809);
#11809 = DEFINITIONAL_REPRESENTATION('',(#11810),#11814);
#11810 = LINE('',#11811,#11812);
#11811 = CARTESIAN_POINT('',(-0.550916075398,0.139499768985));
#11812 = VECTOR('',#11813,1.);
#11813 = DIRECTION('',(-1.,1.065228634467E-16));
#11814 = ( GEOMETRIC_REPRESENTATION_CONTEXT(2) 
PARAMETRIC_REPRESENTATION_CONTEXT() REPRESENTATION_CONTEXT('2D SPACE',''
  ) );
#11815 = PCURVE('',#530,#11816);
#11816 = DEFINITIONAL_REPRESENTATION('',(#11817),#11821);
#11817 = LINE('',#11818,#11819);
#11818 = CARTESIAN_POINT('',(1.525,0.978861317761));
#11819 = VECTOR('',#11820,1.);
#11820 = DIRECTION('',(9.031806508344E-47,1.));
#11821 = ( GEOMETRIC_REPRESENTATION_CONTEXT(2) 
PARAMETRIC_REPRESENTATION_CONTEXT() REPRESENTATION_CONTEXT('2D SPACE',''
  ) );
#11822 = ORIENTED_EDGE('',*,*,#11823,.F.);
#11823 = EDGE_CURVE('',#10371,#11801,#11824,.T.);
#11824 = SURFACE_CURVE('',#11825,(#11829,#11836),.PCURVE_S1.);
#11825 = LINE('',#11826,#11827);
#11826 = CARTESIAN_POINT('',(-0.175,1.,0.841614));
#11827 = VECTOR('',#11828,1.);
#11828 = DIRECTION('',(2.289834988289E-16,1.065228634467E-16,1.));
#11829 = PCURVE('',#7939,#11830);
#11830 = DEFINITIONAL_REPRESENTATION('',(#11831),#11835);
#11831 = LINE('',#11832,#11833);
#11832 = CARTESIAN_POINT('',(-0.245779075398,0.671113768985));
#11833 = VECTOR('',#11834,1.);
#11834 = DIRECTION('',(1.065228634467E-16,1.));
#11835 = ( GEOMETRIC_REPRESENTATION_CONTEXT(2) 
PARAMETRIC_REPRESENTATION_CONTEXT() REPRESENTATION_CONTEXT('2D SPACE',''
  ) );
#11836 = PCURVE('',#9578,#11837);
#11837 = DEFINITIONAL_REPRESENTATION('',(#11838),#11842);
#11838 = LINE('',#11839,#11840);
#11839 = CARTESIAN_POINT('',(-0.531614,4.));
#11840 = VECTOR('',#11841,1.);
#11841 = DIRECTION('',(-1.,0.));
#11842 = ( GEOMETRIC_REPRESENTATION_CONTEXT(2) 
PARAMETRIC_REPRESENTATION_CONTEXT() REPRESENTATION_CONTEXT('2D SPACE',''
  ) );
#11843 = ADVANCED_FACE('',(#11844),#5049,.F.);
#11844 = FACE_BOUND('',#11845,.T.);
#11845 = EDGE_LOOP('',(#11846,#11847,#11848,#11849));
#11846 = ORIENTED_EDGE('',*,*,#10471,.F.);
#11847 = ORIENTED_EDGE('',*,*,#10780,.T.);
#11848 = ORIENTED_EDGE('',*,*,#5033,.F.);
#11849 = ORIENTED_EDGE('',*,*,#5533,.F.);
#11850 = ADVANCED_FACE('',(#11851),#9847,.T.);
#11851 = FACE_BOUND('',#11852,.T.);
#11852 = EDGE_LOOP('',(#11853,#11878,#11899,#11900));
#11853 = ORIENTED_EDGE('',*,*,#11854,.F.);
#11854 = EDGE_CURVE('',#11855,#11857,#11859,.T.);
#11855 = VERTEX_POINT('',#11856);
#11856 = CARTESIAN_POINT('',(1.4,1.,8.E-02));
#11857 = VERTEX_POINT('',#11858);
#11858 = CARTESIAN_POINT('',(1.4,0.92,8.E-02));
#11859 = SURFACE_CURVE('',#11860,(#11864,#11871),.PCURVE_S1.);
#11860 = LINE('',#11861,#11862);
#11861 = CARTESIAN_POINT('',(1.4,0.694863,8.E-02));
#11862 = VECTOR('',#11863,1.);
#11863 = DIRECTION('',(-1.224606353822E-16,-1.,2.289834988289E-16));
#11864 = PCURVE('',#9847,#11865);
#11865 = DEFINITIONAL_REPRESENTATION('',(#11866),#11870);
#11866 = LINE('',#11867,#11868);
#11867 = CARTESIAN_POINT('',(-3.535533905933E-02,0.155137));
#11868 = VECTOR('',#11869,1.);
#11869 = DIRECTION('',(-8.716389750491E-16,1.));
#11870 = ( GEOMETRIC_REPRESENTATION_CONTEXT(2) 
PARAMETRIC_REPRESENTATION_CONTEXT() REPRESENTATION_CONTEXT('2D SPACE',''
  ) );
#11871 = PCURVE('',#1456,#11872);
#11872 = DEFINITIONAL_REPRESENTATION('',(#11873),#11877);
#11873 = LINE('',#11874,#11875);
#11874 = CARTESIAN_POINT('',(0.305137,-0.2375));
#11875 = VECTOR('',#11876,1.);
#11876 = DIRECTION('',(1.,1.224606353822E-16));
#11877 = ( GEOMETRIC_REPRESENTATION_CONTEXT(2) 
PARAMETRIC_REPRESENTATION_CONTEXT() REPRESENTATION_CONTEXT('2D SPACE',''
  ) );
#11878 = ORIENTED_EDGE('',*,*,#11879,.F.);
#11879 = EDGE_CURVE('',#9832,#11855,#11880,.T.);
#11880 = SURFACE_CURVE('',#11881,(#11885,#11892),.PCURVE_S1.);
#11881 = LINE('',#11882,#11883);
#11882 = CARTESIAN_POINT('',(-14.,1.,15.48));
#11883 = VECTOR('',#11884,1.);
#11884 = DIRECTION('',(-0.707106781187,1.064046335705E-16,0.707106781187
    ));
#11885 = PCURVE('',#9847,#11886);
#11886 = DEFINITIONAL_REPRESENTATION('',(#11887),#11891);
#11887 = LINE('',#11888,#11889);
#11888 = CARTESIAN_POINT('',(-21.8142441996,-0.15));
#11889 = VECTOR('',#11890,1.);
#11890 = DIRECTION('',(-1.,-7.295350781106E-16));
#11891 = ( GEOMETRIC_REPRESENTATION_CONTEXT(2) 
PARAMETRIC_REPRESENTATION_CONTEXT() REPRESENTATION_CONTEXT('2D SPACE',''
  ) );
#11892 = PCURVE('',#9875,#11893);
#11893 = DEFINITIONAL_REPRESENTATION('',(#11894),#11898);
#11894 = LINE('',#11895,#11896);
#11895 = CARTESIAN_POINT('',(-15.17,19.325));
#11896 = VECTOR('',#11897,1.);
#11897 = DIRECTION('',(-0.707106781187,0.707106781187));
#11898 = ( GEOMETRIC_REPRESENTATION_CONTEXT(2) 
PARAMETRIC_REPRESENTATION_CONTEXT() REPRESENTATION_CONTEXT('2D SPACE',''
  ) );
#11899 = ORIENTED_EDGE('',*,*,#9831,.F.);
#11900 = ORIENTED_EDGE('',*,*,#11901,.T.);
#11901 = EDGE_CURVE('',#9809,#11857,#11902,.T.);
#11902 = SURFACE_CURVE('',#11903,(#11907,#11914),.PCURVE_S1.);
#11903 = LINE('',#11904,#11905);
#11904 = CARTESIAN_POINT('',(1.4511675,0.694863,2.88325E-02));
#11905 = VECTOR('',#11906,1.);
#11906 = DIRECTION('',(-0.216371161204,0.952033109297,0.216371161204));
#11907 = PCURVE('',#9847,#11908);
#11908 = DEFINITIONAL_REPRESENTATION('',(#11909),#11913);
#11909 = LINE('',#11910,#11911);
#11910 = CARTESIAN_POINT('',(3.70064333934E-02,0.155137));
#11911 = VECTOR('',#11912,1.);
#11912 = DIRECTION('',(-0.305995030681,-0.952033109297));
#11913 = ( GEOMETRIC_REPRESENTATION_CONTEXT(2) 
PARAMETRIC_REPRESENTATION_CONTEXT() REPRESENTATION_CONTEXT('2D SPACE',''
  ) );
#11914 = PCURVE('',#1484,#11915);
#11915 = DEFINITIONAL_REPRESENTATION('',(#11916),#11920);
#11916 = LINE('',#11917,#11918);
#11917 = CARTESIAN_POINT('',(0.230878283572,-0.2886675));
#11918 = VECTOR('',#11919,1.);
#11919 = DIRECTION('',(-0.976311180208,0.216371161204));
#11920 = ( GEOMETRIC_REPRESENTATION_CONTEXT(2) 
PARAMETRIC_REPRESENTATION_CONTEXT() REPRESENTATION_CONTEXT('2D SPACE',''
  ) );
#11921 = ADVANCED_FACE('',(#11922),#9522,.T.);
#11922 = FACE_BOUND('',#11923,.T.);
#11923 = EDGE_LOOP('',(#11924,#11925,#11926,#11927));
#11924 = ORIENTED_EDGE('',*,*,#9506,.T.);
#11925 = ORIENTED_EDGE('',*,*,#11545,.F.);
#11926 = ORIENTED_EDGE('',*,*,#11427,.F.);
#11927 = ORIENTED_EDGE('',*,*,#11928,.F.);
#11928 = EDGE_CURVE('',#9507,#11428,#11929,.T.);
#11929 = SURFACE_CURVE('',#11930,(#11934,#11941),.PCURVE_S1.);
#11930 = LINE('',#11931,#11932);
#11931 = CARTESIAN_POINT('',(-4.88325E-02,0.694863,2.88325E-02));
#11932 = VECTOR('',#11933,1.);
#11933 = DIRECTION('',(-0.216371161204,0.952033109297,0.216371161204));
#11934 = PCURVE('',#9522,#11935);
#11935 = DEFINITIONAL_REPRESENTATION('',(#11936),#11940);
#11936 = LINE('',#11937,#11938);
#11937 = CARTESIAN_POINT('',(0.230878283572,-0.2886675));
#11938 = VECTOR('',#11939,1.);
#11939 = DIRECTION('',(-0.976311180208,0.216371161204));
#11940 = ( GEOMETRIC_REPRESENTATION_CONTEXT(2) 
PARAMETRIC_REPRESENTATION_CONTEXT() REPRESENTATION_CONTEXT('2D SPACE',''
  ) );
#11941 = PCURVE('',#9550,#11942);
#11942 = DEFINITIONAL_REPRESENTATION('',(#11943),#11947);
#11943 = LINE('',#11944,#11945);
#11944 = CARTESIAN_POINT('',(3.70064333934E-02,0.155137));
#11945 = VECTOR('',#11946,1.);
#11946 = DIRECTION('',(-0.305995030681,-0.952033109297));
#11947 = ( GEOMETRIC_REPRESENTATION_CONTEXT(2) 
PARAMETRIC_REPRESENTATION_CONTEXT() REPRESENTATION_CONTEXT('2D SPACE',''
  ) );
#11948 = ADVANCED_FACE('',(#11949),#5732,.T.);
#11949 = FACE_BOUND('',#11950,.T.);
#11950 = EDGE_LOOP('',(#11951,#11952,#11953,#11954,#11955,#11956,#11957,
    #11958));
#11951 = ORIENTED_EDGE('',*,*,#8158,.T.);
#11952 = ORIENTED_EDGE('',*,*,#11475,.T.);
#11953 = ORIENTED_EDGE('',*,*,#11567,.T.);
#11954 = ORIENTED_EDGE('',*,*,#9455,.F.);
#11955 = ORIENTED_EDGE('',*,*,#10886,.T.);
#11956 = ORIENTED_EDGE('',*,*,#10492,.T.);
#11957 = ORIENTED_EDGE('',*,*,#5718,.F.);
#11958 = ORIENTED_EDGE('',*,*,#11959,.T.);
#11959 = EDGE_CURVE('',#5696,#8159,#11960,.T.);
#11960 = SURFACE_CURVE('',#11961,(#11965,#11972),.PCURVE_S1.);
#11961 = LINE('',#11962,#11963);
#11962 = CARTESIAN_POINT('',(5.,1.,0.31));
#11963 = VECTOR('',#11964,1.);
#11964 = DIRECTION('',(1.,-5.243344273594E-32,-2.289834988289E-16));
#11965 = PCURVE('',#5732,#11966);
#11966 = DEFINITIONAL_REPRESENTATION('',(#11967),#11971);
#11967 = LINE('',#11968,#11969);
#11968 = CARTESIAN_POINT('',(-3.835473605385E-16,-1.675));
#11969 = VECTOR('',#11970,1.);
#11970 = DIRECTION('',(0.,-1.));
#11971 = ( GEOMETRIC_REPRESENTATION_CONTEXT(2) 
PARAMETRIC_REPRESENTATION_CONTEXT() REPRESENTATION_CONTEXT('2D SPACE',''
  ) );
#11972 = PCURVE('',#530,#11973);
#11973 = DEFINITIONAL_REPRESENTATION('',(#11974),#11978);
#11974 = LINE('',#11975,#11976);
#11975 = CARTESIAN_POINT('',(-3.65,0.673724317761));
#11976 = VECTOR('',#11977,1.);
#11977 = DIRECTION('',(-1.,-2.736911063134E-48));
#11978 = ( GEOMETRIC_REPRESENTATION_CONTEXT(2) 
PARAMETRIC_REPRESENTATION_CONTEXT() REPRESENTATION_CONTEXT('2D SPACE',''
  ) );
#11979 = ADVANCED_FACE('',(#11980),#8094,.T.);
#11980 = FACE_BOUND('',#11981,.T.);
#11981 = EDGE_LOOP('',(#11982,#11983,#12011,#12039,#12060));
#11982 = ORIENTED_EDGE('',*,*,#8078,.F.);
#11983 = ORIENTED_EDGE('',*,*,#11984,.T.);
#11984 = EDGE_CURVE('',#8051,#11985,#11987,.T.);
#11985 = VERTEX_POINT('',#11986);
#11986 = CARTESIAN_POINT('',(3.0025,-1.85,0.18));
#11987 = SURFACE_CURVE('',#11988,(#11992,#11999),.PCURVE_S1.);
#11988 = LINE('',#11989,#11990);
#11989 = CARTESIAN_POINT('',(5.547363,0.694863,2.724863));
#11990 = VECTOR('',#11991,1.);
#11991 = DIRECTION('',(0.57735026919,0.57735026919,0.57735026919));
#11992 = PCURVE('',#8094,#11993);
#11993 = DEFINITIONAL_REPRESENTATION('',(#11994),#11998);
#11994 = LINE('',#11995,#11996);
#11995 = CARTESIAN_POINT('',(3.563624429922,2.109863));
#11996 = VECTOR('',#11997,1.);
#11997 = DIRECTION('',(0.816496580928,0.57735026919));
#11998 = ( GEOMETRIC_REPRESENTATION_CONTEXT(2) 
PARAMETRIC_REPRESENTATION_CONTEXT() REPRESENTATION_CONTEXT('2D SPACE',''
  ) );
#11999 = PCURVE('',#12000,#12005);
#12000 = PLANE('',#12001);
#12001 = AXIS2_PLACEMENT_3D('',#12002,#12003,#12004);
#12002 = CARTESIAN_POINT('',(2.9775,-1.35,0.155));
#12003 = DIRECTION('',(0.707106781187,-7.532303909457E-17,
    -0.707106781187));
#12004 = DIRECTION('',(-0.707106781187,-7.532303909457E-17,
    -0.707106781187));
#12005 = DEFINITIONAL_REPRESENTATION('',(#12006),#12010);
#12006 = LINE('',#12007,#12008);
#12007 = CARTESIAN_POINT('',(-3.634335108041,2.044863));
#12008 = VECTOR('',#12009,1.);
#12009 = DIRECTION('',(-0.816496580928,0.57735026919));
#12010 = ( GEOMETRIC_REPRESENTATION_CONTEXT(2) 
PARAMETRIC_REPRESENTATION_CONTEXT() REPRESENTATION_CONTEXT('2D SPACE',''
  ) );
#12011 = ORIENTED_EDGE('',*,*,#12012,.T.);
#12012 = EDGE_CURVE('',#11985,#12013,#12015,.T.);
#12013 = VERTEX_POINT('',#12014);
#12014 = CARTESIAN_POINT('',(3.1025,-1.75,0.18));
#12015 = SURFACE_CURVE('',#12016,(#12020,#12027),.PCURVE_S1.);
#12016 = LINE('',#12017,#12018);
#12017 = CARTESIAN_POINT('',(5.547363,0.694863,0.18));
#12018 = VECTOR('',#12019,1.);
#12019 = DIRECTION('',(0.707106781187,0.707106781187,-2.12809267141E-16)
  );
#12020 = PCURVE('',#8094,#12021);
#12021 = DEFINITIONAL_REPRESENTATION('',(#12022),#12026);
#12022 = LINE('',#12023,#12024);
#12023 = CARTESIAN_POINT('',(3.563624429922,-0.435));
#12024 = VECTOR('',#12025,1.);
#12025 = DIRECTION('',(1.,1.110223024625E-16));
#12026 = ( GEOMETRIC_REPRESENTATION_CONTEXT(2) 
PARAMETRIC_REPRESENTATION_CONTEXT() REPRESENTATION_CONTEXT('2D SPACE',''
  ) );
#12027 = PCURVE('',#12028,#12033);
#12028 = PLANE('',#12029);
#12029 = AXIS2_PLACEMENT_3D('',#12030,#12031,#12032);
#12030 = CARTESIAN_POINT('',(2.9525,-1.9,0.18));
#12031 = DIRECTION('',(-2.289834988289E-16,-1.065228634467E-16,-1.));
#12032 = DIRECTION('',(-1.,5.243344273594E-32,2.289834988289E-16));
#12033 = DEFINITIONAL_REPRESENTATION('',(#12034),#12038);
#12034 = LINE('',#12035,#12036);
#12035 = CARTESIAN_POINT('',(-2.594863,2.594863));
#12036 = VECTOR('',#12037,1.);
#12037 = DIRECTION('',(-0.707106781187,0.707106781187));
#12038 = ( GEOMETRIC_REPRESENTATION_CONTEXT(2) 
PARAMETRIC_REPRESENTATION_CONTEXT() REPRESENTATION_CONTEXT('2D SPACE',''
  ) );
#12039 = ORIENTED_EDGE('',*,*,#12040,.T.);
#12040 = EDGE_CURVE('',#12013,#9145,#12041,.T.);
#12041 = SURFACE_CURVE('',#12042,(#12046,#12053),.PCURVE_S1.);
#12042 = LINE('',#12043,#12044);
#12043 = CARTESIAN_POINT('',(3.1025,-1.75,0.615));
#12044 = VECTOR('',#12045,1.);
#12045 = DIRECTION('',(2.289834988289E-16,2.289834988289E-16,1.));
#12046 = PCURVE('',#8094,#12047);
#12047 = DEFINITIONAL_REPRESENTATION('',(#12048),#12052);
#12048 = LINE('',#12049,#12050);
#12049 = CARTESIAN_POINT('',(0.106066017178,3.434752482434E-17));
#12050 = VECTOR('',#12051,1.);
#12051 = DIRECTION('',(1.972152263053E-31,1.));
#12052 = ( GEOMETRIC_REPRESENTATION_CONTEXT(2) 
PARAMETRIC_REPRESENTATION_CONTEXT() REPRESENTATION_CONTEXT('2D SPACE',''
  ) );
#12053 = PCURVE('',#9183,#12054);
#12054 = DEFINITIONAL_REPRESENTATION('',(#12055),#12059);
#12055 = LINE('',#12056,#12057);
#12056 = CARTESIAN_POINT('',(-1.824936230421,0.212152664708));
#12057 = VECTOR('',#12058,1.);
#12058 = DIRECTION('',(1.224606353822E-16,1.));
#12059 = ( GEOMETRIC_REPRESENTATION_CONTEXT(2) 
PARAMETRIC_REPRESENTATION_CONTEXT() REPRESENTATION_CONTEXT('2D SPACE',''
  ) );
#12060 = ORIENTED_EDGE('',*,*,#9144,.T.);
#12061 = ADVANCED_FACE('',(#12062),#12000,.T.);
#12062 = FACE_BOUND('',#12063,.T.);
#12063 = EDGE_LOOP('',(#12064,#12065,#12088,#12116));
#12064 = ORIENTED_EDGE('',*,*,#11984,.F.);
#12065 = ORIENTED_EDGE('',*,*,#12066,.T.);
#12066 = EDGE_CURVE('',#8051,#12067,#12069,.T.);
#12067 = VERTEX_POINT('',#12068);
#12068 = CARTESIAN_POINT('',(2.9525,-0.8,0.13));
#12069 = SURFACE_CURVE('',#12070,(#12074,#12081),.PCURVE_S1.);
#12070 = LINE('',#12071,#12072);
#12071 = CARTESIAN_POINT('',(2.9525,7.493623042064E-02,0.13));
#12072 = VECTOR('',#12073,1.);
#12073 = DIRECTION('',(2.804146475864E-32,1.,-1.065228634467E-16));
#12074 = PCURVE('',#12000,#12075);
#12075 = DEFINITIONAL_REPRESENTATION('',(#12076),#12080);
#12076 = LINE('',#12077,#12078);
#12077 = CARTESIAN_POINT('',(3.535533905933E-02,1.424936230421));
#12078 = VECTOR('',#12079,1.);
#12079 = DIRECTION('',(1.109335647967E-31,1.));
#12080 = ( GEOMETRIC_REPRESENTATION_CONTEXT(2) 
PARAMETRIC_REPRESENTATION_CONTEXT() REPRESENTATION_CONTEXT('2D SPACE',''
  ) );
#12081 = PCURVE('',#8066,#12082);
#12082 = DEFINITIONAL_REPRESENTATION('',(#12083),#12087);
#12083 = LINE('',#12084,#12085);
#12084 = CARTESIAN_POINT('',(-0.1,1.974936230421));
#12085 = VECTOR('',#12086,1.);
#12086 = DIRECTION('',(0.,1.));
#12087 = ( GEOMETRIC_REPRESENTATION_CONTEXT(2) 
PARAMETRIC_REPRESENTATION_CONTEXT() REPRESENTATION_CONTEXT('2D SPACE',''
  ) );
#12088 = ORIENTED_EDGE('',*,*,#12089,.F.);
#12089 = EDGE_CURVE('',#12090,#12067,#12092,.T.);
#12090 = VERTEX_POINT('',#12091);
#12091 = CARTESIAN_POINT('',(3.0025,-0.8,0.18));
#12092 = SURFACE_CURVE('',#12093,(#12097,#12104),.PCURVE_S1.);
#12093 = LINE('',#12094,#12095);
#12094 = CARTESIAN_POINT('',(3.1025,-0.8,0.28));
#12095 = VECTOR('',#12096,1.);
#12096 = DIRECTION('',(-0.707106781187,-7.532303909457E-17,
    -0.707106781187));
#12097 = PCURVE('',#12000,#12098);
#12098 = DEFINITIONAL_REPRESENTATION('',(#12099),#12103);
#12099 = LINE('',#12100,#12101);
#12100 = CARTESIAN_POINT('',(-0.176776695297,0.55));
#12101 = VECTOR('',#12102,1.);
#12102 = DIRECTION('',(1.,0.));
#12103 = ( GEOMETRIC_REPRESENTATION_CONTEXT(2) 
PARAMETRIC_REPRESENTATION_CONTEXT() REPRESENTATION_CONTEXT('2D SPACE',''
  ) );
#12104 = PCURVE('',#12105,#12110);
#12105 = PLANE('',#12106);
#12106 = AXIS2_PLACEMENT_3D('',#12107,#12108,#12109);
#12107 = CARTESIAN_POINT('',(2.93367832869,-0.8,0.556369515365));
#12108 = DIRECTION('',(2.804146475864E-32,1.,-1.065228634467E-16));
#12109 = DIRECTION('',(-2.289834988289E-16,-1.065228634467E-16,-1.));
#12110 = DEFINITIONAL_REPRESENTATION('',(#12111),#12115);
#12111 = LINE('',#12112,#12113);
#12112 = CARTESIAN_POINT('',(0.276369515365,-0.16882167131));
#12113 = VECTOR('',#12114,1.);
#12114 = DIRECTION('',(0.707106781187,0.707106781187));
#12115 = ( GEOMETRIC_REPRESENTATION_CONTEXT(2) 
PARAMETRIC_REPRESENTATION_CONTEXT() REPRESENTATION_CONTEXT('2D SPACE',''
  ) );
#12116 = ORIENTED_EDGE('',*,*,#12117,.T.);
#12117 = EDGE_CURVE('',#12090,#11985,#12118,.T.);
#12118 = SURFACE_CURVE('',#12119,(#12123,#12130),.PCURVE_S1.);
#12119 = LINE('',#12120,#12121);
#12120 = CARTESIAN_POINT('',(3.0025,7.493623042064E-02,0.18));
#12121 = VECTOR('',#12122,1.);
#12122 = DIRECTION('',(-2.804146475864E-32,-1.,1.065228634467E-16));
#12123 = PCURVE('',#12000,#12124);
#12124 = DEFINITIONAL_REPRESENTATION('',(#12125),#12129);
#12125 = LINE('',#12126,#12127);
#12126 = CARTESIAN_POINT('',(-3.535533905933E-02,1.424936230421));
#12127 = VECTOR('',#12128,1.);
#12128 = DIRECTION('',(-1.109335647967E-31,-1.));
#12129 = ( GEOMETRIC_REPRESENTATION_CONTEXT(2) 
PARAMETRIC_REPRESENTATION_CONTEXT() REPRESENTATION_CONTEXT('2D SPACE',''
  ) );
#12130 = PCURVE('',#12028,#12131);
#12131 = DEFINITIONAL_REPRESENTATION('',(#12132),#12136);
#12132 = LINE('',#12133,#12134);
#12133 = CARTESIAN_POINT('',(-5.E-02,1.974936230421));
#12134 = VECTOR('',#12135,1.);
#12135 = DIRECTION('',(9.031806508344E-47,-1.));
#12136 = ( GEOMETRIC_REPRESENTATION_CONTEXT(2) 
PARAMETRIC_REPRESENTATION_CONTEXT() REPRESENTATION_CONTEXT('2D SPACE',''
  ) );
#12137 = ADVANCED_FACE('',(#12138),#8066,.T.);
#12138 = FACE_BOUND('',#12139,.T.);
#12139 = EDGE_LOOP('',(#12140,#12141,#12142,#12165,#12193,#12214));
#12140 = ORIENTED_EDGE('',*,*,#8050,.F.);
#12141 = ORIENTED_EDGE('',*,*,#10028,.F.);
#12142 = ORIENTED_EDGE('',*,*,#12143,.F.);
#12143 = EDGE_CURVE('',#12144,#10006,#12146,.T.);
#12144 = VERTEX_POINT('',#12145);
#12145 = CARTESIAN_POINT('',(2.9525,1.,8.E-02));
#12146 = SURFACE_CURVE('',#12147,(#12151,#12158),.PCURVE_S1.);
#12147 = LINE('',#12148,#12149);
#12148 = CARTESIAN_POINT('',(2.9525,1.,0.841614));
#12149 = VECTOR('',#12150,1.);
#12150 = DIRECTION('',(-2.289834988289E-16,-1.065228634467E-16,-1.));
#12151 = PCURVE('',#8066,#12152);
#12152 = DEFINITIONAL_REPRESENTATION('',(#12153),#12157);
#12153 = LINE('',#12154,#12155);
#12154 = CARTESIAN_POINT('',(-0.811614,2.9));
#12155 = VECTOR('',#12156,1.);
#12156 = DIRECTION('',(1.,0.));
#12157 = ( GEOMETRIC_REPRESENTATION_CONTEXT(2) 
PARAMETRIC_REPRESENTATION_CONTEXT() REPRESENTATION_CONTEXT('2D SPACE',''
  ) );
#12158 = PCURVE('',#8887,#12159);
#12159 = DEFINITIONAL_REPRESENTATION('',(#12160),#12164);
#12160 = LINE('',#12161,#12162);
#12161 = CARTESIAN_POINT('',(-0.531614,-0.6275));
#12162 = VECTOR('',#12163,1.);
#12163 = DIRECTION('',(1.,0.));
#12164 = ( GEOMETRIC_REPRESENTATION_CONTEXT(2) 
PARAMETRIC_REPRESENTATION_CONTEXT() REPRESENTATION_CONTEXT('2D SPACE',''
  ) );
#12165 = ORIENTED_EDGE('',*,*,#12166,.F.);
#12166 = EDGE_CURVE('',#12167,#12144,#12169,.T.);
#12167 = VERTEX_POINT('',#12168);
#12168 = CARTESIAN_POINT('',(2.9525,-0.8,8.E-02));
#12169 = SURFACE_CURVE('',#12170,(#12174,#12181),.PCURVE_S1.);
#12170 = LINE('',#12171,#12172);
#12171 = CARTESIAN_POINT('',(2.9525,-1.9,8.E-02));
#12172 = VECTOR('',#12173,1.);
#12173 = DIRECTION('',(2.804146475864E-32,1.,-1.065228634467E-16));
#12174 = PCURVE('',#8066,#12175);
#12175 = DEFINITIONAL_REPRESENTATION('',(#12176),#12180);
#12176 = LINE('',#12177,#12178);
#12177 = CARTESIAN_POINT('',(-5.E-02,-5.326143172335E-18));
#12178 = VECTOR('',#12179,1.);
#12179 = DIRECTION('',(0.,1.));
#12180 = ( GEOMETRIC_REPRESENTATION_CONTEXT(2) 
PARAMETRIC_REPRESENTATION_CONTEXT() REPRESENTATION_CONTEXT('2D SPACE',''
  ) );
#12181 = PCURVE('',#12182,#12187);
#12182 = PLANE('',#12183);
#12183 = AXIS2_PLACEMENT_3D('',#12184,#12185,#12186);
#12184 = CARTESIAN_POINT('',(3.5,1.,8.E-02));
#12185 = DIRECTION('',(2.289834988289E-16,1.065228634467E-16,1.));
#12186 = DIRECTION('',(-2.804146475864E-32,-1.,1.065228634467E-16));
#12187 = DEFINITIONAL_REPRESENTATION('',(#12188),#12192);
#12188 = LINE('',#12189,#12190);
#12189 = CARTESIAN_POINT('',(2.9,-0.5475));
#12190 = VECTOR('',#12191,1.);
#12191 = DIRECTION('',(-1.,2.736911063134E-48));
#12192 = ( GEOMETRIC_REPRESENTATION_CONTEXT(2) 
PARAMETRIC_REPRESENTATION_CONTEXT() REPRESENTATION_CONTEXT('2D SPACE',''
  ) );
#12193 = ORIENTED_EDGE('',*,*,#12194,.T.);
#12194 = EDGE_CURVE('',#12167,#12067,#12195,.T.);
#12195 = SURFACE_CURVE('',#12196,(#12200,#12207),.PCURVE_S1.);
#12196 = LINE('',#12197,#12198);
#12197 = CARTESIAN_POINT('',(2.9525,-0.8,0.402847335292));
#12198 = VECTOR('',#12199,1.);
#12199 = DIRECTION('',(2.289834988289E-16,1.065228634467E-16,1.));
#12200 = PCURVE('',#8066,#12201);
#12201 = DEFINITIONAL_REPRESENTATION('',(#12202),#12206);
#12202 = LINE('',#12203,#12204);
#12203 = CARTESIAN_POINT('',(-0.372847335292,1.1));
#12204 = VECTOR('',#12205,1.);
#12205 = DIRECTION('',(-1.,0.));
#12206 = ( GEOMETRIC_REPRESENTATION_CONTEXT(2) 
PARAMETRIC_REPRESENTATION_CONTEXT() REPRESENTATION_CONTEXT('2D SPACE',''
  ) );
#12207 = PCURVE('',#12105,#12208);
#12208 = DEFINITIONAL_REPRESENTATION('',(#12209),#12213);
#12209 = LINE('',#12210,#12211);
#12210 = CARTESIAN_POINT('',(0.153522180073,-1.882167131029E-02));
#12211 = VECTOR('',#12212,1.);
#12212 = DIRECTION('',(-1.,0.));
#12213 = ( GEOMETRIC_REPRESENTATION_CONTEXT(2) 
PARAMETRIC_REPRESENTATION_CONTEXT() REPRESENTATION_CONTEXT('2D SPACE',''
  ) );
#12214 = ORIENTED_EDGE('',*,*,#12066,.F.);
#12215 = ADVANCED_FACE('',(#12216),#12182,.F.);
#12216 = FACE_BOUND('',#12217,.T.);
#12217 = EDGE_LOOP('',(#12218,#12241,#12242,#12265));
#12218 = ORIENTED_EDGE('',*,*,#12219,.F.);
#12219 = EDGE_CURVE('',#12167,#12220,#12222,.T.);
#12220 = VERTEX_POINT('',#12221);
#12221 = CARTESIAN_POINT('',(3.5,-0.8,8.E-02));
#12222 = SURFACE_CURVE('',#12223,(#12227,#12234),.PCURVE_S1.);
#12223 = LINE('',#12224,#12225);
#12224 = CARTESIAN_POINT('',(3.1025,-0.8,8.E-02));
#12225 = VECTOR('',#12226,1.);
#12226 = DIRECTION('',(1.,-5.243344273594E-32,-2.289834988289E-16));
#12227 = PCURVE('',#12182,#12228);
#12228 = DEFINITIONAL_REPRESENTATION('',(#12229),#12233);
#12229 = LINE('',#12230,#12231);
#12230 = CARTESIAN_POINT('',(1.8,-0.3975));
#12231 = VECTOR('',#12232,1.);
#12232 = DIRECTION('',(-9.031806508344E-47,1.));
#12233 = ( GEOMETRIC_REPRESENTATION_CONTEXT(2) 
PARAMETRIC_REPRESENTATION_CONTEXT() REPRESENTATION_CONTEXT('2D SPACE',''
  ) );
#12234 = PCURVE('',#12105,#12235);
#12235 = DEFINITIONAL_REPRESENTATION('',(#12236),#12240);
#12236 = LINE('',#12237,#12238);
#12237 = CARTESIAN_POINT('',(0.476369515365,-0.16882167131));
#12238 = VECTOR('',#12239,1.);
#12239 = DIRECTION('',(0.,-1.));
#12240 = ( GEOMETRIC_REPRESENTATION_CONTEXT(2) 
PARAMETRIC_REPRESENTATION_CONTEXT() REPRESENTATION_CONTEXT('2D SPACE',''
  ) );
#12241 = ORIENTED_EDGE('',*,*,#12166,.T.);
#12242 = ORIENTED_EDGE('',*,*,#12243,.T.);
#12243 = EDGE_CURVE('',#12144,#12244,#12246,.T.);
#12244 = VERTEX_POINT('',#12245);
#12245 = CARTESIAN_POINT('',(3.5,1.,8.E-02));
#12246 = SURFACE_CURVE('',#12247,(#12251,#12258),.PCURVE_S1.);
#12247 = LINE('',#12248,#12249);
#12248 = CARTESIAN_POINT('',(-13.5,1.,8.E-02));
#12249 = VECTOR('',#12250,1.);
#12250 = DIRECTION('',(1.,-5.243344273594E-32,-2.289834988289E-16));
#12251 = PCURVE('',#12182,#12252);
#12252 = DEFINITIONAL_REPRESENTATION('',(#12253),#12257);
#12253 = LINE('',#12254,#12255);
#12254 = CARTESIAN_POINT('',(8.921076773588E-31,-17.));
#12255 = VECTOR('',#12256,1.);
#12256 = DIRECTION('',(-9.031806508344E-47,1.));
#12257 = ( GEOMETRIC_REPRESENTATION_CONTEXT(2) 
PARAMETRIC_REPRESENTATION_CONTEXT() REPRESENTATION_CONTEXT('2D SPACE',''
  ) );
#12258 = PCURVE('',#8887,#12259);
#12259 = DEFINITIONAL_REPRESENTATION('',(#12260),#12264);
#12260 = LINE('',#12261,#12262);
#12261 = CARTESIAN_POINT('',(0.23,15.825));
#12262 = VECTOR('',#12263,1.);
#12263 = DIRECTION('',(0.,-1.));
#12264 = ( GEOMETRIC_REPRESENTATION_CONTEXT(2) 
PARAMETRIC_REPRESENTATION_CONTEXT() REPRESENTATION_CONTEXT('2D SPACE',''
  ) );
#12265 = ORIENTED_EDGE('',*,*,#12266,.F.);
#12266 = EDGE_CURVE('',#12220,#12244,#12267,.T.);
#12267 = SURFACE_CURVE('',#12268,(#12272,#12279),.PCURVE_S1.);
#12268 = LINE('',#12269,#12270);
#12269 = CARTESIAN_POINT('',(3.5,1.744235,8.E-02));
#12270 = VECTOR('',#12271,1.);
#12271 = DIRECTION('',(2.804146475864E-32,1.,-1.065228634467E-16));
#12272 = PCURVE('',#12182,#12273);
#12273 = DEFINITIONAL_REPRESENTATION('',(#12274),#12278);
#12274 = LINE('',#12275,#12276);
#12275 = CARTESIAN_POINT('',(-0.744235,-1.995609680515E-32));
#12276 = VECTOR('',#12277,1.);
#12277 = DIRECTION('',(-1.,2.736911063134E-48));
#12278 = ( GEOMETRIC_REPRESENTATION_CONTEXT(2) 
PARAMETRIC_REPRESENTATION_CONTEXT() REPRESENTATION_CONTEXT('2D SPACE',''
  ) );
#12279 = PCURVE('',#9239,#12280);
#12280 = DEFINITIONAL_REPRESENTATION('',(#12281),#12285);
#12281 = LINE('',#12282,#12283);
#12282 = CARTESIAN_POINT('',(1.049372,-0.761614));
#12283 = VECTOR('',#12284,1.);
#12284 = DIRECTION('',(1.,0.));
#12285 = ( GEOMETRIC_REPRESENTATION_CONTEXT(2) 
PARAMETRIC_REPRESENTATION_CONTEXT() REPRESENTATION_CONTEXT('2D SPACE',''
  ) );
#12286 = ADVANCED_FACE('',(#12287),#12105,.F.);
#12287 = FACE_BOUND('',#12288,.T.);
#12288 = EDGE_LOOP('',(#12289,#12290,#12291,#12292,#12315,#12343));
#12289 = ORIENTED_EDGE('',*,*,#12089,.T.);
#12290 = ORIENTED_EDGE('',*,*,#12194,.F.);
#12291 = ORIENTED_EDGE('',*,*,#12219,.T.);
#12292 = ORIENTED_EDGE('',*,*,#12293,.T.);
#12293 = EDGE_CURVE('',#12220,#12294,#12296,.T.);
#12294 = VERTEX_POINT('',#12295);
#12295 = CARTESIAN_POINT('',(3.5,-0.8,0.18));
#12296 = SURFACE_CURVE('',#12297,(#12301,#12308),.PCURVE_S1.);
#12297 = LINE('',#12298,#12299);
#12298 = CARTESIAN_POINT('',(3.5,-0.8,1.258386));
#12299 = VECTOR('',#12300,1.);
#12300 = DIRECTION('',(2.289834988289E-16,1.065228634467E-16,1.));
#12301 = PCURVE('',#12105,#12302);
#12302 = DEFINITIONAL_REPRESENTATION('',(#12303),#12307);
#12303 = LINE('',#12304,#12305);
#12304 = CARTESIAN_POINT('',(-0.702016484635,-0.56632167131));
#12305 = VECTOR('',#12306,1.);
#12306 = DIRECTION('',(-1.,0.));
#12307 = ( GEOMETRIC_REPRESENTATION_CONTEXT(2) 
PARAMETRIC_REPRESENTATION_CONTEXT() REPRESENTATION_CONTEXT('2D SPACE',''
  ) );
#12308 = PCURVE('',#9239,#12309);
#12309 = DEFINITIONAL_REPRESENTATION('',(#12310),#12314);
#12310 = LINE('',#12311,#12312);
#12311 = CARTESIAN_POINT('',(-1.494863,0.416772));
#12312 = VECTOR('',#12313,1.);
#12313 = DIRECTION('',(0.,1.));
#12314 = ( GEOMETRIC_REPRESENTATION_CONTEXT(2) 
PARAMETRIC_REPRESENTATION_CONTEXT() REPRESENTATION_CONTEXT('2D SPACE',''
  ) );
#12315 = ORIENTED_EDGE('',*,*,#12316,.T.);
#12316 = EDGE_CURVE('',#12294,#12317,#12319,.T.);
#12317 = VERTEX_POINT('',#12318);
#12318 = CARTESIAN_POINT('',(3.1025,-0.8,0.18));
#12319 = SURFACE_CURVE('',#12320,(#12324,#12331),.PCURVE_S1.);
#12320 = LINE('',#12321,#12322);
#12321 = CARTESIAN_POINT('',(3.5,-0.8,0.18));
#12322 = VECTOR('',#12323,1.);
#12323 = DIRECTION('',(-1.,5.243344273594E-32,2.289834988289E-16));
#12324 = PCURVE('',#12105,#12325);
#12325 = DEFINITIONAL_REPRESENTATION('',(#12326),#12330);
#12326 = LINE('',#12327,#12328);
#12327 = CARTESIAN_POINT('',(0.376369515365,-0.56632167131));
#12328 = VECTOR('',#12329,1.);
#12329 = DIRECTION('',(0.,1.));
#12330 = ( GEOMETRIC_REPRESENTATION_CONTEXT(2) 
PARAMETRIC_REPRESENTATION_CONTEXT() REPRESENTATION_CONTEXT('2D SPACE',''
  ) );
#12331 = PCURVE('',#12332,#12337);
#12332 = PLANE('',#12333);
#12333 = AXIS2_PLACEMENT_3D('',#12334,#12335,#12336);
#12334 = CARTESIAN_POINT('',(3.3,-0.8,0.18));
#12335 = DIRECTION('',(1.831867990632E-16,0.6,0.8));
#12336 = DIRECTION('',(1.373900992974E-16,-0.8,0.6));
#12337 = DEFINITIONAL_REPRESENTATION('',(#12338),#12342);
#12338 = LINE('',#12339,#12340);
#12339 = CARTESIAN_POINT('',(1.08246744901E-17,0.2));
#12340 = VECTOR('',#12341,1.);
#12341 = DIRECTION('',(3.451266460342E-31,-1.));
#12342 = ( GEOMETRIC_REPRESENTATION_CONTEXT(2) 
PARAMETRIC_REPRESENTATION_CONTEXT() REPRESENTATION_CONTEXT('2D SPACE',''
  ) );
#12343 = ORIENTED_EDGE('',*,*,#12344,.F.);
#12344 = EDGE_CURVE('',#12090,#12317,#12345,.T.);
#12345 = SURFACE_CURVE('',#12346,(#12350,#12357),.PCURVE_S1.);
#12346 = LINE('',#12347,#12348);
#12347 = CARTESIAN_POINT('',(3.1025,-0.8,0.18));
#12348 = VECTOR('',#12349,1.);
#12349 = DIRECTION('',(1.,-5.243344273594E-32,-2.289834988289E-16));
#12350 = PCURVE('',#12105,#12351);
#12351 = DEFINITIONAL_REPRESENTATION('',(#12352),#12356);
#12352 = LINE('',#12353,#12354);
#12353 = CARTESIAN_POINT('',(0.376369515365,-0.16882167131));
#12354 = VECTOR('',#12355,1.);
#12355 = DIRECTION('',(0.,-1.));
#12356 = ( GEOMETRIC_REPRESENTATION_CONTEXT(2) 
PARAMETRIC_REPRESENTATION_CONTEXT() REPRESENTATION_CONTEXT('2D SPACE',''
  ) );
#12357 = PCURVE('',#12028,#12358);
#12358 = DEFINITIONAL_REPRESENTATION('',(#12359),#12363);
#12359 = LINE('',#12360,#12361);
#12360 = CARTESIAN_POINT('',(-0.15,1.1));
#12361 = VECTOR('',#12362,1.);
#12362 = DIRECTION('',(-1.,2.736911063134E-48));
#12363 = ( GEOMETRIC_REPRESENTATION_CONTEXT(2) 
PARAMETRIC_REPRESENTATION_CONTEXT() REPRESENTATION_CONTEXT('2D SPACE',''
  ) );
#12364 = ADVANCED_FACE('',(#12365),#12332,.F.);
#12365 = FACE_BOUND('',#12366,.T.);
#12366 = EDGE_LOOP('',(#12367,#12390,#12413,#12434));
#12367 = ORIENTED_EDGE('',*,*,#12368,.T.);
#12368 = EDGE_CURVE('',#12294,#12369,#12371,.T.);
#12369 = VERTEX_POINT('',#12370);
#12370 = CARTESIAN_POINT('',(3.5,-1.,0.33));
#12371 = SURFACE_CURVE('',#12372,(#12376,#12383),.PCURVE_S1.);
#12372 = LINE('',#12373,#12374);
#12373 = CARTESIAN_POINT('',(3.5,-0.8,0.18));
#12374 = VECTOR('',#12375,1.);
#12375 = DIRECTION('',(1.373900992974E-16,-0.8,0.6));
#12376 = PCURVE('',#12332,#12377);
#12377 = DEFINITIONAL_REPRESENTATION('',(#12378),#12382);
#12378 = LINE('',#12379,#12380);
#12379 = CARTESIAN_POINT('',(1.08246744901E-17,0.2));
#12380 = VECTOR('',#12381,1.);
#12381 = DIRECTION('',(1.,0.));
#12382 = ( GEOMETRIC_REPRESENTATION_CONTEXT(2) 
PARAMETRIC_REPRESENTATION_CONTEXT() REPRESENTATION_CONTEXT('2D SPACE',''
  ) );
#12383 = PCURVE('',#9239,#12384);
#12384 = DEFINITIONAL_REPRESENTATION('',(#12385),#12389);
#12385 = LINE('',#12386,#12387);
#12386 = CARTESIAN_POINT('',(-1.494863,-0.661614));
#12387 = VECTOR('',#12388,1.);
#12388 = DIRECTION('',(-0.8,0.6));
#12389 = ( GEOMETRIC_REPRESENTATION_CONTEXT(2) 
PARAMETRIC_REPRESENTATION_CONTEXT() REPRESENTATION_CONTEXT('2D SPACE',''
  ) );
#12390 = ORIENTED_EDGE('',*,*,#12391,.T.);
#12391 = EDGE_CURVE('',#12369,#12392,#12394,.T.);
#12392 = VERTEX_POINT('',#12393);
#12393 = CARTESIAN_POINT('',(3.1025,-1.,0.33));
#12394 = SURFACE_CURVE('',#12395,(#12399,#12406),.PCURVE_S1.);
#12395 = LINE('',#12396,#12397);
#12396 = CARTESIAN_POINT('',(4.,-1.,0.33));
#12397 = VECTOR('',#12398,1.);
#12398 = DIRECTION('',(-1.,5.243344273594E-32,2.289834988289E-16));
#12399 = PCURVE('',#12332,#12400);
#12400 = DEFINITIONAL_REPRESENTATION('',(#12401),#12405);
#12401 = LINE('',#12402,#12403);
#12402 = CARTESIAN_POINT('',(0.25,0.7));
#12403 = VECTOR('',#12404,1.);
#12404 = DIRECTION('',(3.451266460342E-31,-1.));
#12405 = ( GEOMETRIC_REPRESENTATION_CONTEXT(2) 
PARAMETRIC_REPRESENTATION_CONTEXT() REPRESENTATION_CONTEXT('2D SPACE',''
  ) );
#12406 = PCURVE('',#9211,#12407);
#12407 = DEFINITIONAL_REPRESENTATION('',(#12408),#12412);
#12408 = LINE('',#12409,#12410);
#12409 = CARTESIAN_POINT('',(1.602884491803E-16,0.7));
#12410 = VECTOR('',#12411,1.);
#12411 = DIRECTION('',(0.,-1.));
#12412 = ( GEOMETRIC_REPRESENTATION_CONTEXT(2) 
PARAMETRIC_REPRESENTATION_CONTEXT() REPRESENTATION_CONTEXT('2D SPACE',''
  ) );
#12413 = ORIENTED_EDGE('',*,*,#12414,.F.);
#12414 = EDGE_CURVE('',#12317,#12392,#12415,.T.);
#12415 = SURFACE_CURVE('',#12416,(#12420,#12427),.PCURVE_S1.);
#12416 = LINE('',#12417,#12418);
#12417 = CARTESIAN_POINT('',(3.1025,0.694863,-0.94114725));
#12418 = VECTOR('',#12419,1.);
#12419 = DIRECTION('',(1.373900992974E-16,-0.8,0.6));
#12420 = PCURVE('',#12332,#12421);
#12421 = DEFINITIONAL_REPRESENTATION('',(#12422),#12426);
#12422 = LINE('',#12423,#12424);
#12423 = CARTESIAN_POINT('',(-1.86857875,-0.1975));
#12424 = VECTOR('',#12425,1.);
#12425 = DIRECTION('',(1.,0.));
#12426 = ( GEOMETRIC_REPRESENTATION_CONTEXT(2) 
PARAMETRIC_REPRESENTATION_CONTEXT() REPRESENTATION_CONTEXT('2D SPACE',''
  ) );
#12427 = PCURVE('',#9183,#12428);
#12428 = DEFINITIONAL_REPRESENTATION('',(#12429),#12433);
#12429 = LINE('',#12430,#12431);
#12430 = CARTESIAN_POINT('',(0.619926769579,-1.343994585292));
#12431 = VECTOR('',#12432,1.);
#12432 = DIRECTION('',(-0.8,0.6));
#12433 = ( GEOMETRIC_REPRESENTATION_CONTEXT(2) 
PARAMETRIC_REPRESENTATION_CONTEXT() REPRESENTATION_CONTEXT('2D SPACE',''
  ) );
#12434 = ORIENTED_EDGE('',*,*,#12316,.F.);
#12435 = ADVANCED_FACE('',(#12436),#12028,.T.);
#12436 = FACE_BOUND('',#12437,.T.);
#12437 = EDGE_LOOP('',(#12438,#12459,#12460,#12461));
#12438 = ORIENTED_EDGE('',*,*,#12439,.F.);
#12439 = EDGE_CURVE('',#12013,#12317,#12440,.T.);
#12440 = SURFACE_CURVE('',#12441,(#12445,#12452),.PCURVE_S1.);
#12441 = LINE('',#12442,#12443);
#12442 = CARTESIAN_POINT('',(3.1025,0.694863,0.18));
#12443 = VECTOR('',#12444,1.);
#12444 = DIRECTION('',(2.804146475864E-32,1.,-1.065228634467E-16));
#12445 = PCURVE('',#12028,#12446);
#12446 = DEFINITIONAL_REPRESENTATION('',(#12447),#12451);
#12447 = LINE('',#12448,#12449);
#12448 = CARTESIAN_POINT('',(-0.15,2.594863));
#12449 = VECTOR('',#12450,1.);
#12450 = DIRECTION('',(-9.031806508344E-47,1.));
#12451 = ( GEOMETRIC_REPRESENTATION_CONTEXT(2) 
PARAMETRIC_REPRESENTATION_CONTEXT() REPRESENTATION_CONTEXT('2D SPACE',''
  ) );
#12452 = PCURVE('',#9183,#12453);
#12453 = DEFINITIONAL_REPRESENTATION('',(#12454),#12458);
#12454 = LINE('',#12455,#12456);
#12455 = CARTESIAN_POINT('',(0.619926769579,-0.222847335292));
#12456 = VECTOR('',#12457,1.);
#12457 = DIRECTION('',(1.,0.));
#12458 = ( GEOMETRIC_REPRESENTATION_CONTEXT(2) 
PARAMETRIC_REPRESENTATION_CONTEXT() REPRESENTATION_CONTEXT('2D SPACE',''
  ) );
#12459 = ORIENTED_EDGE('',*,*,#12012,.F.);
#12460 = ORIENTED_EDGE('',*,*,#12117,.F.);
#12461 = ORIENTED_EDGE('',*,*,#12344,.T.);
#12462 = ADVANCED_FACE('',(#12463),#9183,.T.);
#12463 = FACE_BOUND('',#12464,.T.);
#12464 = EDGE_LOOP('',(#12465,#12486,#12487,#12488,#12489));
#12465 = ORIENTED_EDGE('',*,*,#12466,.F.);
#12466 = EDGE_CURVE('',#9168,#12392,#12467,.T.);
#12467 = SURFACE_CURVE('',#12468,(#12472,#12479),.PCURVE_S1.);
#12468 = LINE('',#12469,#12470);
#12469 = CARTESIAN_POINT('',(3.1025,-1.,0.841614));
#12470 = VECTOR('',#12471,1.);
#12471 = DIRECTION('',(-2.289834988289E-16,-1.065228634467E-16,-1.));
#12472 = PCURVE('',#9183,#12473);
#12473 = DEFINITIONAL_REPRESENTATION('',(#12474),#12478);
#12474 = LINE('',#12475,#12476);
#12475 = CARTESIAN_POINT('',(-1.074936230421,0.438766664708));
#12476 = VECTOR('',#12477,1.);
#12477 = DIRECTION('',(0.,-1.));
#12478 = ( GEOMETRIC_REPRESENTATION_CONTEXT(2) 
PARAMETRIC_REPRESENTATION_CONTEXT() REPRESENTATION_CONTEXT('2D SPACE',''
  ) );
#12479 = PCURVE('',#9211,#12480);
#12480 = DEFINITIONAL_REPRESENTATION('',(#12481),#12485);
#12481 = LINE('',#12482,#12483);
#12482 = CARTESIAN_POINT('',(0.511614,-0.1975));
#12483 = VECTOR('',#12484,1.);
#12484 = DIRECTION('',(-1.,0.));
#12485 = ( GEOMETRIC_REPRESENTATION_CONTEXT(2) 
PARAMETRIC_REPRESENTATION_CONTEXT() REPRESENTATION_CONTEXT('2D SPACE',''
  ) );
#12486 = ORIENTED_EDGE('',*,*,#9167,.F.);
#12487 = ORIENTED_EDGE('',*,*,#12040,.F.);
#12488 = ORIENTED_EDGE('',*,*,#12439,.T.);
#12489 = ORIENTED_EDGE('',*,*,#12414,.T.);
#12490 = ADVANCED_FACE('',(#12491,#12605),#9211,.F.);
#12491 = FACE_BOUND('',#12492,.T.);
#12492 = EDGE_LOOP('',(#12493,#12523,#12551,#12579));
#12493 = ORIENTED_EDGE('',*,*,#12494,.F.);
#12494 = EDGE_CURVE('',#12495,#12497,#12499,.T.);
#12495 = VERTEX_POINT('',#12496);
#12496 = CARTESIAN_POINT('',(3.265,-1.,0.82));
#12497 = VERTEX_POINT('',#12498);
#12498 = CARTESIAN_POINT('',(3.115,-1.,0.82));
#12499 = SURFACE_CURVE('',#12500,(#12504,#12511),.PCURVE_S1.);
#12500 = LINE('',#12501,#12502);
#12501 = CARTESIAN_POINT('',(4.,-1.,0.82));
#12502 = VECTOR('',#12503,1.);
#12503 = DIRECTION('',(-1.,5.243344273594E-32,2.289834988289E-16));
#12504 = PCURVE('',#9211,#12505);
#12505 = DEFINITIONAL_REPRESENTATION('',(#12506),#12510);
#12506 = LINE('',#12507,#12508);
#12507 = CARTESIAN_POINT('',(0.49,0.7));
#12508 = VECTOR('',#12509,1.);
#12509 = DIRECTION('',(0.,-1.));
#12510 = ( GEOMETRIC_REPRESENTATION_CONTEXT(2) 
PARAMETRIC_REPRESENTATION_CONTEXT() REPRESENTATION_CONTEXT('2D SPACE',''
  ) );
#12511 = PCURVE('',#12512,#12517);
#12512 = PLANE('',#12513);
#12513 = AXIS2_PLACEMENT_3D('',#12514,#12515,#12516);
#12514 = CARTESIAN_POINT('',(3.265,0.8,0.82));
#12515 = DIRECTION('',(2.289834988289E-16,2.289834988289E-16,1.));
#12516 = DIRECTION('',(0.,-1.,2.289834988289E-16));
#12517 = DEFINITIONAL_REPRESENTATION('',(#12518),#12522);
#12518 = LINE('',#12519,#12520);
#12519 = CARTESIAN_POINT('',(1.8,0.735));
#12520 = VECTOR('',#12521,1.);
#12521 = DIRECTION('',(2.080052407982E-46,-1.));
#12522 = ( GEOMETRIC_REPRESENTATION_CONTEXT(2) 
PARAMETRIC_REPRESENTATION_CONTEXT() REPRESENTATION_CONTEXT('2D SPACE',''
  ) );
#12523 = ORIENTED_EDGE('',*,*,#12524,.T.);
#12524 = EDGE_CURVE('',#12495,#12525,#12527,.T.);
#12525 = VERTEX_POINT('',#12526);
#12526 = CARTESIAN_POINT('',(3.265,-1.,0.51));
#12527 = SURFACE_CURVE('',#12528,(#12532,#12539),.PCURVE_S1.);
#12528 = LINE('',#12529,#12530);
#12529 = CARTESIAN_POINT('',(3.265,-1.,0.841614));
#12530 = VECTOR('',#12531,1.);
#12531 = DIRECTION('',(-2.289834988289E-16,-1.065228634467E-16,-1.));
#12532 = PCURVE('',#9211,#12533);
#12533 = DEFINITIONAL_REPRESENTATION('',(#12534),#12538);
#12534 = LINE('',#12535,#12536);
#12535 = CARTESIAN_POINT('',(0.511614,-3.5E-02));
#12536 = VECTOR('',#12537,1.);
#12537 = DIRECTION('',(-1.,0.));
#12538 = ( GEOMETRIC_REPRESENTATION_CONTEXT(2) 
PARAMETRIC_REPRESENTATION_CONTEXT() REPRESENTATION_CONTEXT('2D SPACE',''
  ) );
#12539 = PCURVE('',#12540,#12545);
#12540 = PLANE('',#12541);
#12541 = AXIS2_PLACEMENT_3D('',#12542,#12543,#12544);
#12542 = CARTESIAN_POINT('',(3.265,-1.228897383693,0.397842849918));
#12543 = DIRECTION('',(1.,-5.243344273594E-32,-2.289834988289E-16));
#12544 = DIRECTION('',(-2.080052407982E-46,1.,-2.289834988289E-16));
#12545 = DEFINITIONAL_REPRESENTATION('',(#12546),#12550);
#12546 = LINE('',#12547,#12548);
#12547 = CARTESIAN_POINT('',(0.228897383693,0.443771150082));
#12548 = VECTOR('',#12549,1.);
#12549 = DIRECTION('',(1.224606353822E-16,-1.));
#12550 = ( GEOMETRIC_REPRESENTATION_CONTEXT(2) 
PARAMETRIC_REPRESENTATION_CONTEXT() REPRESENTATION_CONTEXT('2D SPACE',''
  ) );
#12551 = ORIENTED_EDGE('',*,*,#12552,.F.);
#12552 = EDGE_CURVE('',#12553,#12525,#12555,.T.);
#12553 = VERTEX_POINT('',#12554);
#12554 = CARTESIAN_POINT('',(3.115,-1.,0.51));
#12555 = SURFACE_CURVE('',#12556,(#12560,#12567),.PCURVE_S1.);
#12556 = LINE('',#12557,#12558);
#12557 = CARTESIAN_POINT('',(4.,-1.,0.51));
#12558 = VECTOR('',#12559,1.);
#12559 = DIRECTION('',(1.,-5.243344273594E-32,-2.289834988289E-16));
#12560 = PCURVE('',#9211,#12561);
#12561 = DEFINITIONAL_REPRESENTATION('',(#12562),#12566);
#12562 = LINE('',#12563,#12564);
#12563 = CARTESIAN_POINT('',(0.18,0.7));
#12564 = VECTOR('',#12565,1.);
#12565 = DIRECTION('',(0.,1.));
#12566 = ( GEOMETRIC_REPRESENTATION_CONTEXT(2) 
PARAMETRIC_REPRESENTATION_CONTEXT() REPRESENTATION_CONTEXT('2D SPACE',''
  ) );
#12567 = PCURVE('',#12568,#12573);
#12568 = PLANE('',#12569);
#12569 = AXIS2_PLACEMENT_3D('',#12570,#12571,#12572);
#12570 = CARTESIAN_POINT('',(3.265,-1.1,0.51));
#12571 = DIRECTION('',(-2.289834988289E-16,-2.289834988289E-16,-1.));
#12572 = DIRECTION('',(0.,1.,-2.289834988289E-16));
#12573 = DEFINITIONAL_REPRESENTATION('',(#12574),#12578);
#12574 = LINE('',#12575,#12576);
#12575 = CARTESIAN_POINT('',(0.1,0.735));
#12576 = VECTOR('',#12577,1.);
#12577 = DIRECTION('',(2.080052407982E-46,1.));
#12578 = ( GEOMETRIC_REPRESENTATION_CONTEXT(2) 
PARAMETRIC_REPRESENTATION_CONTEXT() REPRESENTATION_CONTEXT('2D SPACE',''
  ) );
#12579 = ORIENTED_EDGE('',*,*,#12580,.F.);
#12580 = EDGE_CURVE('',#12497,#12553,#12581,.T.);
#12581 = SURFACE_CURVE('',#12582,(#12586,#12593),.PCURVE_S1.);
#12582 = LINE('',#12583,#12584);
#12583 = CARTESIAN_POINT('',(3.115,-1.,0.841614));
#12584 = VECTOR('',#12585,1.);
#12585 = DIRECTION('',(-2.289834988289E-16,-1.065228634467E-16,-1.));
#12586 = PCURVE('',#9211,#12587);
#12587 = DEFINITIONAL_REPRESENTATION('',(#12588),#12592);
#12588 = LINE('',#12589,#12590);
#12589 = CARTESIAN_POINT('',(0.511614,-0.185));
#12590 = VECTOR('',#12591,1.);
#12591 = DIRECTION('',(-1.,0.));
#12592 = ( GEOMETRIC_REPRESENTATION_CONTEXT(2) 
PARAMETRIC_REPRESENTATION_CONTEXT() REPRESENTATION_CONTEXT('2D SPACE',''
  ) );
#12593 = PCURVE('',#12594,#12599);
#12594 = PLANE('',#12595);
#12595 = AXIS2_PLACEMENT_3D('',#12596,#12597,#12598);
#12596 = CARTESIAN_POINT('',(3.115,-1.464196,0.375201));
#12597 = DIRECTION('',(1.,-5.243344273594E-32,-2.289834988289E-16));
#12598 = DIRECTION('',(5.243344273594E-32,1.,0.));
#12599 = DEFINITIONAL_REPRESENTATION('',(#12600),#12604);
#12600 = LINE('',#12601,#12602);
#12601 = CARTESIAN_POINT('',(0.464196,0.466413));
#12602 = VECTOR('',#12603,1.);
#12603 = DIRECTION('',(-1.065228634467E-16,-1.));
#12604 = ( GEOMETRIC_REPRESENTATION_CONTEXT(2) 
PARAMETRIC_REPRESENTATION_CONTEXT() REPRESENTATION_CONTEXT('2D SPACE',''
  ) );
#12605 = FACE_BOUND('',#12606,.T.);
#12606 = EDGE_LOOP('',(#12607,#12608,#12609,#12630));
#12607 = ORIENTED_EDGE('',*,*,#12466,.T.);
#12608 = ORIENTED_EDGE('',*,*,#12391,.F.);
#12609 = ORIENTED_EDGE('',*,*,#12610,.F.);
#12610 = EDGE_CURVE('',#9196,#12369,#12611,.T.);
#12611 = SURFACE_CURVE('',#12612,(#12616,#12623),.PCURVE_S1.);
#12612 = LINE('',#12613,#12614);
#12613 = CARTESIAN_POINT('',(3.5,-1.,0.841614));
#12614 = VECTOR('',#12615,1.);
#12615 = DIRECTION('',(-2.289834988289E-16,-1.065228634467E-16,-1.));
#12616 = PCURVE('',#9211,#12617);
#12617 = DEFINITIONAL_REPRESENTATION('',(#12618),#12622);
#12618 = LINE('',#12619,#12620);
#12619 = CARTESIAN_POINT('',(0.511614,0.2));
#12620 = VECTOR('',#12621,1.);
#12621 = DIRECTION('',(-1.,0.));
#12622 = ( GEOMETRIC_REPRESENTATION_CONTEXT(2) 
PARAMETRIC_REPRESENTATION_CONTEXT() REPRESENTATION_CONTEXT('2D SPACE',''
  ) );
#12623 = PCURVE('',#9239,#12624);
#12624 = DEFINITIONAL_REPRESENTATION('',(#12625),#12629);
#12625 = LINE('',#12626,#12627);
#12626 = CARTESIAN_POINT('',(-1.694863,-1.805416599099E-16));
#12627 = VECTOR('',#12628,1.);
#12628 = DIRECTION('',(0.,-1.));
#12629 = ( GEOMETRIC_REPRESENTATION_CONTEXT(2) 
PARAMETRIC_REPRESENTATION_CONTEXT() REPRESENTATION_CONTEXT('2D SPACE',''
  ) );
#12630 = ORIENTED_EDGE('',*,*,#9195,.T.);
#12631 = ADVANCED_FACE('',(#12632),#12646,.T.);
#12632 = FACE_BOUND('',#12633,.T.);
#12633 = EDGE_LOOP('',(#12634,#12669,#12697,#12725));
#12634 = ORIENTED_EDGE('',*,*,#12635,.T.);
#12635 = EDGE_CURVE('',#12636,#12638,#12640,.T.);
#12636 = VERTEX_POINT('',#12637);
#12637 = CARTESIAN_POINT('',(3.265,-1.147779969319,1.787644580805E-02));
#12638 = VERTEX_POINT('',#12639);
#12639 = CARTESIAN_POINT('',(3.115,-1.147779969319,1.787644580805E-02));
#12640 = SURFACE_CURVE('',#12641,(#12645,#12657),.PCURVE_S1.);
#12641 = LINE('',#12642,#12643);
#12642 = CARTESIAN_POINT('',(3.265,-1.147779969319,1.787644580805E-02));
#12643 = VECTOR('',#12644,1.);
#12644 = DIRECTION('',(-1.,5.243344273594E-32,2.289834988289E-16));
#12645 = PCURVE('',#12646,#12651);
#12646 = CYLINDRICAL_SURFACE('',#12647,5.E-02);
#12647 = AXIS2_PLACEMENT_3D('',#12648,#12649,#12650);
#12648 = CARTESIAN_POINT('',(3.265,-1.15,6.782713613136E-02));
#12649 = DIRECTION('',(-1.,5.243344273594E-32,2.289834988289E-16));
#12650 = DIRECTION('',(-5.243344273594E-32,-1.,0.));
#12651 = DEFINITIONAL_REPRESENTATION('',(#12652),#12656);
#12652 = LINE('',#12653,#12654);
#12653 = CARTESIAN_POINT('',(4.667973765138,0.));
#12654 = VECTOR('',#12655,1.);
#12655 = DIRECTION('',(0.,1.));
#12656 = ( GEOMETRIC_REPRESENTATION_CONTEXT(2) 
PARAMETRIC_REPRESENTATION_CONTEXT() REPRESENTATION_CONTEXT('2D SPACE',''
  ) );
#12657 = PCURVE('',#12658,#12663);
#12658 = PLANE('',#12659);
#12659 = AXIS2_PLACEMENT_3D('',#12660,#12661,#12662);
#12660 = CARTESIAN_POINT('',(3.265,-1.147779969319,1.787644580805E-02));
#12661 = DIRECTION('',(2.28757676783E-16,-4.440061362072E-02,
    0.999013806466));
#12662 = DIRECTION('',(1.016700785703E-17,0.999013806466,
    4.440061362072E-02));
#12663 = DEFINITIONAL_REPRESENTATION('',(#12664),#12668);
#12664 = LINE('',#12665,#12666);
#12665 = CARTESIAN_POINT('',(0.,0.));
#12666 = VECTOR('',#12667,1.);
#12667 = DIRECTION('',(4.160008679876E-32,1.));
#12668 = ( GEOMETRIC_REPRESENTATION_CONTEXT(2) 
PARAMETRIC_REPRESENTATION_CONTEXT() REPRESENTATION_CONTEXT('2D SPACE',''
  ) );
#12669 = ORIENTED_EDGE('',*,*,#12670,.F.);
#12670 = EDGE_CURVE('',#12671,#12638,#12673,.T.);
#12671 = VERTEX_POINT('',#12672);
#12672 = CARTESIAN_POINT('',(3.115,-1.1,6.782713613136E-02));
#12673 = SURFACE_CURVE('',#12674,(#12679,#12686),.PCURVE_S1.);
#12674 = CIRCLE('',#12675,5.E-02);
#12675 = AXIS2_PLACEMENT_3D('',#12676,#12677,#12678);
#12676 = CARTESIAN_POINT('',(3.115,-1.15,6.782713613136E-02));
#12677 = DIRECTION('',(-1.,5.243344273594E-32,2.289834988289E-16));
#12678 = DIRECTION('',(-5.243344273594E-32,-1.,0.));
#12679 = PCURVE('',#12646,#12680);
#12680 = DEFINITIONAL_REPRESENTATION('',(#12681),#12685);
#12681 = LINE('',#12682,#12683);
#12682 = CARTESIAN_POINT('',(-3.10862446895E-15,0.15));
#12683 = VECTOR('',#12684,1.);
#12684 = DIRECTION('',(1.,0.));
#12685 = ( GEOMETRIC_REPRESENTATION_CONTEXT(2) 
PARAMETRIC_REPRESENTATION_CONTEXT() REPRESENTATION_CONTEXT('2D SPACE',''
  ) );
#12686 = PCURVE('',#12594,#12687);
#12687 = DEFINITIONAL_REPRESENTATION('',(#12688),#12696);
#12688 = ( BOUNDED_CURVE() B_SPLINE_CURVE(2,(#12689,#12690,#12691,#12692
    ,#12693,#12694,#12695),.UNSPECIFIED.,.T.,.F.) 
B_SPLINE_CURVE_WITH_KNOTS((1,2,2,2,2,1),(-2.094395102393,0.,
    2.094395102393,4.188790204786,6.28318530718,8.377580409573),
.UNSPECIFIED.) CURVE() GEOMETRIC_REPRESENTATION_ITEM() 
RATIONAL_B_SPLINE_CURVE((1.,0.5,1.,0.5,1.,0.5,1.)) REPRESENTATION_ITEM(
  '') );
#12689 = CARTESIAN_POINT('',(0.264196,-0.307373863869));
#12690 = CARTESIAN_POINT('',(0.264196,-0.22077132349));
#12691 = CARTESIAN_POINT('',(0.339196,-0.264072593679));
#12692 = CARTESIAN_POINT('',(0.414196,-0.307373863869));
#12693 = CARTESIAN_POINT('',(0.339196,-0.350675134058));
#12694 = CARTESIAN_POINT('',(0.264196,-0.393976404247));
#12695 = CARTESIAN_POINT('',(0.264196,-0.307373863869));
#12696 = ( GEOMETRIC_REPRESENTATION_CONTEXT(2) 
PARAMETRIC_REPRESENTATION_CONTEXT() REPRESENTATION_CONTEXT('2D SPACE',''
  ) );
#12697 = ORIENTED_EDGE('',*,*,#12698,.F.);
#12698 = EDGE_CURVE('',#12699,#12671,#12701,.T.);
#12699 = VERTEX_POINT('',#12700);
#12700 = CARTESIAN_POINT('',(3.265,-1.1,6.782713613136E-02));
#12701 = SURFACE_CURVE('',#12702,(#12706,#12713),.PCURVE_S1.);
#12702 = LINE('',#12703,#12704);
#12703 = CARTESIAN_POINT('',(3.265,-1.1,6.782713613136E-02));
#12704 = VECTOR('',#12705,1.);
#12705 = DIRECTION('',(-1.,5.243344273594E-32,2.289834988289E-16));
#12706 = PCURVE('',#12646,#12707);
#12707 = DEFINITIONAL_REPRESENTATION('',(#12708),#12712);
#12708 = LINE('',#12709,#12710);
#12709 = CARTESIAN_POINT('',(3.14159265359,0.));
#12710 = VECTOR('',#12711,1.);
#12711 = DIRECTION('',(0.,1.));
#12712 = ( GEOMETRIC_REPRESENTATION_CONTEXT(2) 
PARAMETRIC_REPRESENTATION_CONTEXT() REPRESENTATION_CONTEXT('2D SPACE',''
  ) );
#12713 = PCURVE('',#12714,#12719);
#12714 = PLANE('',#12715);
#12715 = AXIS2_PLACEMENT_3D('',#12716,#12717,#12718);
#12716 = CARTESIAN_POINT('',(3.265,-1.1,0.46));
#12717 = DIRECTION('',(-5.243344273594E-32,-1.,1.200639317332E-47));
#12718 = DIRECTION('',(2.289834988289E-16,-2.917038411497E-62,1.));
#12719 = DEFINITIONAL_REPRESENTATION('',(#12720),#12724);
#12720 = LINE('',#12721,#12722);
#12721 = CARTESIAN_POINT('',(-0.392172863869,-8.980111451441E-17));
#12722 = VECTOR('',#12723,1.);
#12723 = DIRECTION('',(0.,1.));
#12724 = ( GEOMETRIC_REPRESENTATION_CONTEXT(2) 
PARAMETRIC_REPRESENTATION_CONTEXT() REPRESENTATION_CONTEXT('2D SPACE',''
  ) );
#12725 = ORIENTED_EDGE('',*,*,#12726,.T.);
#12726 = EDGE_CURVE('',#12699,#12636,#12727,.T.);
#12727 = SURFACE_CURVE('',#12728,(#12733,#12740),.PCURVE_S1.);
#12728 = CIRCLE('',#12729,5.E-02);
#12729 = AXIS2_PLACEMENT_3D('',#12730,#12731,#12732);
#12730 = CARTESIAN_POINT('',(3.265,-1.15,6.782713613136E-02));
#12731 = DIRECTION('',(-1.,5.243344273594E-32,2.289834988289E-16));
#12732 = DIRECTION('',(-5.243344273594E-32,-1.,0.));
#12733 = PCURVE('',#12646,#12734);
#12734 = DEFINITIONAL_REPRESENTATION('',(#12735),#12739);
#12735 = LINE('',#12736,#12737);
#12736 = CARTESIAN_POINT('',(0.,0.));
#12737 = VECTOR('',#12738,1.);
#12738 = DIRECTION('',(1.,0.));
#12739 = ( GEOMETRIC_REPRESENTATION_CONTEXT(2) 
PARAMETRIC_REPRESENTATION_CONTEXT() REPRESENTATION_CONTEXT('2D SPACE',''
  ) );
#12740 = PCURVE('',#12540,#12741);
#12741 = DEFINITIONAL_REPRESENTATION('',(#12742),#12750);
#12742 = ( BOUNDED_CURVE() B_SPLINE_CURVE(2,(#12743,#12744,#12745,#12746
    ,#12747,#12748,#12749),.UNSPECIFIED.,.T.,.F.) 
B_SPLINE_CURVE_WITH_KNOTS((1,2,2,2,2,1),(-2.094395102393,0.,
    2.094395102393,4.188790204786,6.28318530718,8.377580409573),
.UNSPECIFIED.) CURVE() GEOMETRIC_REPRESENTATION_ITEM() 
RATIONAL_B_SPLINE_CURVE((1.,0.5,1.,0.5,1.,0.5,1.)) REPRESENTATION_ITEM(
  '') );
#12743 = CARTESIAN_POINT('',(2.889738369333E-02,-0.330015713787));
#12744 = CARTESIAN_POINT('',(2.889738369333E-02,-0.243413173409));
#12745 = CARTESIAN_POINT('',(0.103897383693,-0.286714443598));
#12746 = CARTESIAN_POINT('',(0.178897383693,-0.330015713787));
#12747 = CARTESIAN_POINT('',(0.103897383693,-0.373316983976));
#12748 = CARTESIAN_POINT('',(2.889738369333E-02,-0.416618254165));
#12749 = CARTESIAN_POINT('',(2.889738369333E-02,-0.330015713787));
#12750 = ( GEOMETRIC_REPRESENTATION_CONTEXT(2) 
PARAMETRIC_REPRESENTATION_CONTEXT() REPRESENTATION_CONTEXT('2D SPACE',''
  ) );
#12751 = ADVANCED_FACE('',(#12752),#12658,.F.);
#12752 = FACE_BOUND('',#12753,.T.);
#12753 = EDGE_LOOP('',(#12754,#12784,#12805,#12806));
#12754 = ORIENTED_EDGE('',*,*,#12755,.T.);
#12755 = EDGE_CURVE('',#12756,#12758,#12760,.T.);
#12756 = VERTEX_POINT('',#12757);
#12757 = CARTESIAN_POINT('',(3.265,-1.55,-1.998401444325E-15));
#12758 = VERTEX_POINT('',#12759);
#12759 = CARTESIAN_POINT('',(3.115,-1.55,-1.887379141863E-15));
#12760 = SURFACE_CURVE('',#12761,(#12765,#12772),.PCURVE_S1.);
#12761 = LINE('',#12762,#12763);
#12762 = CARTESIAN_POINT('',(3.265,-1.55,-1.998401444325E-15));
#12763 = VECTOR('',#12764,1.);
#12764 = DIRECTION('',(-1.,5.243344273594E-32,2.289834988289E-16));
#12765 = PCURVE('',#12658,#12766);
#12766 = DEFINITIONAL_REPRESENTATION('',(#12767),#12771);
#12767 = LINE('',#12768,#12769);
#12768 = CARTESIAN_POINT('',(-0.402617089051,-4.093411107753E-18));
#12769 = VECTOR('',#12770,1.);
#12770 = DIRECTION('',(4.160008679876E-32,1.));
#12771 = ( GEOMETRIC_REPRESENTATION_CONTEXT(2) 
PARAMETRIC_REPRESENTATION_CONTEXT() REPRESENTATION_CONTEXT('2D SPACE',''
  ) );
#12772 = PCURVE('',#12773,#12778);
#12773 = PLANE('',#12774);
#12774 = AXIS2_PLACEMENT_3D('',#12775,#12776,#12777);
#12775 = CARTESIAN_POINT('',(3.265,-1.55,-1.998401444325E-15));
#12776 = DIRECTION('',(1.619157848018E-16,0.707106781187,0.707106781187)
  );
#12777 = DIRECTION('',(-1.619157848018E-16,0.707106781187,
    -0.707106781187));
#12778 = DEFINITIONAL_REPRESENTATION('',(#12779),#12783);
#12779 = LINE('',#12780,#12781);
#12780 = CARTESIAN_POINT('',(0.,0.));
#12781 = VECTOR('',#12782,1.);
#12782 = DIRECTION('',(-3.697785493223E-31,1.));
#12783 = ( GEOMETRIC_REPRESENTATION_CONTEXT(2) 
PARAMETRIC_REPRESENTATION_CONTEXT() REPRESENTATION_CONTEXT('2D SPACE',''
  ) );
#12784 = ORIENTED_EDGE('',*,*,#12785,.T.);
#12785 = EDGE_CURVE('',#12758,#12638,#12786,.T.);
#12786 = SURFACE_CURVE('',#12787,(#12791,#12798),.PCURVE_S1.);
#12787 = LINE('',#12788,#12789);
#12788 = CARTESIAN_POINT('',(3.115,-1.55,-1.887379141863E-15));
#12789 = VECTOR('',#12790,1.);
#12790 = DIRECTION('',(1.016700785703E-17,0.999013806466,
    4.440061362072E-02));
#12791 = PCURVE('',#12658,#12792);
#12792 = DEFINITIONAL_REPRESENTATION('',(#12793),#12797);
#12793 = LINE('',#12794,#12795);
#12794 = CARTESIAN_POINT('',(-0.402617089051,0.15));
#12795 = VECTOR('',#12796,1.);
#12796 = DIRECTION('',(1.,0.));
#12797 = ( GEOMETRIC_REPRESENTATION_CONTEXT(2) 
PARAMETRIC_REPRESENTATION_CONTEXT() REPRESENTATION_CONTEXT('2D SPACE',''
  ) );
#12798 = PCURVE('',#12594,#12799);
#12799 = DEFINITIONAL_REPRESENTATION('',(#12800),#12804);
#12800 = LINE('',#12801,#12802);
#12801 = CARTESIAN_POINT('',(-8.5804E-02,-0.375201));
#12802 = VECTOR('',#12803,1.);
#12803 = DIRECTION('',(0.999013806466,4.440061362072E-02));
#12804 = ( GEOMETRIC_REPRESENTATION_CONTEXT(2) 
PARAMETRIC_REPRESENTATION_CONTEXT() REPRESENTATION_CONTEXT('2D SPACE',''
  ) );
#12805 = ORIENTED_EDGE('',*,*,#12635,.F.);
#12806 = ORIENTED_EDGE('',*,*,#12807,.F.);
#12807 = EDGE_CURVE('',#12756,#12636,#12808,.T.);
#12808 = SURFACE_CURVE('',#12809,(#12813,#12820),.PCURVE_S1.);
#12809 = LINE('',#12810,#12811);
#12810 = CARTESIAN_POINT('',(3.265,-1.55,-1.998401444325E-15));
#12811 = VECTOR('',#12812,1.);
#12812 = DIRECTION('',(1.016700785703E-17,0.999013806466,
    4.440061362072E-02));
#12813 = PCURVE('',#12658,#12814);
#12814 = DEFINITIONAL_REPRESENTATION('',(#12815),#12819);
#12815 = LINE('',#12816,#12817);
#12816 = CARTESIAN_POINT('',(-0.402617089051,-4.093411107753E-18));
#12817 = VECTOR('',#12818,1.);
#12818 = DIRECTION('',(1.,0.));
#12819 = ( GEOMETRIC_REPRESENTATION_CONTEXT(2) 
PARAMETRIC_REPRESENTATION_CONTEXT() REPRESENTATION_CONTEXT('2D SPACE',''
  ) );
#12820 = PCURVE('',#12540,#12821);
#12821 = DEFINITIONAL_REPRESENTATION('',(#12822),#12826);
#12822 = LINE('',#12823,#12824);
#12823 = CARTESIAN_POINT('',(-0.321102616307,-0.397842849918));
#12824 = VECTOR('',#12825,1.);
#12825 = DIRECTION('',(0.999013806466,4.440061362072E-02));
#12826 = ( GEOMETRIC_REPRESENTATION_CONTEXT(2) 
PARAMETRIC_REPRESENTATION_CONTEXT() REPRESENTATION_CONTEXT('2D SPACE',''
  ) );
#12827 = ADVANCED_FACE('',(#12828),#12773,.F.);
#12828 = FACE_BOUND('',#12829,.T.);
#12829 = EDGE_LOOP('',(#12830,#12860,#12881,#12882));
#12830 = ORIENTED_EDGE('',*,*,#12831,.T.);
#12831 = EDGE_CURVE('',#12832,#12834,#12836,.T.);
#12832 = VERTEX_POINT('',#12833);
#12833 = CARTESIAN_POINT('',(3.265,-1.6,5.E-02));
#12834 = VERTEX_POINT('',#12835);
#12835 = CARTESIAN_POINT('',(3.115,-1.6,5.E-02));
#12836 = SURFACE_CURVE('',#12837,(#12841,#12848),.PCURVE_S1.);
#12837 = LINE('',#12838,#12839);
#12838 = CARTESIAN_POINT('',(3.265,-1.6,5.E-02));
#12839 = VECTOR('',#12840,1.);
#12840 = DIRECTION('',(-1.,5.243344273594E-32,2.289834988289E-16));
#12841 = PCURVE('',#12773,#12842);
#12842 = DEFINITIONAL_REPRESENTATION('',(#12843),#12847);
#12843 = LINE('',#12844,#12845);
#12844 = CARTESIAN_POINT('',(-7.071067811866E-02,1.144917494145E-17));
#12845 = VECTOR('',#12846,1.);
#12846 = DIRECTION('',(-3.697785493223E-31,1.));
#12847 = ( GEOMETRIC_REPRESENTATION_CONTEXT(2) 
PARAMETRIC_REPRESENTATION_CONTEXT() REPRESENTATION_CONTEXT('2D SPACE',''
  ) );
#12848 = PCURVE('',#12849,#12854);
#12849 = PLANE('',#12850);
#12850 = AXIS2_PLACEMENT_3D('',#12851,#12852,#12853);
#12851 = CARTESIAN_POINT('',(3.265,-1.6,5.E-02));
#12852 = DIRECTION('',(5.243344273594E-32,1.,-1.200639317332E-47));
#12853 = DIRECTION('',(-2.289834988289E-16,2.917038411497E-62,-1.));
#12854 = DEFINITIONAL_REPRESENTATION('',(#12855),#12859);
#12855 = LINE('',#12856,#12857);
#12856 = CARTESIAN_POINT('',(0.,0.));
#12857 = VECTOR('',#12858,1.);
#12858 = DIRECTION('',(0.,1.));
#12859 = ( GEOMETRIC_REPRESENTATION_CONTEXT(2) 
PARAMETRIC_REPRESENTATION_CONTEXT() REPRESENTATION_CONTEXT('2D SPACE',''
  ) );
#12860 = ORIENTED_EDGE('',*,*,#12861,.T.);
#12861 = EDGE_CURVE('',#12834,#12758,#12862,.T.);
#12862 = SURFACE_CURVE('',#12863,(#12867,#12874),.PCURVE_S1.);
#12863 = LINE('',#12864,#12865);
#12864 = CARTESIAN_POINT('',(3.115,-1.6,5.E-02));
#12865 = VECTOR('',#12866,1.);
#12866 = DIRECTION('',(-1.619157848018E-16,0.707106781187,
    -0.707106781187));
#12867 = PCURVE('',#12773,#12868);
#12868 = DEFINITIONAL_REPRESENTATION('',(#12869),#12873);
#12869 = LINE('',#12870,#12871);
#12870 = CARTESIAN_POINT('',(-7.071067811866E-02,0.15));
#12871 = VECTOR('',#12872,1.);
#12872 = DIRECTION('',(1.,-2.465190328816E-32));
#12873 = ( GEOMETRIC_REPRESENTATION_CONTEXT(2) 
PARAMETRIC_REPRESENTATION_CONTEXT() REPRESENTATION_CONTEXT('2D SPACE',''
  ) );
#12874 = PCURVE('',#12594,#12875);
#12875 = DEFINITIONAL_REPRESENTATION('',(#12876),#12880);
#12876 = LINE('',#12877,#12878);
#12877 = CARTESIAN_POINT('',(-0.135804,-0.325201));
#12878 = VECTOR('',#12879,1.);
#12879 = DIRECTION('',(0.707106781187,-0.707106781187));
#12880 = ( GEOMETRIC_REPRESENTATION_CONTEXT(2) 
PARAMETRIC_REPRESENTATION_CONTEXT() REPRESENTATION_CONTEXT('2D SPACE',''
  ) );
#12881 = ORIENTED_EDGE('',*,*,#12755,.F.);
#12882 = ORIENTED_EDGE('',*,*,#12883,.F.);
#12883 = EDGE_CURVE('',#12832,#12756,#12884,.T.);
#12884 = SURFACE_CURVE('',#12885,(#12889,#12896),.PCURVE_S1.);
#12885 = LINE('',#12886,#12887);
#12886 = CARTESIAN_POINT('',(3.265,-1.6,5.E-02));
#12887 = VECTOR('',#12888,1.);
#12888 = DIRECTION('',(-1.619157848018E-16,0.707106781187,
    -0.707106781187));
#12889 = PCURVE('',#12773,#12890);
#12890 = DEFINITIONAL_REPRESENTATION('',(#12891),#12895);
#12891 = LINE('',#12892,#12893);
#12892 = CARTESIAN_POINT('',(-7.071067811866E-02,1.144917494145E-17));
#12893 = VECTOR('',#12894,1.);
#12894 = DIRECTION('',(1.,-2.465190328816E-32));
#12895 = ( GEOMETRIC_REPRESENTATION_CONTEXT(2) 
PARAMETRIC_REPRESENTATION_CONTEXT() REPRESENTATION_CONTEXT('2D SPACE',''
  ) );
#12896 = PCURVE('',#12540,#12897);
#12897 = DEFINITIONAL_REPRESENTATION('',(#12898),#12902);
#12898 = LINE('',#12899,#12900);
#12899 = CARTESIAN_POINT('',(-0.371102616307,-0.347842849918));
#12900 = VECTOR('',#12901,1.);
#12901 = DIRECTION('',(0.707106781187,-0.707106781187));
#12902 = ( GEOMETRIC_REPRESENTATION_CONTEXT(2) 
PARAMETRIC_REPRESENTATION_CONTEXT() REPRESENTATION_CONTEXT('2D SPACE',''
  ) );
#12903 = ADVANCED_FACE('',(#12904),#12849,.F.);
#12904 = FACE_BOUND('',#12905,.T.);
#12905 = EDGE_LOOP('',(#12906,#12936,#12957,#12958));
#12906 = ORIENTED_EDGE('',*,*,#12907,.T.);
#12907 = EDGE_CURVE('',#12908,#12910,#12912,.T.);
#12908 = VERTEX_POINT('',#12909);
#12909 = CARTESIAN_POINT('',(3.265,-1.6,0.12));
#12910 = VERTEX_POINT('',#12911);
#12911 = CARTESIAN_POINT('',(3.115,-1.6,0.12));
#12912 = SURFACE_CURVE('',#12913,(#12917,#12924),.PCURVE_S1.);
#12913 = LINE('',#12914,#12915);
#12914 = CARTESIAN_POINT('',(3.265,-1.6,0.12));
#12915 = VECTOR('',#12916,1.);
#12916 = DIRECTION('',(-1.,5.243344273594E-32,2.289834988289E-16));
#12917 = PCURVE('',#12849,#12918);
#12918 = DEFINITIONAL_REPRESENTATION('',(#12919),#12923);
#12919 = LINE('',#12920,#12921);
#12920 = CARTESIAN_POINT('',(-7.E-02,1.602884491803E-17));
#12921 = VECTOR('',#12922,1.);
#12922 = DIRECTION('',(0.,1.));
#12923 = ( GEOMETRIC_REPRESENTATION_CONTEXT(2) 
PARAMETRIC_REPRESENTATION_CONTEXT() REPRESENTATION_CONTEXT('2D SPACE',''
  ) );
#12924 = PCURVE('',#12925,#12930);
#12925 = CYLINDRICAL_SURFACE('',#12926,5.E-02);
#12926 = AXIS2_PLACEMENT_3D('',#12927,#12928,#12929);
#12927 = CARTESIAN_POINT('',(3.265,-1.65,0.12));
#12928 = DIRECTION('',(-1.,5.243344273594E-32,2.289834988289E-16));
#12929 = DIRECTION('',(-5.243344273594E-32,-1.,0.));
#12930 = DEFINITIONAL_REPRESENTATION('',(#12931),#12935);
#12931 = LINE('',#12932,#12933);
#12932 = CARTESIAN_POINT('',(3.14159265359,0.));
#12933 = VECTOR('',#12934,1.);
#12934 = DIRECTION('',(0.,1.));
#12935 = ( GEOMETRIC_REPRESENTATION_CONTEXT(2) 
PARAMETRIC_REPRESENTATION_CONTEXT() REPRESENTATION_CONTEXT('2D SPACE',''
  ) );
#12936 = ORIENTED_EDGE('',*,*,#12937,.F.);
#12937 = EDGE_CURVE('',#12834,#12910,#12938,.T.);
#12938 = SURFACE_CURVE('',#12939,(#12943,#12950),.PCURVE_S1.);
#12939 = LINE('',#12940,#12941);
#12940 = CARTESIAN_POINT('',(3.115,-1.6,5.E-02));
#12941 = VECTOR('',#12942,1.);
#12942 = DIRECTION('',(2.289834988289E-16,0.,1.));
#12943 = PCURVE('',#12849,#12944);
#12944 = DEFINITIONAL_REPRESENTATION('',(#12945),#12949);
#12945 = LINE('',#12946,#12947);
#12946 = CARTESIAN_POINT('',(-6.973588373427E-17,0.15));
#12947 = VECTOR('',#12948,1.);
#12948 = DIRECTION('',(-1.,0.));
#12949 = ( GEOMETRIC_REPRESENTATION_CONTEXT(2) 
PARAMETRIC_REPRESENTATION_CONTEXT() REPRESENTATION_CONTEXT('2D SPACE',''
  ) );
#12950 = PCURVE('',#12594,#12951);
#12951 = DEFINITIONAL_REPRESENTATION('',(#12952),#12956);
#12952 = LINE('',#12953,#12954);
#12953 = CARTESIAN_POINT('',(-0.135804,-0.325201));
#12954 = VECTOR('',#12955,1.);
#12955 = DIRECTION('',(1.200639317332E-47,1.));
#12956 = ( GEOMETRIC_REPRESENTATION_CONTEXT(2) 
PARAMETRIC_REPRESENTATION_CONTEXT() REPRESENTATION_CONTEXT('2D SPACE',''
  ) );
#12957 = ORIENTED_EDGE('',*,*,#12831,.F.);
#12958 = ORIENTED_EDGE('',*,*,#12959,.T.);
#12959 = EDGE_CURVE('',#12832,#12908,#12960,.T.);
#12960 = SURFACE_CURVE('',#12961,(#12965,#12972),.PCURVE_S1.);
#12961 = LINE('',#12962,#12963);
#12962 = CARTESIAN_POINT('',(3.265,-1.6,5.E-02));
#12963 = VECTOR('',#12964,1.);
#12964 = DIRECTION('',(2.289834988289E-16,0.,1.));
#12965 = PCURVE('',#12849,#12966);
#12966 = DEFINITIONAL_REPRESENTATION('',(#12967),#12971);
#12967 = LINE('',#12968,#12969);
#12968 = CARTESIAN_POINT('',(0.,0.));
#12969 = VECTOR('',#12970,1.);
#12970 = DIRECTION('',(-1.,0.));
#12971 = ( GEOMETRIC_REPRESENTATION_CONTEXT(2) 
PARAMETRIC_REPRESENTATION_CONTEXT() REPRESENTATION_CONTEXT('2D SPACE',''
  ) );
#12972 = PCURVE('',#12540,#12973);
#12973 = DEFINITIONAL_REPRESENTATION('',(#12974),#12978);
#12974 = LINE('',#12975,#12976);
#12975 = CARTESIAN_POINT('',(-0.371102616307,-0.347842849918));
#12976 = VECTOR('',#12977,1.);
#12977 = DIRECTION('',(-2.289834988289E-16,1.));
#12978 = ( GEOMETRIC_REPRESENTATION_CONTEXT(2) 
PARAMETRIC_REPRESENTATION_CONTEXT() REPRESENTATION_CONTEXT('2D SPACE',''
  ) );
#12979 = ADVANCED_FACE('',(#12980),#12925,.F.);
#12980 = FACE_BOUND('',#12981,.F.);
#12981 = EDGE_LOOP('',(#12982,#13010,#13011,#13039));
#12982 = ORIENTED_EDGE('',*,*,#12983,.T.);
#12983 = EDGE_CURVE('',#12984,#12908,#12986,.T.);
#12984 = VERTEX_POINT('',#12985);
#12985 = CARTESIAN_POINT('',(3.265,-1.65,0.17));
#12986 = SURFACE_CURVE('',#12987,(#12992,#12999),.PCURVE_S1.);
#12987 = CIRCLE('',#12988,5.E-02);
#12988 = AXIS2_PLACEMENT_3D('',#12989,#12990,#12991);
#12989 = CARTESIAN_POINT('',(3.265,-1.65,0.12));
#12990 = DIRECTION('',(-1.,5.243344273594E-32,2.289834988289E-16));
#12991 = DIRECTION('',(-5.243344273594E-32,-1.,0.));
#12992 = PCURVE('',#12925,#12993);
#12993 = DEFINITIONAL_REPRESENTATION('',(#12994),#12998);
#12994 = LINE('',#12995,#12996);
#12995 = CARTESIAN_POINT('',(0.,0.));
#12996 = VECTOR('',#12997,1.);
#12997 = DIRECTION('',(1.,0.));
#12998 = ( GEOMETRIC_REPRESENTATION_CONTEXT(2) 
PARAMETRIC_REPRESENTATION_CONTEXT() REPRESENTATION_CONTEXT('2D SPACE',''
  ) );
#12999 = PCURVE('',#12540,#13000);
#13000 = DEFINITIONAL_REPRESENTATION('',(#13001),#13009);
#13001 = ( BOUNDED_CURVE() B_SPLINE_CURVE(2,(#13002,#13003,#13004,#13005
    ,#13006,#13007,#13008),.UNSPECIFIED.,.T.,.F.) 
B_SPLINE_CURVE_WITH_KNOTS((1,2,2,2,2,1),(-2.094395102393,0.,
    2.094395102393,4.188790204786,6.28318530718,8.377580409573),
.UNSPECIFIED.) CURVE() GEOMETRIC_REPRESENTATION_ITEM() 
RATIONAL_B_SPLINE_CURVE((1.,0.5,1.,0.5,1.,0.5,1.)) REPRESENTATION_ITEM(
  '') );
#13002 = CARTESIAN_POINT('',(-0.471102616307,-0.277842849918));
#13003 = CARTESIAN_POINT('',(-0.471102616307,-0.19124030954));
#13004 = CARTESIAN_POINT('',(-0.396102616307,-0.234541579729));
#13005 = CARTESIAN_POINT('',(-0.321102616307,-0.277842849918));
#13006 = CARTESIAN_POINT('',(-0.396102616307,-0.321144120108));
#13007 = CARTESIAN_POINT('',(-0.471102616307,-0.364445390297));
#13008 = CARTESIAN_POINT('',(-0.471102616307,-0.277842849918));
#13009 = ( GEOMETRIC_REPRESENTATION_CONTEXT(2) 
PARAMETRIC_REPRESENTATION_CONTEXT() REPRESENTATION_CONTEXT('2D SPACE',''
  ) );
#13010 = ORIENTED_EDGE('',*,*,#12907,.T.);
#13011 = ORIENTED_EDGE('',*,*,#13012,.F.);
#13012 = EDGE_CURVE('',#13013,#12910,#13015,.T.);
#13013 = VERTEX_POINT('',#13014);
#13014 = CARTESIAN_POINT('',(3.115,-1.65,0.17));
#13015 = SURFACE_CURVE('',#13016,(#13021,#13028),.PCURVE_S1.);
#13016 = CIRCLE('',#13017,5.E-02);
#13017 = AXIS2_PLACEMENT_3D('',#13018,#13019,#13020);
#13018 = CARTESIAN_POINT('',(3.115,-1.65,0.12));
#13019 = DIRECTION('',(-1.,5.243344273594E-32,2.289834988289E-16));
#13020 = DIRECTION('',(-5.243344273594E-32,-1.,0.));
#13021 = PCURVE('',#12925,#13022);
#13022 = DEFINITIONAL_REPRESENTATION('',(#13023),#13027);
#13023 = LINE('',#13024,#13025);
#13024 = CARTESIAN_POINT('',(0.,0.15));
#13025 = VECTOR('',#13026,1.);
#13026 = DIRECTION('',(1.,0.));
#13027 = ( GEOMETRIC_REPRESENTATION_CONTEXT(2) 
PARAMETRIC_REPRESENTATION_CONTEXT() REPRESENTATION_CONTEXT('2D SPACE',''
  ) );
#13028 = PCURVE('',#12594,#13029);
#13029 = DEFINITIONAL_REPRESENTATION('',(#13030),#13038);
#13030 = ( BOUNDED_CURVE() B_SPLINE_CURVE(2,(#13031,#13032,#13033,#13034
    ,#13035,#13036,#13037),.UNSPECIFIED.,.T.,.F.) 
B_SPLINE_CURVE_WITH_KNOTS((1,2,2,2,2,1),(-2.094395102393,0.,
    2.094395102393,4.188790204786,6.28318530718,8.377580409573),
.UNSPECIFIED.) CURVE() GEOMETRIC_REPRESENTATION_ITEM() 
RATIONAL_B_SPLINE_CURVE((1.,0.5,1.,0.5,1.,0.5,1.)) REPRESENTATION_ITEM(
  '') );
#13031 = CARTESIAN_POINT('',(-0.235804,-0.255201));
#13032 = CARTESIAN_POINT('',(-0.235804,-0.168598459622));
#13033 = CARTESIAN_POINT('',(-0.160804,-0.211899729811));
#13034 = CARTESIAN_POINT('',(-8.5804E-02,-0.255201));
#13035 = CARTESIAN_POINT('',(-0.160804,-0.298502270189));
#13036 = CARTESIAN_POINT('',(-0.235804,-0.341803540378));
#13037 = CARTESIAN_POINT('',(-0.235804,-0.255201));
#13038 = ( GEOMETRIC_REPRESENTATION_CONTEXT(2) 
PARAMETRIC_REPRESENTATION_CONTEXT() REPRESENTATION_CONTEXT('2D SPACE',''
  ) );
#13039 = ORIENTED_EDGE('',*,*,#13040,.F.);
#13040 = EDGE_CURVE('',#12984,#13013,#13041,.T.);
#13041 = SURFACE_CURVE('',#13042,(#13046,#13053),.PCURVE_S1.);
#13042 = LINE('',#13043,#13044);
#13043 = CARTESIAN_POINT('',(3.265,-1.65,0.17));
#13044 = VECTOR('',#13045,1.);
#13045 = DIRECTION('',(-1.,5.243344273594E-32,2.289834988289E-16));
#13046 = PCURVE('',#12925,#13047);
#13047 = DEFINITIONAL_REPRESENTATION('',(#13048),#13052);
#13048 = LINE('',#13049,#13050);
#13049 = CARTESIAN_POINT('',(1.570796326795,0.));
#13050 = VECTOR('',#13051,1.);
#13051 = DIRECTION('',(0.,1.));
#13052 = ( GEOMETRIC_REPRESENTATION_CONTEXT(2) 
PARAMETRIC_REPRESENTATION_CONTEXT() REPRESENTATION_CONTEXT('2D SPACE',''
  ) );
#13053 = PCURVE('',#13054,#13059);
#13054 = PLANE('',#13055);
#13055 = AXIS2_PLACEMENT_3D('',#13056,#13057,#13058);
#13056 = CARTESIAN_POINT('',(3.265,-1.65,0.17));
#13057 = DIRECTION('',(2.289834988289E-16,-1.200639317332E-47,1.));
#13058 = DIRECTION('',(5.243344273594E-32,1.,-2.917038411497E-62));
#13059 = DEFINITIONAL_REPRESENTATION('',(#13060),#13064);
#13060 = LINE('',#13061,#13062);
#13061 = CARTESIAN_POINT('',(0.,0.));
#13062 = VECTOR('',#13063,1.);
#13063 = DIRECTION('',(-6.679536616831E-78,1.));
#13064 = ( GEOMETRIC_REPRESENTATION_CONTEXT(2) 
PARAMETRIC_REPRESENTATION_CONTEXT() REPRESENTATION_CONTEXT('2D SPACE',''
  ) );
#13065 = ADVANCED_FACE('',(#13066),#13054,.F.);
#13066 = FACE_BOUND('',#13067,.T.);
#13067 = EDGE_LOOP('',(#13068,#13098,#13119,#13120));
#13068 = ORIENTED_EDGE('',*,*,#13069,.T.);
#13069 = EDGE_CURVE('',#13070,#13072,#13074,.T.);
#13070 = VERTEX_POINT('',#13071);
#13071 = CARTESIAN_POINT('',(3.265,-1.825,0.17));
#13072 = VERTEX_POINT('',#13073);
#13073 = CARTESIAN_POINT('',(3.115,-1.825,0.17));
#13074 = SURFACE_CURVE('',#13075,(#13079,#13086),.PCURVE_S1.);
#13075 = LINE('',#13076,#13077);
#13076 = CARTESIAN_POINT('',(3.265,-1.825,0.17));
#13077 = VECTOR('',#13078,1.);
#13078 = DIRECTION('',(-1.,5.243344273594E-32,2.289834988289E-16));
#13079 = PCURVE('',#13054,#13080);
#13080 = DEFINITIONAL_REPRESENTATION('',(#13081),#13085);
#13081 = LINE('',#13082,#13083);
#13082 = CARTESIAN_POINT('',(-0.175,-9.175852478789E-33));
#13083 = VECTOR('',#13084,1.);
#13084 = DIRECTION('',(-6.679536616831E-78,1.));
#13085 = ( GEOMETRIC_REPRESENTATION_CONTEXT(2) 
PARAMETRIC_REPRESENTATION_CONTEXT() REPRESENTATION_CONTEXT('2D SPACE',''
  ) );
#13086 = PCURVE('',#13087,#13092);
#13087 = PLANE('',#13088);
#13088 = AXIS2_PLACEMENT_3D('',#13089,#13090,#13091);
#13089 = CARTESIAN_POINT('',(3.265,-1.825,0.17));
#13090 = DIRECTION('',(5.243344273594E-32,1.,-1.200639317332E-47));
#13091 = DIRECTION('',(-2.289834988289E-16,2.917038411497E-62,-1.));
#13092 = DEFINITIONAL_REPRESENTATION('',(#13093),#13097);
#13093 = LINE('',#13094,#13095);
#13094 = CARTESIAN_POINT('',(0.,0.));
#13095 = VECTOR('',#13096,1.);
#13096 = DIRECTION('',(0.,1.));
#13097 = ( GEOMETRIC_REPRESENTATION_CONTEXT(2) 
PARAMETRIC_REPRESENTATION_CONTEXT() REPRESENTATION_CONTEXT('2D SPACE',''
  ) );
#13098 = ORIENTED_EDGE('',*,*,#13099,.F.);
#13099 = EDGE_CURVE('',#13013,#13072,#13100,.T.);
#13100 = SURFACE_CURVE('',#13101,(#13105,#13112),.PCURVE_S1.);
#13101 = LINE('',#13102,#13103);
#13102 = CARTESIAN_POINT('',(3.115,-1.65,0.17));
#13103 = VECTOR('',#13104,1.);
#13104 = DIRECTION('',(-5.243344273594E-32,-1.,0.));
#13105 = PCURVE('',#13054,#13106);
#13106 = DEFINITIONAL_REPRESENTATION('',(#13107),#13111);
#13107 = LINE('',#13108,#13109);
#13108 = CARTESIAN_POINT('',(-7.865016410391E-33,0.15));
#13109 = VECTOR('',#13110,1.);
#13110 = DIRECTION('',(-1.,6.679536616831E-78));
#13111 = ( GEOMETRIC_REPRESENTATION_CONTEXT(2) 
PARAMETRIC_REPRESENTATION_CONTEXT() REPRESENTATION_CONTEXT('2D SPACE',''
  ) );
#13112 = PCURVE('',#12594,#13113);
#13113 = DEFINITIONAL_REPRESENTATION('',(#13114),#13118);
#13114 = LINE('',#13115,#13116);
#13115 = CARTESIAN_POINT('',(-0.185804,-0.205201));
#13116 = VECTOR('',#13117,1.);
#13117 = DIRECTION('',(-1.,0.));
#13118 = ( GEOMETRIC_REPRESENTATION_CONTEXT(2) 
PARAMETRIC_REPRESENTATION_CONTEXT() REPRESENTATION_CONTEXT('2D SPACE',''
  ) );
#13119 = ORIENTED_EDGE('',*,*,#13040,.F.);
#13120 = ORIENTED_EDGE('',*,*,#13121,.T.);
#13121 = EDGE_CURVE('',#12984,#13070,#13122,.T.);
#13122 = SURFACE_CURVE('',#13123,(#13127,#13134),.PCURVE_S1.);
#13123 = LINE('',#13124,#13125);
#13124 = CARTESIAN_POINT('',(3.265,-1.65,0.17));
#13125 = VECTOR('',#13126,1.);
#13126 = DIRECTION('',(-5.243344273594E-32,-1.,0.));
#13127 = PCURVE('',#13054,#13128);
#13128 = DEFINITIONAL_REPRESENTATION('',(#13129),#13133);
#13129 = LINE('',#13130,#13131);
#13130 = CARTESIAN_POINT('',(0.,0.));
#13131 = VECTOR('',#13132,1.);
#13132 = DIRECTION('',(-1.,6.679536616831E-78));
#13133 = ( GEOMETRIC_REPRESENTATION_CONTEXT(2) 
PARAMETRIC_REPRESENTATION_CONTEXT() REPRESENTATION_CONTEXT('2D SPACE',''
  ) );
#13134 = PCURVE('',#12540,#13135);
#13135 = DEFINITIONAL_REPRESENTATION('',(#13136),#13140);
#13136 = LINE('',#13137,#13138);
#13137 = CARTESIAN_POINT('',(-0.421102616307,-0.227842849918));
#13138 = VECTOR('',#13139,1.);
#13139 = DIRECTION('',(-1.,-2.289834988289E-16));
#13140 = ( GEOMETRIC_REPRESENTATION_CONTEXT(2) 
PARAMETRIC_REPRESENTATION_CONTEXT() REPRESENTATION_CONTEXT('2D SPACE',''
  ) );
#13141 = ADVANCED_FACE('',(#13142),#13087,.F.);
#13142 = FACE_BOUND('',#13143,.T.);
#13143 = EDGE_LOOP('',(#13144,#13174,#13195,#13196));
#13144 = ORIENTED_EDGE('',*,*,#13145,.T.);
#13145 = EDGE_CURVE('',#13146,#13148,#13150,.T.);
#13146 = VERTEX_POINT('',#13147);
#13147 = CARTESIAN_POINT('',(3.265,-1.825,0.37));
#13148 = VERTEX_POINT('',#13149);
#13149 = CARTESIAN_POINT('',(3.115,-1.825,0.37));
#13150 = SURFACE_CURVE('',#13151,(#13155,#13162),.PCURVE_S1.);
#13151 = LINE('',#13152,#13153);
#13152 = CARTESIAN_POINT('',(3.265,-1.825,0.37));
#13153 = VECTOR('',#13154,1.);
#13154 = DIRECTION('',(-1.,5.243344273594E-32,2.289834988289E-16));
#13155 = PCURVE('',#13087,#13156);
#13156 = DEFINITIONAL_REPRESENTATION('',(#13157),#13161);
#13157 = LINE('',#13158,#13159);
#13158 = CARTESIAN_POINT('',(-0.2,4.579669976579E-17));
#13159 = VECTOR('',#13160,1.);
#13160 = DIRECTION('',(0.,1.));
#13161 = ( GEOMETRIC_REPRESENTATION_CONTEXT(2) 
PARAMETRIC_REPRESENTATION_CONTEXT() REPRESENTATION_CONTEXT('2D SPACE',''
  ) );
#13162 = PCURVE('',#13163,#13168);
#13163 = PLANE('',#13164);
#13164 = AXIS2_PLACEMENT_3D('',#13165,#13166,#13167);
#13165 = CARTESIAN_POINT('',(3.265,-1.825,0.37));
#13166 = DIRECTION('',(-2.289834988289E-16,1.200639317332E-47,-1.));
#13167 = DIRECTION('',(-5.243344273594E-32,-1.,2.917038411497E-62));
#13168 = DEFINITIONAL_REPRESENTATION('',(#13169),#13173);
#13169 = LINE('',#13170,#13171);
#13170 = CARTESIAN_POINT('',(0.,0.));
#13171 = VECTOR('',#13172,1.);
#13172 = DIRECTION('',(6.679536616831E-78,1.));
#13173 = ( GEOMETRIC_REPRESENTATION_CONTEXT(2) 
PARAMETRIC_REPRESENTATION_CONTEXT() REPRESENTATION_CONTEXT('2D SPACE',''
  ) );
#13174 = ORIENTED_EDGE('',*,*,#13175,.T.);
#13175 = EDGE_CURVE('',#13148,#13072,#13176,.T.);
#13176 = SURFACE_CURVE('',#13177,(#13181,#13188),.PCURVE_S1.);
#13177 = LINE('',#13178,#13179);
#13178 = CARTESIAN_POINT('',(3.115,-1.825,0.37));
#13179 = VECTOR('',#13180,1.);
#13180 = DIRECTION('',(-2.289834988289E-16,0.,-1.));
#13181 = PCURVE('',#13087,#13182);
#13182 = DEFINITIONAL_REPRESENTATION('',(#13183),#13187);
#13183 = LINE('',#13184,#13185);
#13184 = CARTESIAN_POINT('',(-0.2,0.15));
#13185 = VECTOR('',#13186,1.);
#13186 = DIRECTION('',(1.,0.));
#13187 = ( GEOMETRIC_REPRESENTATION_CONTEXT(2) 
PARAMETRIC_REPRESENTATION_CONTEXT() REPRESENTATION_CONTEXT('2D SPACE',''
  ) );
#13188 = PCURVE('',#12594,#13189);
#13189 = DEFINITIONAL_REPRESENTATION('',(#13190),#13194);
#13190 = LINE('',#13191,#13192);
#13191 = CARTESIAN_POINT('',(-0.360804,-5.201E-03));
#13192 = VECTOR('',#13193,1.);
#13193 = DIRECTION('',(-1.200639317332E-47,-1.));
#13194 = ( GEOMETRIC_REPRESENTATION_CONTEXT(2) 
PARAMETRIC_REPRESENTATION_CONTEXT() REPRESENTATION_CONTEXT('2D SPACE',''
  ) );
#13195 = ORIENTED_EDGE('',*,*,#13069,.F.);
#13196 = ORIENTED_EDGE('',*,*,#13197,.F.);
#13197 = EDGE_CURVE('',#13146,#13070,#13198,.T.);
#13198 = SURFACE_CURVE('',#13199,(#13203,#13210),.PCURVE_S1.);
#13199 = LINE('',#13200,#13201);
#13200 = CARTESIAN_POINT('',(3.265,-1.825,0.37));
#13201 = VECTOR('',#13202,1.);
#13202 = DIRECTION('',(-2.289834988289E-16,0.,-1.));
#13203 = PCURVE('',#13087,#13204);
#13204 = DEFINITIONAL_REPRESENTATION('',(#13205),#13209);
#13205 = LINE('',#13206,#13207);
#13206 = CARTESIAN_POINT('',(-0.2,4.579669976579E-17));
#13207 = VECTOR('',#13208,1.);
#13208 = DIRECTION('',(1.,0.));
#13209 = ( GEOMETRIC_REPRESENTATION_CONTEXT(2) 
PARAMETRIC_REPRESENTATION_CONTEXT() REPRESENTATION_CONTEXT('2D SPACE',''
  ) );
#13210 = PCURVE('',#12540,#13211);
#13211 = DEFINITIONAL_REPRESENTATION('',(#13212),#13216);
#13212 = LINE('',#13213,#13214);
#13213 = CARTESIAN_POINT('',(-0.596102616307,-2.784284991834E-02));
#13214 = VECTOR('',#13215,1.);
#13215 = DIRECTION('',(2.289834988289E-16,-1.));
#13216 = ( GEOMETRIC_REPRESENTATION_CONTEXT(2) 
PARAMETRIC_REPRESENTATION_CONTEXT() REPRESENTATION_CONTEXT('2D SPACE',''
  ) );
#13217 = ADVANCED_FACE('',(#13218),#13163,.F.);
#13218 = FACE_BOUND('',#13219,.T.);
#13219 = EDGE_LOOP('',(#13220,#13250,#13271,#13272));
#13220 = ORIENTED_EDGE('',*,*,#13221,.T.);
#13221 = EDGE_CURVE('',#13222,#13224,#13226,.T.);
#13222 = VERTEX_POINT('',#13223);
#13223 = CARTESIAN_POINT('',(3.265,-1.8,0.37));
#13224 = VERTEX_POINT('',#13225);
#13225 = CARTESIAN_POINT('',(3.115,-1.8,0.37));
#13226 = SURFACE_CURVE('',#13227,(#13231,#13238),.PCURVE_S1.);
#13227 = LINE('',#13228,#13229);
#13228 = CARTESIAN_POINT('',(3.265,-1.8,0.37));
#13229 = VECTOR('',#13230,1.);
#13230 = DIRECTION('',(-1.,5.243344273594E-32,2.289834988289E-16));
#13231 = PCURVE('',#13163,#13232);
#13232 = DEFINITIONAL_REPRESENTATION('',(#13233),#13237);
#13233 = LINE('',#13234,#13235);
#13234 = CARTESIAN_POINT('',(-2.5E-02,1.310836068399E-33));
#13235 = VECTOR('',#13236,1.);
#13236 = DIRECTION('',(6.679536616831E-78,1.));
#13237 = ( GEOMETRIC_REPRESENTATION_CONTEXT(2) 
PARAMETRIC_REPRESENTATION_CONTEXT() REPRESENTATION_CONTEXT('2D SPACE',''
  ) );
#13238 = PCURVE('',#13239,#13244);
#13239 = CYLINDRICAL_SURFACE('',#13240,5.E-02);
#13240 = AXIS2_PLACEMENT_3D('',#13241,#13242,#13243);
#13241 = CARTESIAN_POINT('',(3.265,-1.8,0.42));
#13242 = DIRECTION('',(-1.,5.243344273594E-32,2.289834988289E-16));
#13243 = DIRECTION('',(-5.243344273594E-32,-1.,0.));
#13244 = DEFINITIONAL_REPRESENTATION('',(#13245),#13249);
#13245 = LINE('',#13246,#13247);
#13246 = CARTESIAN_POINT('',(4.712388980385,0.));
#13247 = VECTOR('',#13248,1.);
#13248 = DIRECTION('',(0.,1.));
#13249 = ( GEOMETRIC_REPRESENTATION_CONTEXT(2) 
PARAMETRIC_REPRESENTATION_CONTEXT() REPRESENTATION_CONTEXT('2D SPACE',''
  ) );
#13250 = ORIENTED_EDGE('',*,*,#13251,.T.);
#13251 = EDGE_CURVE('',#13224,#13148,#13252,.T.);
#13252 = SURFACE_CURVE('',#13253,(#13257,#13264),.PCURVE_S1.);
#13253 = LINE('',#13254,#13255);
#13254 = CARTESIAN_POINT('',(3.115,-1.8,0.37));
#13255 = VECTOR('',#13256,1.);
#13256 = DIRECTION('',(-5.243344273594E-32,-1.,0.));
#13257 = PCURVE('',#13163,#13258);
#13258 = DEFINITIONAL_REPRESENTATION('',(#13259),#13263);
#13259 = LINE('',#13260,#13261);
#13260 = CARTESIAN_POINT('',(-2.5E-02,0.15));
#13261 = VECTOR('',#13262,1.);
#13262 = DIRECTION('',(1.,6.679536616831E-78));
#13263 = ( GEOMETRIC_REPRESENTATION_CONTEXT(2) 
PARAMETRIC_REPRESENTATION_CONTEXT() REPRESENTATION_CONTEXT('2D SPACE',''
  ) );
#13264 = PCURVE('',#12594,#13265);
#13265 = DEFINITIONAL_REPRESENTATION('',(#13266),#13270);
#13266 = LINE('',#13267,#13268);
#13267 = CARTESIAN_POINT('',(-0.335804,-5.201E-03));
#13268 = VECTOR('',#13269,1.);
#13269 = DIRECTION('',(-1.,0.));
#13270 = ( GEOMETRIC_REPRESENTATION_CONTEXT(2) 
PARAMETRIC_REPRESENTATION_CONTEXT() REPRESENTATION_CONTEXT('2D SPACE',''
  ) );
#13271 = ORIENTED_EDGE('',*,*,#13145,.F.);
#13272 = ORIENTED_EDGE('',*,*,#13273,.F.);
#13273 = EDGE_CURVE('',#13222,#13146,#13274,.T.);
#13274 = SURFACE_CURVE('',#13275,(#13279,#13286),.PCURVE_S1.);
#13275 = LINE('',#13276,#13277);
#13276 = CARTESIAN_POINT('',(3.265,-1.8,0.37));
#13277 = VECTOR('',#13278,1.);
#13278 = DIRECTION('',(-5.243344273594E-32,-1.,0.));
#13279 = PCURVE('',#13163,#13280);
#13280 = DEFINITIONAL_REPRESENTATION('',(#13281),#13285);
#13281 = LINE('',#13282,#13283);
#13282 = CARTESIAN_POINT('',(-2.5E-02,1.310836068399E-33));
#13283 = VECTOR('',#13284,1.);
#13284 = DIRECTION('',(1.,6.679536616831E-78));
#13285 = ( GEOMETRIC_REPRESENTATION_CONTEXT(2) 
PARAMETRIC_REPRESENTATION_CONTEXT() REPRESENTATION_CONTEXT('2D SPACE',''
  ) );
#13286 = PCURVE('',#12540,#13287);
#13287 = DEFINITIONAL_REPRESENTATION('',(#13288),#13292);
#13288 = LINE('',#13289,#13290);
#13289 = CARTESIAN_POINT('',(-0.571102616307,-2.784284991834E-02));
#13290 = VECTOR('',#13291,1.);
#13291 = DIRECTION('',(-1.,-2.289834988289E-16));
#13292 = ( GEOMETRIC_REPRESENTATION_CONTEXT(2) 
PARAMETRIC_REPRESENTATION_CONTEXT() REPRESENTATION_CONTEXT('2D SPACE',''
  ) );
#13293 = ADVANCED_FACE('',(#13294),#13239,.F.);
#13294 = FACE_BOUND('',#13295,.F.);
#13295 = EDGE_LOOP('',(#13296,#13324,#13325,#13353));
#13296 = ORIENTED_EDGE('',*,*,#13297,.T.);
#13297 = EDGE_CURVE('',#13298,#13222,#13300,.T.);
#13298 = VERTEX_POINT('',#13299);
#13299 = CARTESIAN_POINT('',(3.265,-1.75,0.42));
#13300 = SURFACE_CURVE('',#13301,(#13306,#13313),.PCURVE_S1.);
#13301 = CIRCLE('',#13302,5.E-02);
#13302 = AXIS2_PLACEMENT_3D('',#13303,#13304,#13305);
#13303 = CARTESIAN_POINT('',(3.265,-1.8,0.42));
#13304 = DIRECTION('',(-1.,5.243344273594E-32,2.289834988289E-16));
#13305 = DIRECTION('',(-5.243344273594E-32,-1.,0.));
#13306 = PCURVE('',#13239,#13307);
#13307 = DEFINITIONAL_REPRESENTATION('',(#13308),#13312);
#13308 = LINE('',#13309,#13310);
#13309 = CARTESIAN_POINT('',(0.,0.));
#13310 = VECTOR('',#13311,1.);
#13311 = DIRECTION('',(1.,0.));
#13312 = ( GEOMETRIC_REPRESENTATION_CONTEXT(2) 
PARAMETRIC_REPRESENTATION_CONTEXT() REPRESENTATION_CONTEXT('2D SPACE',''
  ) );
#13313 = PCURVE('',#12540,#13314);
#13314 = DEFINITIONAL_REPRESENTATION('',(#13315),#13323);
#13315 = ( BOUNDED_CURVE() B_SPLINE_CURVE(2,(#13316,#13317,#13318,#13319
    ,#13320,#13321,#13322),.UNSPECIFIED.,.T.,.F.) 
B_SPLINE_CURVE_WITH_KNOTS((1,2,2,2,2,1),(-2.094395102393,0.,
    2.094395102393,4.188790204786,6.28318530718,8.377580409573),
.UNSPECIFIED.) CURVE() GEOMETRIC_REPRESENTATION_ITEM() 
RATIONAL_B_SPLINE_CURVE((1.,0.5,1.,0.5,1.,0.5,1.)) REPRESENTATION_ITEM(
  '') );
#13316 = CARTESIAN_POINT('',(-0.621102616307,2.215715008166E-02));
#13317 = CARTESIAN_POINT('',(-0.621102616307,0.10875969046));
#13318 = CARTESIAN_POINT('',(-0.546102616307,6.545842027088E-02));
#13319 = CARTESIAN_POINT('',(-0.471102616307,2.215715008166E-02));
#13320 = CARTESIAN_POINT('',(-0.546102616307,-2.114412010755E-02));
#13321 = CARTESIAN_POINT('',(-0.621102616307,-6.444539029677E-02));
#13322 = CARTESIAN_POINT('',(-0.621102616307,2.215715008166E-02));
#13323 = ( GEOMETRIC_REPRESENTATION_CONTEXT(2) 
PARAMETRIC_REPRESENTATION_CONTEXT() REPRESENTATION_CONTEXT('2D SPACE',''
  ) );
#13324 = ORIENTED_EDGE('',*,*,#13221,.T.);
#13325 = ORIENTED_EDGE('',*,*,#13326,.F.);
#13326 = EDGE_CURVE('',#13327,#13224,#13329,.T.);
#13327 = VERTEX_POINT('',#13328);
#13328 = CARTESIAN_POINT('',(3.115,-1.75,0.42));
#13329 = SURFACE_CURVE('',#13330,(#13335,#13342),.PCURVE_S1.);
#13330 = CIRCLE('',#13331,5.E-02);
#13331 = AXIS2_PLACEMENT_3D('',#13332,#13333,#13334);
#13332 = CARTESIAN_POINT('',(3.115,-1.8,0.42));
#13333 = DIRECTION('',(-1.,5.243344273594E-32,2.289834988289E-16));
#13334 = DIRECTION('',(-5.243344273594E-32,-1.,0.));
#13335 = PCURVE('',#13239,#13336);
#13336 = DEFINITIONAL_REPRESENTATION('',(#13337),#13341);
#13337 = LINE('',#13338,#13339);
#13338 = CARTESIAN_POINT('',(0.,0.15));
#13339 = VECTOR('',#13340,1.);
#13340 = DIRECTION('',(1.,0.));
#13341 = ( GEOMETRIC_REPRESENTATION_CONTEXT(2) 
PARAMETRIC_REPRESENTATION_CONTEXT() REPRESENTATION_CONTEXT('2D SPACE',''
  ) );
#13342 = PCURVE('',#12594,#13343);
#13343 = DEFINITIONAL_REPRESENTATION('',(#13344),#13352);
#13344 = ( BOUNDED_CURVE() B_SPLINE_CURVE(2,(#13345,#13346,#13347,#13348
    ,#13349,#13350,#13351),.UNSPECIFIED.,.T.,.F.) 
B_SPLINE_CURVE_WITH_KNOTS((1,2,2,2,2,1),(-2.094395102393,0.,
    2.094395102393,4.188790204786,6.28318530718,8.377580409573),
.UNSPECIFIED.) CURVE() GEOMETRIC_REPRESENTATION_ITEM() 
RATIONAL_B_SPLINE_CURVE((1.,0.5,1.,0.5,1.,0.5,1.)) REPRESENTATION_ITEM(
  '') );
#13345 = CARTESIAN_POINT('',(-0.385804,4.4799E-02));
#13346 = CARTESIAN_POINT('',(-0.385804,0.131401540378));
#13347 = CARTESIAN_POINT('',(-0.310804,8.810027018922E-02));
#13348 = CARTESIAN_POINT('',(-0.235804,4.4799E-02));
#13349 = CARTESIAN_POINT('',(-0.310804,1.497729810781E-03));
#13350 = CARTESIAN_POINT('',(-0.385804,-4.180354037844E-02));
#13351 = CARTESIAN_POINT('',(-0.385804,4.4799E-02));
#13352 = ( GEOMETRIC_REPRESENTATION_CONTEXT(2) 
PARAMETRIC_REPRESENTATION_CONTEXT() REPRESENTATION_CONTEXT('2D SPACE',''
  ) );
#13353 = ORIENTED_EDGE('',*,*,#13354,.F.);
#13354 = EDGE_CURVE('',#13298,#13327,#13355,.T.);
#13355 = SURFACE_CURVE('',#13356,(#13360,#13367),.PCURVE_S1.);
#13356 = LINE('',#13357,#13358);
#13357 = CARTESIAN_POINT('',(3.265,-1.75,0.42));
#13358 = VECTOR('',#13359,1.);
#13359 = DIRECTION('',(-1.,5.243344273594E-32,2.289834988289E-16));
#13360 = PCURVE('',#13239,#13361);
#13361 = DEFINITIONAL_REPRESENTATION('',(#13362),#13366);
#13362 = LINE('',#13363,#13364);
#13363 = CARTESIAN_POINT('',(3.14159265359,0.));
#13364 = VECTOR('',#13365,1.);
#13365 = DIRECTION('',(-5.921189464668E-15,1.));
#13366 = ( GEOMETRIC_REPRESENTATION_CONTEXT(2) 
PARAMETRIC_REPRESENTATION_CONTEXT() REPRESENTATION_CONTEXT('2D SPACE',''
  ) );
#13367 = PCURVE('',#13368,#13373);
#13368 = PLANE('',#13369);
#13369 = AXIS2_PLACEMENT_3D('',#13370,#13371,#13372);
#13370 = CARTESIAN_POINT('',(3.265,-1.75,0.42));
#13371 = DIRECTION('',(5.243344273594E-32,1.,-1.200639317332E-47));
#13372 = DIRECTION('',(-2.289834988289E-16,2.917038411497E-62,-1.));
#13373 = DEFINITIONAL_REPRESENTATION('',(#13374),#13378);
#13374 = LINE('',#13375,#13376);
#13375 = CARTESIAN_POINT('',(0.,0.));
#13376 = VECTOR('',#13377,1.);
#13377 = DIRECTION('',(0.,1.));
#13378 = ( GEOMETRIC_REPRESENTATION_CONTEXT(2) 
PARAMETRIC_REPRESENTATION_CONTEXT() REPRESENTATION_CONTEXT('2D SPACE',''
  ) );
#13379 = ADVANCED_FACE('',(#13380),#13368,.F.);
#13380 = FACE_BOUND('',#13381,.T.);
#13381 = EDGE_LOOP('',(#13382,#13412,#13433,#13434));
#13382 = ORIENTED_EDGE('',*,*,#13383,.T.);
#13383 = EDGE_CURVE('',#13384,#13386,#13388,.T.);
#13384 = VERTEX_POINT('',#13385);
#13385 = CARTESIAN_POINT('',(3.265,-1.75,0.47));
#13386 = VERTEX_POINT('',#13387);
#13387 = CARTESIAN_POINT('',(3.115,-1.75,0.47));
#13388 = SURFACE_CURVE('',#13389,(#13393,#13400),.PCURVE_S1.);
#13389 = LINE('',#13390,#13391);
#13390 = CARTESIAN_POINT('',(3.265,-1.75,0.47));
#13391 = VECTOR('',#13392,1.);
#13392 = DIRECTION('',(-1.,5.243344273594E-32,2.289834988289E-16));
#13393 = PCURVE('',#13368,#13394);
#13394 = DEFINITIONAL_REPRESENTATION('',(#13395),#13399);
#13395 = LINE('',#13396,#13397);
#13396 = CARTESIAN_POINT('',(-5.E-02,1.144917494145E-17));
#13397 = VECTOR('',#13398,1.);
#13398 = DIRECTION('',(0.,1.));
#13399 = ( GEOMETRIC_REPRESENTATION_CONTEXT(2) 
PARAMETRIC_REPRESENTATION_CONTEXT() REPRESENTATION_CONTEXT('2D SPACE',''
  ) );
#13400 = PCURVE('',#13401,#13406);
#13401 = CYLINDRICAL_SURFACE('',#13402,5.E-02);
#13402 = AXIS2_PLACEMENT_3D('',#13403,#13404,#13405);
#13403 = CARTESIAN_POINT('',(3.265,-1.8,0.47));
#13404 = DIRECTION('',(-1.,5.243344273594E-32,2.289834988289E-16));
#13405 = DIRECTION('',(-5.243344273594E-32,-1.,0.));
#13406 = DEFINITIONAL_REPRESENTATION('',(#13407),#13411);
#13407 = LINE('',#13408,#13409);
#13408 = CARTESIAN_POINT('',(3.14159265359,0.));
#13409 = VECTOR('',#13410,1.);
#13410 = DIRECTION('',(-5.921189464668E-15,1.));
#13411 = ( GEOMETRIC_REPRESENTATION_CONTEXT(2) 
PARAMETRIC_REPRESENTATION_CONTEXT() REPRESENTATION_CONTEXT('2D SPACE',''
  ) );
#13412 = ORIENTED_EDGE('',*,*,#13413,.F.);
#13413 = EDGE_CURVE('',#13327,#13386,#13414,.T.);
#13414 = SURFACE_CURVE('',#13415,(#13419,#13426),.PCURVE_S1.);
#13415 = LINE('',#13416,#13417);
#13416 = CARTESIAN_POINT('',(3.115,-1.75,0.42));
#13417 = VECTOR('',#13418,1.);
#13418 = DIRECTION('',(2.289834988289E-16,0.,1.));
#13419 = PCURVE('',#13368,#13420);
#13420 = DEFINITIONAL_REPRESENTATION('',(#13421),#13425);
#13421 = LINE('',#13422,#13423);
#13422 = CARTESIAN_POINT('',(3.434752482434E-17,0.15));
#13423 = VECTOR('',#13424,1.);
#13424 = DIRECTION('',(-1.,0.));
#13425 = ( GEOMETRIC_REPRESENTATION_CONTEXT(2) 
PARAMETRIC_REPRESENTATION_CONTEXT() REPRESENTATION_CONTEXT('2D SPACE',''
  ) );
#13426 = PCURVE('',#12594,#13427);
#13427 = DEFINITIONAL_REPRESENTATION('',(#13428),#13432);
#13428 = LINE('',#13429,#13430);
#13429 = CARTESIAN_POINT('',(-0.285804,4.4799E-02));
#13430 = VECTOR('',#13431,1.);
#13431 = DIRECTION('',(1.200639317332E-47,1.));
#13432 = ( GEOMETRIC_REPRESENTATION_CONTEXT(2) 
PARAMETRIC_REPRESENTATION_CONTEXT() REPRESENTATION_CONTEXT('2D SPACE',''
  ) );
#13433 = ORIENTED_EDGE('',*,*,#13354,.F.);
#13434 = ORIENTED_EDGE('',*,*,#13435,.T.);
#13435 = EDGE_CURVE('',#13298,#13384,#13436,.T.);
#13436 = SURFACE_CURVE('',#13437,(#13441,#13448),.PCURVE_S1.);
#13437 = LINE('',#13438,#13439);
#13438 = CARTESIAN_POINT('',(3.265,-1.75,0.42));
#13439 = VECTOR('',#13440,1.);
#13440 = DIRECTION('',(2.289834988289E-16,0.,1.));
#13441 = PCURVE('',#13368,#13442);
#13442 = DEFINITIONAL_REPRESENTATION('',(#13443),#13447);
#13443 = LINE('',#13444,#13445);
#13444 = CARTESIAN_POINT('',(0.,0.));
#13445 = VECTOR('',#13446,1.);
#13446 = DIRECTION('',(-1.,0.));
#13447 = ( GEOMETRIC_REPRESENTATION_CONTEXT(2) 
PARAMETRIC_REPRESENTATION_CONTEXT() REPRESENTATION_CONTEXT('2D SPACE',''
  ) );
#13448 = PCURVE('',#12540,#13449);
#13449 = DEFINITIONAL_REPRESENTATION('',(#13450),#13454);
#13450 = LINE('',#13451,#13452);
#13451 = CARTESIAN_POINT('',(-0.521102616307,2.215715008166E-02));
#13452 = VECTOR('',#13453,1.);
#13453 = DIRECTION('',(-2.289834988289E-16,1.));
#13454 = ( GEOMETRIC_REPRESENTATION_CONTEXT(2) 
PARAMETRIC_REPRESENTATION_CONTEXT() REPRESENTATION_CONTEXT('2D SPACE',''
  ) );
#13455 = ADVANCED_FACE('',(#13456),#13401,.F.);
#13456 = FACE_BOUND('',#13457,.F.);
#13457 = EDGE_LOOP('',(#13458,#13486,#13487,#13515));
#13458 = ORIENTED_EDGE('',*,*,#13459,.T.);
#13459 = EDGE_CURVE('',#13460,#13384,#13462,.T.);
#13460 = VERTEX_POINT('',#13461);
#13461 = CARTESIAN_POINT('',(3.265,-1.8,0.52));
#13462 = SURFACE_CURVE('',#13463,(#13468,#13475),.PCURVE_S1.);
#13463 = CIRCLE('',#13464,5.E-02);
#13464 = AXIS2_PLACEMENT_3D('',#13465,#13466,#13467);
#13465 = CARTESIAN_POINT('',(3.265,-1.8,0.47));
#13466 = DIRECTION('',(-1.,5.243344273594E-32,2.289834988289E-16));
#13467 = DIRECTION('',(-5.243344273594E-32,-1.,0.));
#13468 = PCURVE('',#13401,#13469);
#13469 = DEFINITIONAL_REPRESENTATION('',(#13470),#13474);
#13470 = LINE('',#13471,#13472);
#13471 = CARTESIAN_POINT('',(0.,0.));
#13472 = VECTOR('',#13473,1.);
#13473 = DIRECTION('',(1.,0.));
#13474 = ( GEOMETRIC_REPRESENTATION_CONTEXT(2) 
PARAMETRIC_REPRESENTATION_CONTEXT() REPRESENTATION_CONTEXT('2D SPACE',''
  ) );
#13475 = PCURVE('',#12540,#13476);
#13476 = DEFINITIONAL_REPRESENTATION('',(#13477),#13485);
#13477 = ( BOUNDED_CURVE() B_SPLINE_CURVE(2,(#13478,#13479,#13480,#13481
    ,#13482,#13483,#13484),.UNSPECIFIED.,.T.,.F.) 
B_SPLINE_CURVE_WITH_KNOTS((1,2,2,2,2,1),(-2.094395102393,0.,
    2.094395102393,4.188790204786,6.28318530718,8.377580409573),
.UNSPECIFIED.) CURVE() GEOMETRIC_REPRESENTATION_ITEM() 
RATIONAL_B_SPLINE_CURVE((1.,0.5,1.,0.5,1.,0.5,1.)) REPRESENTATION_ITEM(
  '') );
#13478 = CARTESIAN_POINT('',(-0.621102616307,7.215715008167E-02));
#13479 = CARTESIAN_POINT('',(-0.621102616307,0.15875969046));
#13480 = CARTESIAN_POINT('',(-0.546102616307,0.115458420271));
#13481 = CARTESIAN_POINT('',(-0.471102616307,7.215715008167E-02));
#13482 = CARTESIAN_POINT('',(-0.546102616307,2.885587989244E-02));
#13483 = CARTESIAN_POINT('',(-0.621102616307,-1.444539029678E-02));
#13484 = CARTESIAN_POINT('',(-0.621102616307,7.215715008167E-02));
#13485 = ( GEOMETRIC_REPRESENTATION_CONTEXT(2) 
PARAMETRIC_REPRESENTATION_CONTEXT() REPRESENTATION_CONTEXT('2D SPACE',''
  ) );
#13486 = ORIENTED_EDGE('',*,*,#13383,.T.);
#13487 = ORIENTED_EDGE('',*,*,#13488,.F.);
#13488 = EDGE_CURVE('',#13489,#13386,#13491,.T.);
#13489 = VERTEX_POINT('',#13490);
#13490 = CARTESIAN_POINT('',(3.115,-1.8,0.52));
#13491 = SURFACE_CURVE('',#13492,(#13497,#13504),.PCURVE_S1.);
#13492 = CIRCLE('',#13493,5.E-02);
#13493 = AXIS2_PLACEMENT_3D('',#13494,#13495,#13496);
#13494 = CARTESIAN_POINT('',(3.115,-1.8,0.47));
#13495 = DIRECTION('',(-1.,5.243344273594E-32,2.289834988289E-16));
#13496 = DIRECTION('',(-5.243344273594E-32,-1.,0.));
#13497 = PCURVE('',#13401,#13498);
#13498 = DEFINITIONAL_REPRESENTATION('',(#13499),#13503);
#13499 = LINE('',#13500,#13501);
#13500 = CARTESIAN_POINT('',(0.,0.15));
#13501 = VECTOR('',#13502,1.);
#13502 = DIRECTION('',(1.,0.));
#13503 = ( GEOMETRIC_REPRESENTATION_CONTEXT(2) 
PARAMETRIC_REPRESENTATION_CONTEXT() REPRESENTATION_CONTEXT('2D SPACE',''
  ) );
#13504 = PCURVE('',#12594,#13505);
#13505 = DEFINITIONAL_REPRESENTATION('',(#13506),#13514);
#13506 = ( BOUNDED_CURVE() B_SPLINE_CURVE(2,(#13507,#13508,#13509,#13510
    ,#13511,#13512,#13513),.UNSPECIFIED.,.T.,.F.) 
B_SPLINE_CURVE_WITH_KNOTS((1,2,2,2,2,1),(-2.094395102393,0.,
    2.094395102393,4.188790204786,6.28318530718,8.377580409573),
.UNSPECIFIED.) CURVE() GEOMETRIC_REPRESENTATION_ITEM() 
RATIONAL_B_SPLINE_CURVE((1.,0.5,1.,0.5,1.,0.5,1.)) REPRESENTATION_ITEM(
  '') );
#13507 = CARTESIAN_POINT('',(-0.385804,9.4799E-02));
#13508 = CARTESIAN_POINT('',(-0.385804,0.181401540378));
#13509 = CARTESIAN_POINT('',(-0.310804,0.138100270189));
#13510 = CARTESIAN_POINT('',(-0.235804,9.4799E-02));
#13511 = CARTESIAN_POINT('',(-0.310804,5.149772981078E-02));
#13512 = CARTESIAN_POINT('',(-0.385804,8.196459621557E-03));
#13513 = CARTESIAN_POINT('',(-0.385804,9.4799E-02));
#13514 = ( GEOMETRIC_REPRESENTATION_CONTEXT(2) 
PARAMETRIC_REPRESENTATION_CONTEXT() REPRESENTATION_CONTEXT('2D SPACE',''
  ) );
#13515 = ORIENTED_EDGE('',*,*,#13516,.F.);
#13516 = EDGE_CURVE('',#13460,#13489,#13517,.T.);
#13517 = SURFACE_CURVE('',#13518,(#13522,#13529),.PCURVE_S1.);
#13518 = LINE('',#13519,#13520);
#13519 = CARTESIAN_POINT('',(3.265,-1.8,0.52));
#13520 = VECTOR('',#13521,1.);
#13521 = DIRECTION('',(-1.,5.243344273594E-32,2.289834988289E-16));
#13522 = PCURVE('',#13401,#13523);
#13523 = DEFINITIONAL_REPRESENTATION('',(#13524),#13528);
#13524 = LINE('',#13525,#13526);
#13525 = CARTESIAN_POINT('',(1.570796326795,0.));
#13526 = VECTOR('',#13527,1.);
#13527 = DIRECTION('',(0.,1.));
#13528 = ( GEOMETRIC_REPRESENTATION_CONTEXT(2) 
PARAMETRIC_REPRESENTATION_CONTEXT() REPRESENTATION_CONTEXT('2D SPACE',''
  ) );
#13529 = PCURVE('',#13530,#13535);
#13530 = PLANE('',#13531);
#13531 = AXIS2_PLACEMENT_3D('',#13532,#13533,#13534);
#13532 = CARTESIAN_POINT('',(3.265,-1.8,0.52));
#13533 = DIRECTION('',(2.289834988289E-16,-1.200639317332E-47,1.));
#13534 = DIRECTION('',(5.243344273594E-32,1.,-2.917038411497E-62));
#13535 = DEFINITIONAL_REPRESENTATION('',(#13536),#13540);
#13536 = LINE('',#13537,#13538);
#13537 = CARTESIAN_POINT('',(0.,0.));
#13538 = VECTOR('',#13539,1.);
#13539 = DIRECTION('',(-6.679536616831E-78,1.));
#13540 = ( GEOMETRIC_REPRESENTATION_CONTEXT(2) 
PARAMETRIC_REPRESENTATION_CONTEXT() REPRESENTATION_CONTEXT('2D SPACE',''
  ) );
#13541 = ADVANCED_FACE('',(#13542),#13530,.F.);
#13542 = FACE_BOUND('',#13543,.T.);
#13543 = EDGE_LOOP('',(#13544,#13574,#13595,#13596));
#13544 = ORIENTED_EDGE('',*,*,#13545,.T.);
#13545 = EDGE_CURVE('',#13546,#13548,#13550,.T.);
#13546 = VERTEX_POINT('',#13547);
#13547 = CARTESIAN_POINT('',(3.265,-1.9,0.52));
#13548 = VERTEX_POINT('',#13549);
#13549 = CARTESIAN_POINT('',(3.115,-1.9,0.52));
#13550 = SURFACE_CURVE('',#13551,(#13555,#13562),.PCURVE_S1.);
#13551 = LINE('',#13552,#13553);
#13552 = CARTESIAN_POINT('',(3.265,-1.9,0.52));
#13553 = VECTOR('',#13554,1.);
#13554 = DIRECTION('',(-1.,5.243344273594E-32,2.289834988289E-16));
#13555 = PCURVE('',#13530,#13556);
#13556 = DEFINITIONAL_REPRESENTATION('',(#13557),#13561);
#13557 = LINE('',#13558,#13559);
#13558 = CARTESIAN_POINT('',(-0.1,-5.243344273595E-33));
#13559 = VECTOR('',#13560,1.);
#13560 = DIRECTION('',(-6.679536616831E-78,1.));
#13561 = ( GEOMETRIC_REPRESENTATION_CONTEXT(2) 
PARAMETRIC_REPRESENTATION_CONTEXT() REPRESENTATION_CONTEXT('2D SPACE',''
  ) );
#13562 = PCURVE('',#13563,#13568);
#13563 = PLANE('',#13564);
#13564 = AXIS2_PLACEMENT_3D('',#13565,#13566,#13567);
#13565 = CARTESIAN_POINT('',(3.265,-1.9,0.52));
#13566 = DIRECTION('',(5.243344273594E-32,1.,-1.200639317332E-47));
#13567 = DIRECTION('',(-2.289834988289E-16,2.917038411497E-62,-1.));
#13568 = DEFINITIONAL_REPRESENTATION('',(#13569),#13573);
#13569 = LINE('',#13570,#13571);
#13570 = CARTESIAN_POINT('',(0.,0.));
#13571 = VECTOR('',#13572,1.);
#13572 = DIRECTION('',(0.,1.));
#13573 = ( GEOMETRIC_REPRESENTATION_CONTEXT(2) 
PARAMETRIC_REPRESENTATION_CONTEXT() REPRESENTATION_CONTEXT('2D SPACE',''
  ) );
#13574 = ORIENTED_EDGE('',*,*,#13575,.T.);
#13575 = EDGE_CURVE('',#13548,#13489,#13576,.T.);
#13576 = SURFACE_CURVE('',#13577,(#13581,#13588),.PCURVE_S1.);
#13577 = LINE('',#13578,#13579);
#13578 = CARTESIAN_POINT('',(3.115,-1.9,0.52));
#13579 = VECTOR('',#13580,1.);
#13580 = DIRECTION('',(5.243344273594E-32,1.,0.));
#13581 = PCURVE('',#13530,#13582);
#13582 = DEFINITIONAL_REPRESENTATION('',(#13583),#13587);
#13583 = LINE('',#13584,#13585);
#13584 = CARTESIAN_POINT('',(-0.1,0.15));
#13585 = VECTOR('',#13586,1.);
#13586 = DIRECTION('',(1.,-6.679536616831E-78));
#13587 = ( GEOMETRIC_REPRESENTATION_CONTEXT(2) 
PARAMETRIC_REPRESENTATION_CONTEXT() REPRESENTATION_CONTEXT('2D SPACE',''
  ) );
#13588 = PCURVE('',#12594,#13589);
#13589 = DEFINITIONAL_REPRESENTATION('',(#13590),#13594);
#13590 = LINE('',#13591,#13592);
#13591 = CARTESIAN_POINT('',(-0.435804,0.144799));
#13592 = VECTOR('',#13593,1.);
#13593 = DIRECTION('',(1.,0.));
#13594 = ( GEOMETRIC_REPRESENTATION_CONTEXT(2) 
PARAMETRIC_REPRESENTATION_CONTEXT() REPRESENTATION_CONTEXT('2D SPACE',''
  ) );
#13595 = ORIENTED_EDGE('',*,*,#13516,.F.);
#13596 = ORIENTED_EDGE('',*,*,#13597,.F.);
#13597 = EDGE_CURVE('',#13546,#13460,#13598,.T.);
#13598 = SURFACE_CURVE('',#13599,(#13603,#13610),.PCURVE_S1.);
#13599 = LINE('',#13600,#13601);
#13600 = CARTESIAN_POINT('',(3.265,-1.9,0.52));
#13601 = VECTOR('',#13602,1.);
#13602 = DIRECTION('',(5.243344273594E-32,1.,0.));
#13603 = PCURVE('',#13530,#13604);
#13604 = DEFINITIONAL_REPRESENTATION('',(#13605),#13609);
#13605 = LINE('',#13606,#13607);
#13606 = CARTESIAN_POINT('',(-0.1,-5.243344273595E-33));
#13607 = VECTOR('',#13608,1.);
#13608 = DIRECTION('',(1.,-6.679536616831E-78));
#13609 = ( GEOMETRIC_REPRESENTATION_CONTEXT(2) 
PARAMETRIC_REPRESENTATION_CONTEXT() REPRESENTATION_CONTEXT('2D SPACE',''
  ) );
#13610 = PCURVE('',#12540,#13611);
#13611 = DEFINITIONAL_REPRESENTATION('',(#13612),#13616);
#13612 = LINE('',#13613,#13614);
#13613 = CARTESIAN_POINT('',(-0.671102616307,0.122157150082));
#13614 = VECTOR('',#13615,1.);
#13615 = DIRECTION('',(1.,2.289834988289E-16));
#13616 = ( GEOMETRIC_REPRESENTATION_CONTEXT(2) 
PARAMETRIC_REPRESENTATION_CONTEXT() REPRESENTATION_CONTEXT('2D SPACE',''
  ) );
#13617 = ADVANCED_FACE('',(#13618),#13563,.F.);
#13618 = FACE_BOUND('',#13619,.T.);
#13619 = EDGE_LOOP('',(#13620,#13645,#13666,#13667));
#13620 = ORIENTED_EDGE('',*,*,#13621,.T.);
#13621 = EDGE_CURVE('',#13622,#13624,#13626,.T.);
#13622 = VERTEX_POINT('',#13623);
#13623 = CARTESIAN_POINT('',(3.265,-1.9,0.82));
#13624 = VERTEX_POINT('',#13625);
#13625 = CARTESIAN_POINT('',(3.115,-1.9,0.82));
#13626 = SURFACE_CURVE('',#13627,(#13631,#13638),.PCURVE_S1.);
#13627 = LINE('',#13628,#13629);
#13628 = CARTESIAN_POINT('',(3.265,-1.9,0.82));
#13629 = VECTOR('',#13630,1.);
#13630 = DIRECTION('',(-1.,5.243344273594E-32,2.289834988289E-16));
#13631 = PCURVE('',#13563,#13632);
#13632 = DEFINITIONAL_REPRESENTATION('',(#13633),#13637);
#13633 = LINE('',#13634,#13635);
#13634 = CARTESIAN_POINT('',(-0.3,6.869504964868E-17));
#13635 = VECTOR('',#13636,1.);
#13636 = DIRECTION('',(0.,1.));
#13637 = ( GEOMETRIC_REPRESENTATION_CONTEXT(2) 
PARAMETRIC_REPRESENTATION_CONTEXT() REPRESENTATION_CONTEXT('2D SPACE',''
  ) );
#13638 = PCURVE('',#12512,#13639);
#13639 = DEFINITIONAL_REPRESENTATION('',(#13640),#13644);
#13640 = LINE('',#13641,#13642);
#13641 = CARTESIAN_POINT('',(2.7,-1.096335620842E-32));
#13642 = VECTOR('',#13643,1.);
#13643 = DIRECTION('',(2.080052407982E-46,-1.));
#13644 = ( GEOMETRIC_REPRESENTATION_CONTEXT(2) 
PARAMETRIC_REPRESENTATION_CONTEXT() REPRESENTATION_CONTEXT('2D SPACE',''
  ) );
#13645 = ORIENTED_EDGE('',*,*,#13646,.F.);
#13646 = EDGE_CURVE('',#13548,#13624,#13647,.T.);
#13647 = SURFACE_CURVE('',#13648,(#13652,#13659),.PCURVE_S1.);
#13648 = LINE('',#13649,#13650);
#13649 = CARTESIAN_POINT('',(3.115,-1.9,0.52));
#13650 = VECTOR('',#13651,1.);
#13651 = DIRECTION('',(2.289834988289E-16,0.,1.));
#13652 = PCURVE('',#13563,#13653);
#13653 = DEFINITIONAL_REPRESENTATION('',(#13654),#13658);
#13654 = LINE('',#13655,#13656);
#13655 = CARTESIAN_POINT('',(-9.648531973383E-16,0.15));
#13656 = VECTOR('',#13657,1.);
#13657 = DIRECTION('',(-1.,0.));
#13658 = ( GEOMETRIC_REPRESENTATION_CONTEXT(2) 
PARAMETRIC_REPRESENTATION_CONTEXT() REPRESENTATION_CONTEXT('2D SPACE',''
  ) );
#13659 = PCURVE('',#12594,#13660);
#13660 = DEFINITIONAL_REPRESENTATION('',(#13661),#13665);
#13661 = LINE('',#13662,#13663);
#13662 = CARTESIAN_POINT('',(-0.435804,0.144799));
#13663 = VECTOR('',#13664,1.);
#13664 = DIRECTION('',(1.200639317332E-47,1.));
#13665 = ( GEOMETRIC_REPRESENTATION_CONTEXT(2) 
PARAMETRIC_REPRESENTATION_CONTEXT() REPRESENTATION_CONTEXT('2D SPACE',''
  ) );
#13666 = ORIENTED_EDGE('',*,*,#13545,.F.);
#13667 = ORIENTED_EDGE('',*,*,#13668,.T.);
#13668 = EDGE_CURVE('',#13546,#13622,#13669,.T.);
#13669 = SURFACE_CURVE('',#13670,(#13674,#13681),.PCURVE_S1.);
#13670 = LINE('',#13671,#13672);
#13671 = CARTESIAN_POINT('',(3.265,-1.9,0.52));
#13672 = VECTOR('',#13673,1.);
#13673 = DIRECTION('',(2.289834988289E-16,0.,1.));
#13674 = PCURVE('',#13563,#13675);
#13675 = DEFINITIONAL_REPRESENTATION('',(#13676),#13680);
#13676 = LINE('',#13677,#13678);
#13677 = CARTESIAN_POINT('',(-9.992007221626E-16,2.288004773932E-31));
#13678 = VECTOR('',#13679,1.);
#13679 = DIRECTION('',(-1.,0.));
#13680 = ( GEOMETRIC_REPRESENTATION_CONTEXT(2) 
PARAMETRIC_REPRESENTATION_CONTEXT() REPRESENTATION_CONTEXT('2D SPACE',''
  ) );
#13681 = PCURVE('',#12540,#13682);
#13682 = DEFINITIONAL_REPRESENTATION('',(#13683),#13687);
#13683 = LINE('',#13684,#13685);
#13684 = CARTESIAN_POINT('',(-0.671102616307,0.122157150082));
#13685 = VECTOR('',#13686,1.);
#13686 = DIRECTION('',(-2.289834988289E-16,1.));
#13687 = ( GEOMETRIC_REPRESENTATION_CONTEXT(2) 
PARAMETRIC_REPRESENTATION_CONTEXT() REPRESENTATION_CONTEXT('2D SPACE',''
  ) );
#13688 = ADVANCED_FACE('',(#13689),#12714,.F.);
#13689 = FACE_BOUND('',#13690,.T.);
#13690 = EDGE_LOOP('',(#13691,#13692,#13715,#13743));
#13691 = ORIENTED_EDGE('',*,*,#12698,.T.);
#13692 = ORIENTED_EDGE('',*,*,#13693,.F.);
#13693 = EDGE_CURVE('',#13694,#12671,#13696,.T.);
#13694 = VERTEX_POINT('',#13695);
#13695 = CARTESIAN_POINT('',(3.115,-1.1,0.46));
#13696 = SURFACE_CURVE('',#13697,(#13701,#13708),.PCURVE_S1.);
#13697 = LINE('',#13698,#13699);
#13698 = CARTESIAN_POINT('',(3.115,-1.1,0.841614));
#13699 = VECTOR('',#13700,1.);
#13700 = DIRECTION('',(-2.289834988289E-16,-2.289834988289E-16,-1.));
#13701 = PCURVE('',#12714,#13702);
#13702 = DEFINITIONAL_REPRESENTATION('',(#13703),#13707);
#13703 = LINE('',#13704,#13705);
#13704 = CARTESIAN_POINT('',(0.381614,0.15));
#13705 = VECTOR('',#13706,1.);
#13706 = DIRECTION('',(-1.,0.));
#13707 = ( GEOMETRIC_REPRESENTATION_CONTEXT(2) 
PARAMETRIC_REPRESENTATION_CONTEXT() REPRESENTATION_CONTEXT('2D SPACE',''
  ) );
#13708 = PCURVE('',#12594,#13709);
#13709 = DEFINITIONAL_REPRESENTATION('',(#13710),#13714);
#13710 = LINE('',#13711,#13712);
#13711 = CARTESIAN_POINT('',(0.364196,0.466413));
#13712 = VECTOR('',#13713,1.);
#13713 = DIRECTION('',(-2.289834988289E-16,-1.));
#13714 = ( GEOMETRIC_REPRESENTATION_CONTEXT(2) 
PARAMETRIC_REPRESENTATION_CONTEXT() REPRESENTATION_CONTEXT('2D SPACE',''
  ) );
#13715 = ORIENTED_EDGE('',*,*,#13716,.F.);
#13716 = EDGE_CURVE('',#13717,#13694,#13719,.T.);
#13717 = VERTEX_POINT('',#13718);
#13718 = CARTESIAN_POINT('',(3.265,-1.1,0.46));
#13719 = SURFACE_CURVE('',#13720,(#13724,#13731),.PCURVE_S1.);
#13720 = LINE('',#13721,#13722);
#13721 = CARTESIAN_POINT('',(3.265,-1.1,0.46));
#13722 = VECTOR('',#13723,1.);
#13723 = DIRECTION('',(-1.,5.243344273594E-32,2.289834988289E-16));
#13724 = PCURVE('',#12714,#13725);
#13725 = DEFINITIONAL_REPRESENTATION('',(#13726),#13730);
#13726 = LINE('',#13727,#13728);
#13727 = CARTESIAN_POINT('',(-1.998401444325E-15,-4.576009547864E-31));
#13728 = VECTOR('',#13729,1.);
#13729 = DIRECTION('',(0.,1.));
#13730 = ( GEOMETRIC_REPRESENTATION_CONTEXT(2) 
PARAMETRIC_REPRESENTATION_CONTEXT() REPRESENTATION_CONTEXT('2D SPACE',''
  ) );
#13731 = PCURVE('',#13732,#13737);
#13732 = CYLINDRICAL_SURFACE('',#13733,5.E-02);
#13733 = AXIS2_PLACEMENT_3D('',#13734,#13735,#13736);
#13734 = CARTESIAN_POINT('',(3.265,-1.05,0.46));
#13735 = DIRECTION('',(-1.,5.243344273594E-32,2.289834988289E-16));
#13736 = DIRECTION('',(-2.080052407982E-46,1.,-2.289834988289E-16));
#13737 = DEFINITIONAL_REPRESENTATION('',(#13738),#13742);
#13738 = LINE('',#13739,#13740);
#13739 = CARTESIAN_POINT('',(3.14159265359,0.));
#13740 = VECTOR('',#13741,1.);
#13741 = DIRECTION('',(0.,1.));
#13742 = ( GEOMETRIC_REPRESENTATION_CONTEXT(2) 
PARAMETRIC_REPRESENTATION_CONTEXT() REPRESENTATION_CONTEXT('2D SPACE',''
  ) );
#13743 = ORIENTED_EDGE('',*,*,#13744,.T.);
#13744 = EDGE_CURVE('',#13717,#12699,#13745,.T.);
#13745 = SURFACE_CURVE('',#13746,(#13750,#13757),.PCURVE_S1.);
#13746 = LINE('',#13747,#13748);
#13747 = CARTESIAN_POINT('',(3.265,-1.1,0.841614));
#13748 = VECTOR('',#13749,1.);
#13749 = DIRECTION('',(-2.289834988289E-16,-2.289834988289E-16,-1.));
#13750 = PCURVE('',#12714,#13751);
#13751 = DEFINITIONAL_REPRESENTATION('',(#13752),#13756);
#13752 = LINE('',#13753,#13754);
#13753 = CARTESIAN_POINT('',(0.381614,8.738330892211E-17));
#13754 = VECTOR('',#13755,1.);
#13755 = DIRECTION('',(-1.,0.));
#13756 = ( GEOMETRIC_REPRESENTATION_CONTEXT(2) 
PARAMETRIC_REPRESENTATION_CONTEXT() REPRESENTATION_CONTEXT('2D SPACE',''
  ) );
#13757 = PCURVE('',#12540,#13758);
#13758 = DEFINITIONAL_REPRESENTATION('',(#13759),#13763);
#13759 = LINE('',#13760,#13761);
#13760 = CARTESIAN_POINT('',(0.128897383693,0.443771150082));
#13761 = VECTOR('',#13762,1.);
#13762 = DIRECTION('',(0.,-1.));
#13763 = ( GEOMETRIC_REPRESENTATION_CONTEXT(2) 
PARAMETRIC_REPRESENTATION_CONTEXT() REPRESENTATION_CONTEXT('2D SPACE',''
  ) );
#13764 = ADVANCED_FACE('',(#13765),#12512,.T.);
#13765 = FACE_BOUND('',#13766,.T.);
#13766 = EDGE_LOOP('',(#13767,#13788,#13789,#13810));
#13767 = ORIENTED_EDGE('',*,*,#13768,.T.);
#13768 = EDGE_CURVE('',#13622,#12495,#13769,.T.);
#13769 = SURFACE_CURVE('',#13770,(#13774,#13781),.PCURVE_S1.);
#13770 = LINE('',#13771,#13772);
#13771 = CARTESIAN_POINT('',(3.265,0.694863,0.82));
#13772 = VECTOR('',#13773,1.);
#13773 = DIRECTION('',(0.,1.,-2.289834988289E-16));
#13774 = PCURVE('',#12512,#13775);
#13775 = DEFINITIONAL_REPRESENTATION('',(#13776),#13780);
#13776 = LINE('',#13777,#13778);
#13777 = CARTESIAN_POINT('',(0.105137,5.512694868929E-33));
#13778 = VECTOR('',#13779,1.);
#13779 = DIRECTION('',(-1.,0.));
#13780 = ( GEOMETRIC_REPRESENTATION_CONTEXT(2) 
PARAMETRIC_REPRESENTATION_CONTEXT() REPRESENTATION_CONTEXT('2D SPACE',''
  ) );
#13781 = PCURVE('',#12540,#13782);
#13782 = DEFINITIONAL_REPRESENTATION('',(#13783),#13787);
#13783 = LINE('',#13784,#13785);
#13784 = CARTESIAN_POINT('',(1.923760383693,0.422157150082));
#13785 = VECTOR('',#13786,1.);
#13786 = DIRECTION('',(1.,0.));
#13787 = ( GEOMETRIC_REPRESENTATION_CONTEXT(2) 
PARAMETRIC_REPRESENTATION_CONTEXT() REPRESENTATION_CONTEXT('2D SPACE',''
  ) );
#13788 = ORIENTED_EDGE('',*,*,#12494,.T.);
#13789 = ORIENTED_EDGE('',*,*,#13790,.F.);
#13790 = EDGE_CURVE('',#13624,#12497,#13791,.T.);
#13791 = SURFACE_CURVE('',#13792,(#13796,#13803),.PCURVE_S1.);
#13792 = LINE('',#13793,#13794);
#13793 = CARTESIAN_POINT('',(3.115,0.694863,0.82));
#13794 = VECTOR('',#13795,1.);
#13795 = DIRECTION('',(0.,1.,-2.289834988289E-16));
#13796 = PCURVE('',#12512,#13797);
#13797 = DEFINITIONAL_REPRESENTATION('',(#13798),#13802);
#13798 = LINE('',#13799,#13800);
#13799 = CARTESIAN_POINT('',(0.105137,-0.15));
#13800 = VECTOR('',#13801,1.);
#13801 = DIRECTION('',(-1.,0.));
#13802 = ( GEOMETRIC_REPRESENTATION_CONTEXT(2) 
PARAMETRIC_REPRESENTATION_CONTEXT() REPRESENTATION_CONTEXT('2D SPACE',''
  ) );
#13803 = PCURVE('',#12594,#13804);
#13804 = DEFINITIONAL_REPRESENTATION('',(#13805),#13809);
#13805 = LINE('',#13806,#13807);
#13806 = CARTESIAN_POINT('',(2.159059,0.444799));
#13807 = VECTOR('',#13808,1.);
#13808 = DIRECTION('',(1.,-2.289834988289E-16));
#13809 = ( GEOMETRIC_REPRESENTATION_CONTEXT(2) 
PARAMETRIC_REPRESENTATION_CONTEXT() REPRESENTATION_CONTEXT('2D SPACE',''
  ) );
#13810 = ORIENTED_EDGE('',*,*,#13621,.F.);
#13811 = ADVANCED_FACE('',(#13812),#12540,.T.);
#13812 = FACE_BOUND('',#13813,.T.);
#13813 = EDGE_LOOP('',(#13814,#13815,#13843,#13864,#13865,#13866,#13867,
    #13868,#13869,#13870,#13871,#13872,#13873,#13874,#13875,#13876,
    #13877,#13878));
#13814 = ORIENTED_EDGE('',*,*,#13744,.F.);
#13815 = ORIENTED_EDGE('',*,*,#13816,.T.);
#13816 = EDGE_CURVE('',#13717,#13817,#13819,.T.);
#13817 = VERTEX_POINT('',#13818);
#13818 = CARTESIAN_POINT('',(3.265,-1.05,0.51));
#13819 = SURFACE_CURVE('',#13820,(#13825,#13836),.PCURVE_S1.);
#13820 = CIRCLE('',#13821,5.E-02);
#13821 = AXIS2_PLACEMENT_3D('',#13822,#13823,#13824);
#13822 = CARTESIAN_POINT('',(3.265,-1.05,0.46));
#13823 = DIRECTION('',(-1.,5.243344273594E-32,2.289834988289E-16));
#13824 = DIRECTION('',(-2.080052407982E-46,1.,-2.289834988289E-16));
#13825 = PCURVE('',#12540,#13826);
#13826 = DEFINITIONAL_REPRESENTATION('',(#13827),#13835);
#13827 = ( BOUNDED_CURVE() B_SPLINE_CURVE(2,(#13828,#13829,#13830,#13831
    ,#13832,#13833,#13834),.UNSPECIFIED.,.T.,.F.) 
B_SPLINE_CURVE_WITH_KNOTS((1,2,2,2,2,1),(-2.094395102393,0.,
    2.094395102393,4.188790204786,6.28318530718,8.377580409573),
.UNSPECIFIED.) CURVE() GEOMETRIC_REPRESENTATION_ITEM() 
RATIONAL_B_SPLINE_CURVE((1.,0.5,1.,0.5,1.,0.5,1.)) REPRESENTATION_ITEM(
  '') );
#13828 = CARTESIAN_POINT('',(0.228897383693,6.215715008166E-02));
#13829 = CARTESIAN_POINT('',(0.228897383693,-2.444539029678E-02));
#13830 = CARTESIAN_POINT('',(0.153897383693,1.885587989244E-02));
#13831 = CARTESIAN_POINT('',(7.889738369333E-02,6.215715008166E-02));
#13832 = CARTESIAN_POINT('',(0.153897383693,0.105458420271));
#13833 = CARTESIAN_POINT('',(0.228897383693,0.14875969046));
#13834 = CARTESIAN_POINT('',(0.228897383693,6.215715008166E-02));
#13835 = ( GEOMETRIC_REPRESENTATION_CONTEXT(2) 
PARAMETRIC_REPRESENTATION_CONTEXT() REPRESENTATION_CONTEXT('2D SPACE',''
  ) );
#13836 = PCURVE('',#13732,#13837);
#13837 = DEFINITIONAL_REPRESENTATION('',(#13838),#13842);
#13838 = LINE('',#13839,#13840);
#13839 = CARTESIAN_POINT('',(0.,0.));
#13840 = VECTOR('',#13841,1.);
#13841 = DIRECTION('',(1.,0.));
#13842 = ( GEOMETRIC_REPRESENTATION_CONTEXT(2) 
PARAMETRIC_REPRESENTATION_CONTEXT() REPRESENTATION_CONTEXT('2D SPACE',''
  ) );
#13843 = ORIENTED_EDGE('',*,*,#13844,.F.);
#13844 = EDGE_CURVE('',#12525,#13817,#13845,.T.);
#13845 = SURFACE_CURVE('',#13846,(#13850,#13857),.PCURVE_S1.);
#13846 = LINE('',#13847,#13848);
#13847 = CARTESIAN_POINT('',(3.265,0.694863,0.51));
#13848 = VECTOR('',#13849,1.);
#13849 = DIRECTION('',(0.,-1.,2.289834988289E-16));
#13850 = PCURVE('',#12540,#13851);
#13851 = DEFINITIONAL_REPRESENTATION('',(#13852),#13856);
#13852 = LINE('',#13853,#13854);
#13853 = CARTESIAN_POINT('',(1.923760383693,0.112157150082));
#13854 = VECTOR('',#13855,1.);
#13855 = DIRECTION('',(-1.,0.));
#13856 = ( GEOMETRIC_REPRESENTATION_CONTEXT(2) 
PARAMETRIC_REPRESENTATION_CONTEXT() REPRESENTATION_CONTEXT('2D SPACE',''
  ) );
#13857 = PCURVE('',#12568,#13858);
#13858 = DEFINITIONAL_REPRESENTATION('',(#13859),#13863);
#13859 = LINE('',#13860,#13861);
#13860 = CARTESIAN_POINT('',(1.794863,7.578254734284E-33));
#13861 = VECTOR('',#13862,1.);
#13862 = DIRECTION('',(-1.,0.));
#13863 = ( GEOMETRIC_REPRESENTATION_CONTEXT(2) 
PARAMETRIC_REPRESENTATION_CONTEXT() REPRESENTATION_CONTEXT('2D SPACE',''
  ) );
#13864 = ORIENTED_EDGE('',*,*,#12524,.F.);
#13865 = ORIENTED_EDGE('',*,*,#13768,.F.);
#13866 = ORIENTED_EDGE('',*,*,#13668,.F.);
#13867 = ORIENTED_EDGE('',*,*,#13597,.T.);
#13868 = ORIENTED_EDGE('',*,*,#13459,.T.);
#13869 = ORIENTED_EDGE('',*,*,#13435,.F.);
#13870 = ORIENTED_EDGE('',*,*,#13297,.T.);
#13871 = ORIENTED_EDGE('',*,*,#13273,.T.);
#13872 = ORIENTED_EDGE('',*,*,#13197,.T.);
#13873 = ORIENTED_EDGE('',*,*,#13121,.F.);
#13874 = ORIENTED_EDGE('',*,*,#12983,.T.);
#13875 = ORIENTED_EDGE('',*,*,#12959,.F.);
#13876 = ORIENTED_EDGE('',*,*,#12883,.T.);
#13877 = ORIENTED_EDGE('',*,*,#12807,.T.);
#13878 = ORIENTED_EDGE('',*,*,#12726,.F.);
#13879 = ADVANCED_FACE('',(#13880),#12594,.F.);
#13880 = FACE_BOUND('',#13881,.T.);
#13881 = EDGE_LOOP('',(#13882,#13883,#13884,#13885,#13886,#13887,#13888,
    #13889,#13890,#13891,#13892,#13893,#13894,#13895,#13896,#13897,
    #13898,#13921));
#13882 = ORIENTED_EDGE('',*,*,#13693,.T.);
#13883 = ORIENTED_EDGE('',*,*,#12670,.T.);
#13884 = ORIENTED_EDGE('',*,*,#12785,.F.);
#13885 = ORIENTED_EDGE('',*,*,#12861,.F.);
#13886 = ORIENTED_EDGE('',*,*,#12937,.T.);
#13887 = ORIENTED_EDGE('',*,*,#13012,.F.);
#13888 = ORIENTED_EDGE('',*,*,#13099,.T.);
#13889 = ORIENTED_EDGE('',*,*,#13175,.F.);
#13890 = ORIENTED_EDGE('',*,*,#13251,.F.);
#13891 = ORIENTED_EDGE('',*,*,#13326,.F.);
#13892 = ORIENTED_EDGE('',*,*,#13413,.T.);
#13893 = ORIENTED_EDGE('',*,*,#13488,.F.);
#13894 = ORIENTED_EDGE('',*,*,#13575,.F.);
#13895 = ORIENTED_EDGE('',*,*,#13646,.T.);
#13896 = ORIENTED_EDGE('',*,*,#13790,.T.);
#13897 = ORIENTED_EDGE('',*,*,#12580,.T.);
#13898 = ORIENTED_EDGE('',*,*,#13899,.T.);
#13899 = EDGE_CURVE('',#12553,#13900,#13902,.T.);
#13900 = VERTEX_POINT('',#13901);
#13901 = CARTESIAN_POINT('',(3.115,-1.05,0.51));
#13902 = SURFACE_CURVE('',#13903,(#13907,#13914),.PCURVE_S1.);
#13903 = LINE('',#13904,#13905);
#13904 = CARTESIAN_POINT('',(3.115,0.694863,0.51));
#13905 = VECTOR('',#13906,1.);
#13906 = DIRECTION('',(0.,-1.,2.289834988289E-16));
#13907 = PCURVE('',#12594,#13908);
#13908 = DEFINITIONAL_REPRESENTATION('',(#13909),#13913);
#13909 = LINE('',#13910,#13911);
#13910 = CARTESIAN_POINT('',(2.159059,0.134799));
#13911 = VECTOR('',#13912,1.);
#13912 = DIRECTION('',(-1.,2.289834988289E-16));
#13913 = ( GEOMETRIC_REPRESENTATION_CONTEXT(2) 
PARAMETRIC_REPRESENTATION_CONTEXT() REPRESENTATION_CONTEXT('2D SPACE',''
  ) );
#13914 = PCURVE('',#12568,#13915);
#13915 = DEFINITIONAL_REPRESENTATION('',(#13916),#13920);
#13916 = LINE('',#13917,#13918);
#13917 = CARTESIAN_POINT('',(1.794863,-0.15));
#13918 = VECTOR('',#13919,1.);
#13919 = DIRECTION('',(-1.,0.));
#13920 = ( GEOMETRIC_REPRESENTATION_CONTEXT(2) 
PARAMETRIC_REPRESENTATION_CONTEXT() REPRESENTATION_CONTEXT('2D SPACE',''
  ) );
#13921 = ORIENTED_EDGE('',*,*,#13922,.F.);
#13922 = EDGE_CURVE('',#13694,#13900,#13923,.T.);
#13923 = SURFACE_CURVE('',#13924,(#13929,#13940),.PCURVE_S1.);
#13924 = CIRCLE('',#13925,5.E-02);
#13925 = AXIS2_PLACEMENT_3D('',#13926,#13927,#13928);
#13926 = CARTESIAN_POINT('',(3.115,-1.05,0.46));
#13927 = DIRECTION('',(-1.,5.243344273594E-32,2.289834988289E-16));
#13928 = DIRECTION('',(-2.080052407982E-46,1.,-2.289834988289E-16));
#13929 = PCURVE('',#12594,#13930);
#13930 = DEFINITIONAL_REPRESENTATION('',(#13931),#13939);
#13931 = ( BOUNDED_CURVE() B_SPLINE_CURVE(2,(#13932,#13933,#13934,#13935
    ,#13936,#13937,#13938),.UNSPECIFIED.,.T.,.F.) 
B_SPLINE_CURVE_WITH_KNOTS((1,2,2,2,2,1),(-2.094395102393,0.,
    2.094395102393,4.188790204786,6.28318530718,8.377580409573),
.UNSPECIFIED.) CURVE() GEOMETRIC_REPRESENTATION_ITEM() 
RATIONAL_B_SPLINE_CURVE((1.,0.5,1.,0.5,1.,0.5,1.)) REPRESENTATION_ITEM(
  '') );
#13932 = CARTESIAN_POINT('',(0.464196,8.4799E-02));
#13933 = CARTESIAN_POINT('',(0.464196,-1.803540378445E-03));
#13934 = CARTESIAN_POINT('',(0.389196,4.149772981078E-02));
#13935 = CARTESIAN_POINT('',(0.314196,8.4799E-02));
#13936 = CARTESIAN_POINT('',(0.389196,0.128100270189));
#13937 = CARTESIAN_POINT('',(0.464196,0.171401540378));
#13938 = CARTESIAN_POINT('',(0.464196,8.4799E-02));
#13939 = ( GEOMETRIC_REPRESENTATION_CONTEXT(2) 
PARAMETRIC_REPRESENTATION_CONTEXT() REPRESENTATION_CONTEXT('2D SPACE',''
  ) );
#13940 = PCURVE('',#13732,#13941);
#13941 = DEFINITIONAL_REPRESENTATION('',(#13942),#13946);
#13942 = LINE('',#13943,#13944);
#13943 = CARTESIAN_POINT('',(-8.881784197001E-16,0.15));
#13944 = VECTOR('',#13945,1.);
#13945 = DIRECTION('',(1.,0.));
#13946 = ( GEOMETRIC_REPRESENTATION_CONTEXT(2) 
PARAMETRIC_REPRESENTATION_CONTEXT() REPRESENTATION_CONTEXT('2D SPACE',''
  ) );
#13947 = ADVANCED_FACE('',(#13948),#12568,.T.);
#13948 = FACE_BOUND('',#13949,.T.);
#13949 = EDGE_LOOP('',(#13950,#13971,#13972,#13973));
#13950 = ORIENTED_EDGE('',*,*,#13951,.T.);
#13951 = EDGE_CURVE('',#13817,#13900,#13952,.T.);
#13952 = SURFACE_CURVE('',#13953,(#13957,#13964),.PCURVE_S1.);
#13953 = LINE('',#13954,#13955);
#13954 = CARTESIAN_POINT('',(3.265,-1.05,0.51));
#13955 = VECTOR('',#13956,1.);
#13956 = DIRECTION('',(-1.,5.243344273594E-32,2.289834988289E-16));
#13957 = PCURVE('',#12568,#13958);
#13958 = DEFINITIONAL_REPRESENTATION('',(#13959),#13963);
#13959 = LINE('',#13960,#13961);
#13960 = CARTESIAN_POINT('',(5.E-02,-2.621672136797E-33));
#13961 = VECTOR('',#13962,1.);
#13962 = DIRECTION('',(-2.080052407982E-46,-1.));
#13963 = ( GEOMETRIC_REPRESENTATION_CONTEXT(2) 
PARAMETRIC_REPRESENTATION_CONTEXT() REPRESENTATION_CONTEXT('2D SPACE',''
  ) );
#13964 = PCURVE('',#13732,#13965);
#13965 = DEFINITIONAL_REPRESENTATION('',(#13966),#13970);
#13966 = LINE('',#13967,#13968);
#13967 = CARTESIAN_POINT('',(4.712388980385,-2.288004773932E-31));
#13968 = VECTOR('',#13969,1.);
#13969 = DIRECTION('',(0.,1.));
#13970 = ( GEOMETRIC_REPRESENTATION_CONTEXT(2) 
PARAMETRIC_REPRESENTATION_CONTEXT() REPRESENTATION_CONTEXT('2D SPACE',''
  ) );
#13971 = ORIENTED_EDGE('',*,*,#13899,.F.);
#13972 = ORIENTED_EDGE('',*,*,#12552,.T.);
#13973 = ORIENTED_EDGE('',*,*,#13844,.T.);
#13974 = ADVANCED_FACE('',(#13975),#13732,.F.);
#13975 = FACE_BOUND('',#13976,.F.);
#13976 = EDGE_LOOP('',(#13977,#13978,#13979,#13980));
#13977 = ORIENTED_EDGE('',*,*,#13922,.F.);
#13978 = ORIENTED_EDGE('',*,*,#13716,.F.);
#13979 = ORIENTED_EDGE('',*,*,#13816,.T.);
#13980 = ORIENTED_EDGE('',*,*,#13951,.T.);
#13981 = ADVANCED_FACE('',(#13982),#9239,.T.);
#13982 = FACE_BOUND('',#13983,.T.);
#13983 = EDGE_LOOP('',(#13984,#13985,#13986,#13987,#13988,#13989));
#13984 = ORIENTED_EDGE('',*,*,#9223,.F.);
#13985 = ORIENTED_EDGE('',*,*,#12610,.T.);
#13986 = ORIENTED_EDGE('',*,*,#12368,.F.);
#13987 = ORIENTED_EDGE('',*,*,#12293,.F.);
#13988 = ORIENTED_EDGE('',*,*,#12266,.T.);
#13989 = ORIENTED_EDGE('',*,*,#13990,.F.);
#13990 = EDGE_CURVE('',#9224,#12244,#13991,.T.);
#13991 = SURFACE_CURVE('',#13992,(#13996,#14003),.PCURVE_S1.);
#13992 = LINE('',#13993,#13994);
#13993 = CARTESIAN_POINT('',(3.5,1.,0.841614));
#13994 = VECTOR('',#13995,1.);
#13995 = DIRECTION('',(-2.289834988289E-16,-1.065228634467E-16,-1.));
#13996 = PCURVE('',#9239,#13997);
#13997 = DEFINITIONAL_REPRESENTATION('',(#13998),#14002);
#13998 = LINE('',#13999,#14000);
#13999 = CARTESIAN_POINT('',(0.305137,3.250406698354E-17));
#14000 = VECTOR('',#14001,1.);
#14001 = DIRECTION('',(0.,-1.));
#14002 = ( GEOMETRIC_REPRESENTATION_CONTEXT(2) 
PARAMETRIC_REPRESENTATION_CONTEXT() REPRESENTATION_CONTEXT('2D SPACE',''
  ) );
#14003 = PCURVE('',#8887,#14004);
#14004 = DEFINITIONAL_REPRESENTATION('',(#14005),#14009);
#14005 = LINE('',#14006,#14007);
#14006 = CARTESIAN_POINT('',(-0.531614,-1.175));
#14007 = VECTOR('',#14008,1.);
#14008 = DIRECTION('',(1.,0.));
#14009 = ( GEOMETRIC_REPRESENTATION_CONTEXT(2) 
PARAMETRIC_REPRESENTATION_CONTEXT() REPRESENTATION_CONTEXT('2D SPACE',''
  ) );
#14010 = ADVANCED_FACE('',(#14011),#8887,.T.);
#14011 = FACE_BOUND('',#14012,.T.);
#14012 = EDGE_LOOP('',(#14013,#14036,#14059,#14087,#14108,#14109,#14110,
    #14111,#14112,#14113,#14134));
#14013 = ORIENTED_EDGE('',*,*,#14014,.F.);
#14014 = EDGE_CURVE('',#14015,#8844,#14017,.T.);
#14015 = VERTEX_POINT('',#14016);
#14016 = CARTESIAN_POINT('',(2.325,1.,0.31));
#14017 = SURFACE_CURVE('',#14018,(#14022,#14029),.PCURVE_S1.);
#14018 = LINE('',#14019,#14020);
#14019 = CARTESIAN_POINT('',(2.325,1.,0.841614));
#14020 = VECTOR('',#14021,1.);
#14021 = DIRECTION('',(-2.289834988289E-16,-1.065228634467E-16,-1.));
#14022 = PCURVE('',#8887,#14023);
#14023 = DEFINITIONAL_REPRESENTATION('',(#14024),#14028);
#14024 = LINE('',#14025,#14026);
#14025 = CARTESIAN_POINT('',(-0.531614,1.217308337464E-16));
#14026 = VECTOR('',#14027,1.);
#14027 = DIRECTION('',(1.,0.));
#14028 = ( GEOMETRIC_REPRESENTATION_CONTEXT(2) 
PARAMETRIC_REPRESENTATION_CONTEXT() REPRESENTATION_CONTEXT('2D SPACE',''
  ) );
#14029 = PCURVE('',#11637,#14030);
#14030 = DEFINITIONAL_REPRESENTATION('',(#14031),#14035);
#14031 = LINE('',#14032,#14033);
#14032 = CARTESIAN_POINT('',(-0.245779075398,0.671113768985));
#14033 = VECTOR('',#14034,1.);
#14034 = DIRECTION('',(-1.065228634467E-16,-1.));
#14035 = ( GEOMETRIC_REPRESENTATION_CONTEXT(2) 
PARAMETRIC_REPRESENTATION_CONTEXT() REPRESENTATION_CONTEXT('2D SPACE',''
  ) );
#14036 = ORIENTED_EDGE('',*,*,#14037,.F.);
#14037 = EDGE_CURVE('',#14038,#14015,#14040,.T.);
#14038 = VERTEX_POINT('',#14039);
#14039 = CARTESIAN_POINT('',(3.27,1.,0.31));
#14040 = SURFACE_CURVE('',#14041,(#14045,#14052),.PCURVE_S1.);
#14041 = LINE('',#14042,#14043);
#14042 = CARTESIAN_POINT('',(4.,1.,0.31));
#14043 = VECTOR('',#14044,1.);
#14044 = DIRECTION('',(-1.,5.243344273594E-32,2.289834988289E-16));
#14045 = PCURVE('',#8887,#14046);
#14046 = DEFINITIONAL_REPRESENTATION('',(#14047),#14051);
#14047 = LINE('',#14048,#14049);
#14048 = CARTESIAN_POINT('',(6.156533616242E-16,-1.675));
#14049 = VECTOR('',#14050,1.);
#14050 = DIRECTION('',(0.,1.));
#14051 = ( GEOMETRIC_REPRESENTATION_CONTEXT(2) 
PARAMETRIC_REPRESENTATION_CONTEXT() REPRESENTATION_CONTEXT('2D SPACE',''
  ) );
#14052 = PCURVE('',#530,#14053);
#14053 = DEFINITIONAL_REPRESENTATION('',(#14054),#14058);
#14054 = LINE('',#14055,#14056);
#14055 = CARTESIAN_POINT('',(-2.65,0.673724317761));
#14056 = VECTOR('',#14057,1.);
#14057 = DIRECTION('',(1.,2.736911063134E-48));
#14058 = ( GEOMETRIC_REPRESENTATION_CONTEXT(2) 
PARAMETRIC_REPRESENTATION_CONTEXT() REPRESENTATION_CONTEXT('2D SPACE',''
  ) );
#14059 = ORIENTED_EDGE('',*,*,#14060,.F.);
#14060 = EDGE_CURVE('',#14061,#14038,#14063,.T.);
#14061 = VERTEX_POINT('',#14062);
#14062 = CARTESIAN_POINT('',(3.4,1.,0.31));
#14063 = SURFACE_CURVE('',#14064,(#14068,#14075),.PCURVE_S1.);
#14064 = LINE('',#14065,#14066);
#14065 = CARTESIAN_POINT('',(-13.5,1.,0.31));
#14066 = VECTOR('',#14067,1.);
#14067 = DIRECTION('',(-1.,5.243344273594E-32,2.289834988289E-16));
#14068 = PCURVE('',#8887,#14069);
#14069 = DEFINITIONAL_REPRESENTATION('',(#14070),#14074);
#14070 = LINE('',#14071,#14072);
#14071 = CARTESIAN_POINT('',(-3.731390196826E-16,15.825));
#14072 = VECTOR('',#14073,1.);
#14073 = DIRECTION('',(0.,1.));
#14074 = ( GEOMETRIC_REPRESENTATION_CONTEXT(2) 
PARAMETRIC_REPRESENTATION_CONTEXT() REPRESENTATION_CONTEXT('2D SPACE',''
  ) );
#14075 = PCURVE('',#14076,#14081);
#14076 = PLANE('',#14077);
#14077 = AXIS2_PLACEMENT_3D('',#14078,#14079,#14080);
#14078 = CARTESIAN_POINT('',(3.3,0.29,0.31));
#14079 = DIRECTION('',(-2.289834988289E-16,-1.065228634467E-16,-1.));
#14080 = DIRECTION('',(2.804146475864E-32,1.,-1.065228634467E-16));
#14081 = DEFINITIONAL_REPRESENTATION('',(#14082),#14086);
#14082 = LINE('',#14083,#14084);
#14083 = CARTESIAN_POINT('',(0.71,-16.8));
#14084 = VECTOR('',#14085,1.);
#14085 = DIRECTION('',(-9.031806508344E-47,-1.));
#14086 = ( GEOMETRIC_REPRESENTATION_CONTEXT(2) 
PARAMETRIC_REPRESENTATION_CONTEXT() REPRESENTATION_CONTEXT('2D SPACE',''
  ) );
#14087 = ORIENTED_EDGE('',*,*,#14088,.F.);
#14088 = EDGE_CURVE('',#9252,#14061,#14089,.T.);
#14089 = SURFACE_CURVE('',#14090,(#14094,#14101),.PCURVE_S1.);
#14090 = LINE('',#14091,#14092);
#14091 = CARTESIAN_POINT('',(3.4,1.,0.841614));
#14092 = VECTOR('',#14093,1.);
#14093 = DIRECTION('',(-2.289834988289E-16,-1.065228634467E-16,-1.));
#14094 = PCURVE('',#8887,#14095);
#14095 = DEFINITIONAL_REPRESENTATION('',(#14096),#14100);
#14096 = LINE('',#14097,#14098);
#14097 = CARTESIAN_POINT('',(-0.531614,-1.075));
#14098 = VECTOR('',#14099,1.);
#14099 = DIRECTION('',(1.,0.));
#14100 = ( GEOMETRIC_REPRESENTATION_CONTEXT(2) 
PARAMETRIC_REPRESENTATION_CONTEXT() REPRESENTATION_CONTEXT('2D SPACE',''
  ) );
#14101 = PCURVE('',#9290,#14102);
#14102 = DEFINITIONAL_REPRESENTATION('',(#14103),#14107);
#14103 = LINE('',#14104,#14105);
#14104 = CARTESIAN_POINT('',(7.071067811865E-02,0.166614));
#14105 = VECTOR('',#14106,1.);
#14106 = DIRECTION('',(1.962615573355E-16,-1.));
#14107 = ( GEOMETRIC_REPRESENTATION_CONTEXT(2) 
PARAMETRIC_REPRESENTATION_CONTEXT() REPRESENTATION_CONTEXT('2D SPACE',''
  ) );
#14108 = ORIENTED_EDGE('',*,*,#9251,.T.);
#14109 = ORIENTED_EDGE('',*,*,#13990,.T.);
#14110 = ORIENTED_EDGE('',*,*,#12243,.F.);
#14111 = ORIENTED_EDGE('',*,*,#12143,.T.);
#14112 = ORIENTED_EDGE('',*,*,#10005,.F.);
#14113 = ORIENTED_EDGE('',*,*,#14114,.F.);
#14114 = EDGE_CURVE('',#8872,#9983,#14115,.T.);
#14115 = SURFACE_CURVE('',#14116,(#14120,#14127),.PCURVE_S1.);
#14116 = LINE('',#14117,#14118);
#14117 = CARTESIAN_POINT('',(-13.5,1.,15.98));
#14118 = VECTOR('',#14119,1.);
#14119 = DIRECTION('',(0.707106781187,-1.064046335705E-16,
    -0.707106781187));
#14120 = PCURVE('',#8887,#14121);
#14121 = DEFINITIONAL_REPRESENTATION('',(#14122),#14126);
#14122 = LINE('',#14123,#14124);
#14123 = CARTESIAN_POINT('',(-15.67,15.825));
#14124 = VECTOR('',#14125,1.);
#14125 = DIRECTION('',(0.707106781187,-0.707106781187));
#14126 = ( GEOMETRIC_REPRESENTATION_CONTEXT(2) 
PARAMETRIC_REPRESENTATION_CONTEXT() REPRESENTATION_CONTEXT('2D SPACE',''
  ) );
#14127 = PCURVE('',#8913,#14128);
#14128 = DEFINITIONAL_REPRESENTATION('',(#14129),#14133);
#14129 = LINE('',#14130,#14131);
#14130 = CARTESIAN_POINT('',(22.521350980791,-0.15));
#14131 = VECTOR('',#14132,1.);
#14132 = DIRECTION('',(-1.,-5.551115123126E-17));
#14133 = ( GEOMETRIC_REPRESENTATION_CONTEXT(2) 
PARAMETRIC_REPRESENTATION_CONTEXT() REPRESENTATION_CONTEXT('2D SPACE',''
  ) );
#14134 = ORIENTED_EDGE('',*,*,#8871,.F.);
#14135 = ADVANCED_FACE('',(#14136),#14150,.T.);
#14136 = FACE_BOUND('',#14137,.T.);
#14137 = EDGE_LOOP('',(#14138,#14173,#14201,#14230,#14258,#14286,#14314,
    #14342,#14371,#14399,#14422));
#14138 = ORIENTED_EDGE('',*,*,#14139,.T.);
#14139 = EDGE_CURVE('',#14140,#14142,#14144,.T.);
#14140 = VERTEX_POINT('',#14141);
#14141 = CARTESIAN_POINT('',(1.325,1.,8.E-02));
#14142 = VERTEX_POINT('',#14143);
#14143 = CARTESIAN_POINT('',(1.325,1.,7.866077735406E-02));
#14144 = SURFACE_CURVE('',#14145,(#14149,#14161),.PCURVE_S1.);
#14145 = LINE('',#14146,#14147);
#14146 = CARTESIAN_POINT('',(1.325,1.,0.841614));
#14147 = VECTOR('',#14148,1.);
#14148 = DIRECTION('',(-2.289834988289E-16,-1.065228634467E-16,-1.));
#14149 = PCURVE('',#14150,#14155);
#14150 = PLANE('',#14151);
#14151 = AXIS2_PLACEMENT_3D('',#14152,#14153,#14154);
#14152 = CARTESIAN_POINT('',(1.325,1.245779075398,0.170500231015));
#14153 = DIRECTION('',(1.,-5.243344273594E-32,-2.289834988289E-16));
#14154 = DIRECTION('',(5.243344273594E-32,1.,0.));
#14155 = DEFINITIONAL_REPRESENTATION('',(#14156),#14160);
#14156 = LINE('',#14157,#14158);
#14157 = CARTESIAN_POINT('',(-0.245779075398,0.671113768985));
#14158 = VECTOR('',#14159,1.);
#14159 = DIRECTION('',(-1.065228634467E-16,-1.));
#14160 = ( GEOMETRIC_REPRESENTATION_CONTEXT(2) 
PARAMETRIC_REPRESENTATION_CONTEXT() REPRESENTATION_CONTEXT('2D SPACE',''
  ) );
#14161 = PCURVE('',#14162,#14167);
#14162 = PLANE('',#14163);
#14163 = AXIS2_PLACEMENT_3D('',#14164,#14165,#14166);
#14164 = CARTESIAN_POINT('',(1.325,1.,7.866077735406E-02));
#14165 = DIRECTION('',(2.804146475864E-32,1.,-1.065228634467E-16));
#14166 = DIRECTION('',(-2.289834988289E-16,-1.065228634467E-16,-1.));
#14167 = DEFINITIONAL_REPRESENTATION('',(#14168),#14172);
#14168 = LINE('',#14169,#14170);
#14169 = CARTESIAN_POINT('',(-0.762953222646,1.747036983643E-16));
#14170 = VECTOR('',#14171,1.);
#14171 = DIRECTION('',(1.,0.));
#14172 = ( GEOMETRIC_REPRESENTATION_CONTEXT(2) 
PARAMETRIC_REPRESENTATION_CONTEXT() REPRESENTATION_CONTEXT('2D SPACE',''
  ) );
#14173 = ORIENTED_EDGE('',*,*,#14174,.F.);
#14174 = EDGE_CURVE('',#14175,#14142,#14177,.T.);
#14175 = VERTEX_POINT('',#14176);
#14176 = CARTESIAN_POINT('',(1.325,0.943186633611,6.541154699934E-02));
#14177 = SURFACE_CURVE('',#14178,(#14182,#14189),.PCURVE_S1.);
#14178 = LINE('',#14179,#14180);
#14179 = CARTESIAN_POINT('',(1.325,0.694863,7.500931358165E-03));
#14180 = VECTOR('',#14181,1.);
#14181 = DIRECTION('',(5.200494915182E-17,0.973868596229,0.227112212966)
  );
#14182 = PCURVE('',#14150,#14183);
#14183 = DEFINITIONAL_REPRESENTATION('',(#14184),#14188);
#14184 = LINE('',#14185,#14186);
#14185 = CARTESIAN_POINT('',(-0.550916075398,-0.162999299657));
#14186 = VECTOR('',#14187,1.);
#14187 = DIRECTION('',(0.973868596229,0.227112212966));
#14188 = ( GEOMETRIC_REPRESENTATION_CONTEXT(2) 
PARAMETRIC_REPRESENTATION_CONTEXT() REPRESENTATION_CONTEXT('2D SPACE',''
  ) );
#14189 = PCURVE('',#14190,#14195);
#14190 = PLANE('',#14191);
#14191 = AXIS2_PLACEMENT_3D('',#14192,#14193,#14194);
#14192 = CARTESIAN_POINT('',(1.175,0.943186633611,6.541154699934E-02));
#14193 = DIRECTION('',(2.229998385642E-16,-0.227112212966,0.973868596229
    ));
#14194 = DIRECTION('',(5.200494915182E-17,0.973868596229,0.227112212966)
  );
#14195 = DEFINITIONAL_REPRESENTATION('',(#14196),#14200);
#14196 = LINE('',#14197,#14198);
#14197 = CARTESIAN_POINT('',(-0.254986796548,-0.15));
#14198 = VECTOR('',#14199,1.);
#14199 = DIRECTION('',(1.,-3.697785493223E-32));
#14200 = ( GEOMETRIC_REPRESENTATION_CONTEXT(2) 
PARAMETRIC_REPRESENTATION_CONTEXT() REPRESENTATION_CONTEXT('2D SPACE',''
  ) );
#14201 = ORIENTED_EDGE('',*,*,#14202,.T.);
#14202 = EDGE_CURVE('',#14175,#14203,#14205,.T.);
#14203 = VERTEX_POINT('',#14204);
#14204 = CARTESIAN_POINT('',(1.325,0.92,3.619548911246E-02));
#14205 = SURFACE_CURVE('',#14206,(#14211,#14218),.PCURVE_S1.);
#14206 = CIRCLE('',#14207,3.E-02);
#14207 = AXIS2_PLACEMENT_3D('',#14208,#14209,#14210);
#14208 = CARTESIAN_POINT('',(1.325,0.95,3.619548911246E-02));
#14209 = DIRECTION('',(1.,-5.243344273594E-32,-2.289834988289E-16));
#14210 = DIRECTION('',(-2.080052407982E-46,1.,-2.289834988289E-16));
#14211 = PCURVE('',#14150,#14212);
#14212 = DEFINITIONAL_REPRESENTATION('',(#14213),#14217);
#14213 = CIRCLE('',#14214,3.E-02);
#14214 = AXIS2_PLACEMENT_2D('',#14215,#14216);
#14215 = CARTESIAN_POINT('',(-0.295779075398,-0.134304741903));
#14216 = DIRECTION('',(1.,-2.289834988289E-16));
#14217 = ( GEOMETRIC_REPRESENTATION_CONTEXT(2) 
PARAMETRIC_REPRESENTATION_CONTEXT() REPRESENTATION_CONTEXT('2D SPACE',''
  ) );
#14218 = PCURVE('',#14219,#14224);
#14219 = CYLINDRICAL_SURFACE('',#14220,3.E-02);
#14220 = AXIS2_PLACEMENT_3D('',#14221,#14222,#14223);
#14221 = CARTESIAN_POINT('',(1.175,0.95,3.619548911246E-02));
#14222 = DIRECTION('',(1.,-5.243344273594E-32,-2.289834988289E-16));
#14223 = DIRECTION('',(-2.080052407982E-46,1.,-2.289834988289E-16));
#14224 = DEFINITIONAL_REPRESENTATION('',(#14225),#14229);
#14225 = LINE('',#14226,#14227);
#14226 = CARTESIAN_POINT('',(-2.22044604925E-16,0.15));
#14227 = VECTOR('',#14228,1.);
#14228 = DIRECTION('',(1.,0.));
#14229 = ( GEOMETRIC_REPRESENTATION_CONTEXT(2) 
PARAMETRIC_REPRESENTATION_CONTEXT() REPRESENTATION_CONTEXT('2D SPACE',''
  ) );
#14230 = ORIENTED_EDGE('',*,*,#14231,.F.);
#14231 = EDGE_CURVE('',#14232,#14203,#14234,.T.);
#14232 = VERTEX_POINT('',#14233);
#14233 = CARTESIAN_POINT('',(1.325,0.92,-1.221245327088E-15));
#14234 = SURFACE_CURVE('',#14235,(#14239,#14246),.PCURVE_S1.);
#14235 = LINE('',#14236,#14237);
#14236 = CARTESIAN_POINT('',(1.325,0.92,0.841614));
#14237 = VECTOR('',#14238,1.);
#14238 = DIRECTION('',(2.289834988289E-16,2.289834988289E-16,1.));
#14239 = PCURVE('',#14150,#14240);
#14240 = DEFINITIONAL_REPRESENTATION('',(#14241),#14245);
#14241 = LINE('',#14242,#14243);
#14242 = CARTESIAN_POINT('',(-0.325779075398,0.671113768985));
#14243 = VECTOR('',#14244,1.);
#14244 = DIRECTION('',(2.289834988289E-16,1.));
#14245 = ( GEOMETRIC_REPRESENTATION_CONTEXT(2) 
PARAMETRIC_REPRESENTATION_CONTEXT() REPRESENTATION_CONTEXT('2D SPACE',''
  ) );
#14246 = PCURVE('',#14247,#14252);
#14247 = PLANE('',#14248);
#14248 = AXIS2_PLACEMENT_3D('',#14249,#14250,#14251);
#14249 = CARTESIAN_POINT('',(1.175,0.92,-1.110223024625E-15));
#14250 = DIRECTION('',(0.,-1.,2.289834988289E-16));
#14251 = DIRECTION('',(2.289834988289E-16,2.289834988289E-16,1.));
#14252 = DEFINITIONAL_REPRESENTATION('',(#14253),#14257);
#14253 = LINE('',#14254,#14255);
#14254 = CARTESIAN_POINT('',(0.841614,-0.15));
#14255 = VECTOR('',#14256,1.);
#14256 = DIRECTION('',(1.,0.));
#14257 = ( GEOMETRIC_REPRESENTATION_CONTEXT(2) 
PARAMETRIC_REPRESENTATION_CONTEXT() REPRESENTATION_CONTEXT('2D SPACE',''
  ) );
#14258 = ORIENTED_EDGE('',*,*,#14259,.F.);
#14259 = EDGE_CURVE('',#14260,#14232,#14262,.T.);
#14260 = VERTEX_POINT('',#14261);
#14261 = CARTESIAN_POINT('',(1.325,1.25,-1.33226762955E-15));
#14262 = SURFACE_CURVE('',#14263,(#14267,#14274),.PCURVE_S1.);
#14263 = LINE('',#14264,#14265);
#14264 = CARTESIAN_POINT('',(1.325,0.694863,-1.221245327088E-15));
#14265 = VECTOR('',#14266,1.);
#14266 = DIRECTION('',(0.,-1.,2.289834988289E-16));
#14267 = PCURVE('',#14150,#14268);
#14268 = DEFINITIONAL_REPRESENTATION('',(#14269),#14273);
#14269 = LINE('',#14270,#14271);
#14270 = CARTESIAN_POINT('',(-0.550916075398,-0.170500231015));
#14271 = VECTOR('',#14272,1.);
#14272 = DIRECTION('',(-1.,2.289834988289E-16));
#14273 = ( GEOMETRIC_REPRESENTATION_CONTEXT(2) 
PARAMETRIC_REPRESENTATION_CONTEXT() REPRESENTATION_CONTEXT('2D SPACE',''
  ) );
#14274 = PCURVE('',#14275,#14280);
#14275 = PLANE('',#14276);
#14276 = AXIS2_PLACEMENT_3D('',#14277,#14278,#14279);
#14277 = CARTESIAN_POINT('',(1.175,1.25,-1.221245327088E-15));
#14278 = DIRECTION('',(-2.289834988289E-16,-2.289834988289E-16,-1.));
#14279 = DIRECTION('',(0.,-1.,2.289834988289E-16));
#14280 = DEFINITIONAL_REPRESENTATION('',(#14281),#14285);
#14281 = LINE('',#14282,#14283);
#14282 = CARTESIAN_POINT('',(0.555137,-0.15));
#14283 = VECTOR('',#14284,1.);
#14284 = DIRECTION('',(1.,0.));
#14285 = ( GEOMETRIC_REPRESENTATION_CONTEXT(2) 
PARAMETRIC_REPRESENTATION_CONTEXT() REPRESENTATION_CONTEXT('2D SPACE',''
  ) );
#14286 = ORIENTED_EDGE('',*,*,#14287,.F.);
#14287 = EDGE_CURVE('',#14288,#14260,#14290,.T.);
#14288 = VERTEX_POINT('',#14289);
#14289 = CARTESIAN_POINT('',(1.325,1.3,5.E-02));
#14290 = SURFACE_CURVE('',#14291,(#14295,#14302),.PCURVE_S1.);
#14291 = LINE('',#14292,#14293);
#14292 = CARTESIAN_POINT('',(1.325,0.694863,-0.555137));
#14293 = VECTOR('',#14294,1.);
#14294 = DIRECTION('',(-1.619157848018E-16,-0.707106781187,
    -0.707106781186));
#14295 = PCURVE('',#14150,#14296);
#14296 = DEFINITIONAL_REPRESENTATION('',(#14297),#14301);
#14297 = LINE('',#14298,#14299);
#14298 = CARTESIAN_POINT('',(-0.550916075398,-0.725637231015));
#14299 = VECTOR('',#14300,1.);
#14300 = DIRECTION('',(-0.707106781187,-0.707106781186));
#14301 = ( GEOMETRIC_REPRESENTATION_CONTEXT(2) 
PARAMETRIC_REPRESENTATION_CONTEXT() REPRESENTATION_CONTEXT('2D SPACE',''
  ) );
#14302 = PCURVE('',#14303,#14308);
#14303 = PLANE('',#14304);
#14304 = AXIS2_PLACEMENT_3D('',#14305,#14306,#14307);
#14305 = CARTESIAN_POINT('',(1.175,1.3,5.E-02));
#14306 = DIRECTION('',(-1.619157848018E-16,0.707106781186,
    -0.707106781187));
#14307 = DIRECTION('',(-1.619157848018E-16,-0.707106781187,
    -0.707106781186));
#14308 = DEFINITIONAL_REPRESENTATION('',(#14309),#14313);
#14309 = LINE('',#14310,#14311);
#14310 = CARTESIAN_POINT('',(0.855792952494,-0.15));
#14311 = VECTOR('',#14312,1.);
#14312 = DIRECTION('',(1.,-7.395570986447E-32));
#14313 = ( GEOMETRIC_REPRESENTATION_CONTEXT(2) 
PARAMETRIC_REPRESENTATION_CONTEXT() REPRESENTATION_CONTEXT('2D SPACE',''
  ) );
#14314 = ORIENTED_EDGE('',*,*,#14315,.F.);
#14315 = EDGE_CURVE('',#14316,#14288,#14318,.T.);
#14316 = VERTEX_POINT('',#14317);
#14317 = CARTESIAN_POINT('',(1.325,1.3,0.11));
#14318 = SURFACE_CURVE('',#14319,(#14323,#14330),.PCURVE_S1.);
#14319 = LINE('',#14320,#14321);
#14320 = CARTESIAN_POINT('',(1.325,1.3,0.841614));
#14321 = VECTOR('',#14322,1.);
#14322 = DIRECTION('',(-2.289834988289E-16,-2.289834988289E-16,-1.));
#14323 = PCURVE('',#14150,#14324);
#14324 = DEFINITIONAL_REPRESENTATION('',(#14325),#14329);
#14325 = LINE('',#14326,#14327);
#14326 = CARTESIAN_POINT('',(5.422092460224E-02,0.671113768985));
#14327 = VECTOR('',#14328,1.);
#14328 = DIRECTION('',(-2.289834988289E-16,-1.));
#14329 = ( GEOMETRIC_REPRESENTATION_CONTEXT(2) 
PARAMETRIC_REPRESENTATION_CONTEXT() REPRESENTATION_CONTEXT('2D SPACE',''
  ) );
#14330 = PCURVE('',#14331,#14336);
#14331 = PLANE('',#14332);
#14332 = AXIS2_PLACEMENT_3D('',#14333,#14334,#14335);
#14333 = CARTESIAN_POINT('',(1.175,1.3,0.11));
#14334 = DIRECTION('',(0.,1.,-2.289834988289E-16));
#14335 = DIRECTION('',(-2.289834988289E-16,-2.289834988289E-16,-1.));
#14336 = DEFINITIONAL_REPRESENTATION('',(#14337),#14341);
#14337 = LINE('',#14338,#14339);
#14338 = CARTESIAN_POINT('',(-0.731614,-0.15));
#14339 = VECTOR('',#14340,1.);
#14340 = DIRECTION('',(1.,0.));
#14341 = ( GEOMETRIC_REPRESENTATION_CONTEXT(2) 
PARAMETRIC_REPRESENTATION_CONTEXT() REPRESENTATION_CONTEXT('2D SPACE',''
  ) );
#14342 = ORIENTED_EDGE('',*,*,#14343,.F.);
#14343 = EDGE_CURVE('',#14344,#14316,#14346,.T.);
#14344 = VERTEX_POINT('',#14345);
#14345 = CARTESIAN_POINT('',(1.325,1.35,0.16));
#14346 = SURFACE_CURVE('',#14347,(#14352,#14359),.PCURVE_S1.);
#14347 = CIRCLE('',#14348,5.E-02);
#14348 = AXIS2_PLACEMENT_3D('',#14349,#14350,#14351);
#14349 = CARTESIAN_POINT('',(1.325,1.35,0.11));
#14350 = DIRECTION('',(1.,-5.243344273594E-32,-2.289834988289E-16));
#14351 = DIRECTION('',(-2.080052407982E-46,1.,-2.289834988289E-16));
#14352 = PCURVE('',#14150,#14353);
#14353 = DEFINITIONAL_REPRESENTATION('',(#14354),#14358);
#14354 = CIRCLE('',#14355,5.E-02);
#14355 = AXIS2_PLACEMENT_2D('',#14356,#14357);
#14356 = CARTESIAN_POINT('',(0.104220924602,-6.050023101547E-02));
#14357 = DIRECTION('',(1.,-2.289834988289E-16));
#14358 = ( GEOMETRIC_REPRESENTATION_CONTEXT(2) 
PARAMETRIC_REPRESENTATION_CONTEXT() REPRESENTATION_CONTEXT('2D SPACE',''
  ) );
#14359 = PCURVE('',#14360,#14365);
#14360 = CYLINDRICAL_SURFACE('',#14361,5.E-02);
#14361 = AXIS2_PLACEMENT_3D('',#14362,#14363,#14364);
#14362 = CARTESIAN_POINT('',(1.175,1.35,0.11));
#14363 = DIRECTION('',(1.,-5.243344273594E-32,-2.289834988289E-16));
#14364 = DIRECTION('',(-2.080052407982E-46,1.,-2.289834988289E-16));
#14365 = DEFINITIONAL_REPRESENTATION('',(#14366),#14370);
#14366 = LINE('',#14367,#14368);
#14367 = CARTESIAN_POINT('',(-2.22044604925E-16,0.15));
#14368 = VECTOR('',#14369,1.);
#14369 = DIRECTION('',(1.,0.));
#14370 = ( GEOMETRIC_REPRESENTATION_CONTEXT(2) 
PARAMETRIC_REPRESENTATION_CONTEXT() REPRESENTATION_CONTEXT('2D SPACE',''
  ) );
#14371 = ORIENTED_EDGE('',*,*,#14372,.F.);
#14372 = EDGE_CURVE('',#14373,#14344,#14375,.T.);
#14373 = VERTEX_POINT('',#14374);
#14374 = CARTESIAN_POINT('',(1.325,1.35,0.31));
#14375 = SURFACE_CURVE('',#14376,(#14380,#14387),.PCURVE_S1.);
#14376 = LINE('',#14377,#14378);
#14377 = CARTESIAN_POINT('',(1.325,1.35,0.841614));
#14378 = VECTOR('',#14379,1.);
#14379 = DIRECTION('',(-2.289834988289E-16,-2.289834988289E-16,-1.));
#14380 = PCURVE('',#14150,#14381);
#14381 = DEFINITIONAL_REPRESENTATION('',(#14382),#14386);
#14382 = LINE('',#14383,#14384);
#14383 = CARTESIAN_POINT('',(0.104220924602,0.671113768985));
#14384 = VECTOR('',#14385,1.);
#14385 = DIRECTION('',(-2.289834988289E-16,-1.));
#14386 = ( GEOMETRIC_REPRESENTATION_CONTEXT(2) 
PARAMETRIC_REPRESENTATION_CONTEXT() REPRESENTATION_CONTEXT('2D SPACE',''
  ) );
#14387 = PCURVE('',#14388,#14393);
#14388 = PLANE('',#14389);
#14389 = AXIS2_PLACEMENT_3D('',#14390,#14391,#14392);
#14390 = CARTESIAN_POINT('',(1.175,1.35,0.31));
#14391 = DIRECTION('',(0.,1.,-2.289834988289E-16));
#14392 = DIRECTION('',(-2.289834988289E-16,-2.289834988289E-16,-1.));
#14393 = DEFINITIONAL_REPRESENTATION('',(#14394),#14398);
#14394 = LINE('',#14395,#14396);
#14395 = CARTESIAN_POINT('',(-0.531614,-0.15));
#14396 = VECTOR('',#14397,1.);
#14397 = DIRECTION('',(1.,0.));
#14398 = ( GEOMETRIC_REPRESENTATION_CONTEXT(2) 
PARAMETRIC_REPRESENTATION_CONTEXT() REPRESENTATION_CONTEXT('2D SPACE',''
  ) );
#14399 = ORIENTED_EDGE('',*,*,#14400,.F.);
#14400 = EDGE_CURVE('',#14401,#14373,#14403,.T.);
#14401 = VERTEX_POINT('',#14402);
#14402 = CARTESIAN_POINT('',(1.325,1.,0.31));
#14403 = SURFACE_CURVE('',#14404,(#14408,#14415),.PCURVE_S1.);
#14404 = LINE('',#14405,#14406);
#14405 = CARTESIAN_POINT('',(1.325,0.694863,0.31));
#14406 = VECTOR('',#14407,1.);
#14407 = DIRECTION('',(2.804146475864E-32,1.,-1.065228634467E-16));
#14408 = PCURVE('',#14150,#14409);
#14409 = DEFINITIONAL_REPRESENTATION('',(#14410),#14414);
#14410 = LINE('',#14411,#14412);
#14411 = CARTESIAN_POINT('',(-0.550916075398,0.139499768985));
#14412 = VECTOR('',#14413,1.);
#14413 = DIRECTION('',(1.,-1.065228634467E-16));
#14414 = ( GEOMETRIC_REPRESENTATION_CONTEXT(2) 
PARAMETRIC_REPRESENTATION_CONTEXT() REPRESENTATION_CONTEXT('2D SPACE',''
  ) );
#14415 = PCURVE('',#530,#14416);
#14416 = DEFINITIONAL_REPRESENTATION('',(#14417),#14421);
#14417 = LINE('',#14418,#14419);
#14418 = CARTESIAN_POINT('',(2.5E-02,0.978861317761));
#14419 = VECTOR('',#14420,1.);
#14420 = DIRECTION('',(-9.031806508344E-47,-1.));
#14421 = ( GEOMETRIC_REPRESENTATION_CONTEXT(2) 
PARAMETRIC_REPRESENTATION_CONTEXT() REPRESENTATION_CONTEXT('2D SPACE',''
  ) );
#14422 = ORIENTED_EDGE('',*,*,#14423,.T.);
#14423 = EDGE_CURVE('',#14401,#14140,#14424,.T.);
#14424 = SURFACE_CURVE('',#14425,(#14429,#14436),.PCURVE_S1.);
#14425 = LINE('',#14426,#14427);
#14426 = CARTESIAN_POINT('',(1.325,1.,0.841614));
#14427 = VECTOR('',#14428,1.);
#14428 = DIRECTION('',(-2.289834988289E-16,-1.065228634467E-16,-1.));
#14429 = PCURVE('',#14150,#14430);
#14430 = DEFINITIONAL_REPRESENTATION('',(#14431),#14435);
#14431 = LINE('',#14432,#14433);
#14432 = CARTESIAN_POINT('',(-0.245779075398,0.671113768985));
#14433 = VECTOR('',#14434,1.);
#14434 = DIRECTION('',(-1.065228634467E-16,-1.));
#14435 = ( GEOMETRIC_REPRESENTATION_CONTEXT(2) 
PARAMETRIC_REPRESENTATION_CONTEXT() REPRESENTATION_CONTEXT('2D SPACE',''
  ) );
#14436 = PCURVE('',#9875,#14437);
#14437 = DEFINITIONAL_REPRESENTATION('',(#14438),#14442);
#14438 = LINE('',#14439,#14440);
#14439 = CARTESIAN_POINT('',(-0.531614,4.));
#14440 = VECTOR('',#14441,1.);
#14441 = DIRECTION('',(1.,0.));
#14442 = ( GEOMETRIC_REPRESENTATION_CONTEXT(2) 
PARAMETRIC_REPRESENTATION_CONTEXT() REPRESENTATION_CONTEXT('2D SPACE',''
  ) );
#14443 = ADVANCED_FACE('',(#14444),#530,.F.);
#14444 = FACE_BOUND('',#14445,.T.);
#14445 = EDGE_LOOP('',(#14446,#14447,#14468,#14469,#14492,#14513,#14514,
    #14537,#14565,#14593,#14621,#14642,#14643,#14666,#14694,#14717,
    #14745,#14773,#14801,#14824,#14852,#14880,#14908,#14929,#14930,
    #14931,#14932,#14933,#14934,#14935,#14936,#14937,#14938,#14939,
    #14940,#14941,#14942,#14943,#14944,#14945,#14946,#14947,#14948,
    #14949));
#14446 = ORIENTED_EDGE('',*,*,#11759,.F.);
#14447 = ORIENTED_EDGE('',*,*,#14448,.T.);
#14448 = EDGE_CURVE('',#11737,#14038,#14449,.T.);
#14449 = SURFACE_CURVE('',#14450,(#14454,#14461),.PCURVE_S1.);
#14450 = LINE('',#14451,#14452);
#14451 = CARTESIAN_POINT('',(3.27,1.045602317761,0.31));
#14452 = VECTOR('',#14453,1.);
#14453 = DIRECTION('',(-2.804146475864E-32,-1.,1.065228634467E-16));
#14454 = PCURVE('',#530,#14455);
#14455 = DEFINITIONAL_REPRESENTATION('',(#14456),#14460);
#14456 = LINE('',#14457,#14458);
#14457 = CARTESIAN_POINT('',(-1.92,0.628122));
#14458 = VECTOR('',#14459,1.);
#14459 = DIRECTION('',(9.031806508344E-47,1.));
#14460 = ( GEOMETRIC_REPRESENTATION_CONTEXT(2) 
PARAMETRIC_REPRESENTATION_CONTEXT() REPRESENTATION_CONTEXT('2D SPACE',''
  ) );
#14461 = PCURVE('',#4637,#14462);
#14462 = DEFINITIONAL_REPRESENTATION('',(#14463),#14467);
#14463 = LINE('',#14464,#14465);
#14464 = CARTESIAN_POINT('',(-1.176766594325E-16,1.104708));
#14465 = VECTOR('',#14466,1.);
#14466 = DIRECTION('',(-1.,0.));
#14467 = ( GEOMETRIC_REPRESENTATION_CONTEXT(2) 
PARAMETRIC_REPRESENTATION_CONTEXT() REPRESENTATION_CONTEXT('2D SPACE',''
  ) );
#14468 = ORIENTED_EDGE('',*,*,#14037,.T.);
#14469 = ORIENTED_EDGE('',*,*,#14470,.F.);
#14470 = EDGE_CURVE('',#14471,#14015,#14473,.T.);
#14471 = VERTEX_POINT('',#14472);
#14472 = CARTESIAN_POINT('',(2.325,1.35,0.31));
#14473 = SURFACE_CURVE('',#14474,(#14478,#14485),.PCURVE_S1.);
#14474 = LINE('',#14475,#14476);
#14475 = CARTESIAN_POINT('',(2.325,0.694863,0.31));
#14476 = VECTOR('',#14477,1.);
#14477 = DIRECTION('',(-2.804146475864E-32,-1.,1.065228634467E-16));
#14478 = PCURVE('',#530,#14479);
#14479 = DEFINITIONAL_REPRESENTATION('',(#14480),#14484);
#14480 = LINE('',#14481,#14482);
#14481 = CARTESIAN_POINT('',(-0.975,0.978861317761));
#14482 = VECTOR('',#14483,1.);
#14483 = DIRECTION('',(9.031806508344E-47,1.));
#14484 = ( GEOMETRIC_REPRESENTATION_CONTEXT(2) 
PARAMETRIC_REPRESENTATION_CONTEXT() REPRESENTATION_CONTEXT('2D SPACE',''
  ) );
#14485 = PCURVE('',#11637,#14486);
#14486 = DEFINITIONAL_REPRESENTATION('',(#14487),#14491);
#14487 = LINE('',#14488,#14489);
#14488 = CARTESIAN_POINT('',(-0.550916075398,0.139499768985));
#14489 = VECTOR('',#14490,1.);
#14490 = DIRECTION('',(-1.,1.065228634467E-16));
#14491 = ( GEOMETRIC_REPRESENTATION_CONTEXT(2) 
PARAMETRIC_REPRESENTATION_CONTEXT() REPRESENTATION_CONTEXT('2D SPACE',''
  ) );
#14492 = ORIENTED_EDGE('',*,*,#14493,.F.);
#14493 = EDGE_CURVE('',#11155,#14471,#14494,.T.);
#14494 = SURFACE_CURVE('',#14495,(#14499,#14506),.PCURVE_S1.);
#14495 = LINE('',#14496,#14497);
#14496 = CARTESIAN_POINT('',(4.5,1.35,0.31));
#14497 = VECTOR('',#14498,1.);
#14498 = DIRECTION('',(1.,-5.243344273594E-32,-2.289834988289E-16));
#14499 = PCURVE('',#530,#14500);
#14500 = DEFINITIONAL_REPRESENTATION('',(#14501),#14505);
#14501 = LINE('',#14502,#14503);
#14502 = CARTESIAN_POINT('',(-3.15,0.323724317761));
#14503 = VECTOR('',#14504,1.);
#14504 = DIRECTION('',(-1.,-2.736911063134E-48));
#14505 = ( GEOMETRIC_REPRESENTATION_CONTEXT(2) 
PARAMETRIC_REPRESENTATION_CONTEXT() REPRESENTATION_CONTEXT('2D SPACE',''
  ) );
#14506 = PCURVE('',#11193,#14507);
#14507 = DEFINITIONAL_REPRESENTATION('',(#14508),#14512);
#14508 = LINE('',#14509,#14510);
#14509 = CARTESIAN_POINT('',(2.465215531711E-15,-2.325));
#14510 = VECTOR('',#14511,1.);
#14511 = DIRECTION('',(0.,-1.));
#14512 = ( GEOMETRIC_REPRESENTATION_CONTEXT(2) 
PARAMETRIC_REPRESENTATION_CONTEXT() REPRESENTATION_CONTEXT('2D SPACE',''
  ) );
#14513 = ORIENTED_EDGE('',*,*,#11154,.T.);
#14514 = ORIENTED_EDGE('',*,*,#14515,.F.);
#14515 = EDGE_CURVE('',#14516,#11127,#14518,.T.);
#14516 = VERTEX_POINT('',#14517);
#14517 = CARTESIAN_POINT('',(1.825,1.,0.31));
#14518 = SURFACE_CURVE('',#14519,(#14523,#14530),.PCURVE_S1.);
#14519 = LINE('',#14520,#14521);
#14520 = CARTESIAN_POINT('',(4.,1.,0.31));
#14521 = VECTOR('',#14522,1.);
#14522 = DIRECTION('',(1.,-5.243344273594E-32,-2.289834988289E-16));
#14523 = PCURVE('',#530,#14524);
#14524 = DEFINITIONAL_REPRESENTATION('',(#14525),#14529);
#14525 = LINE('',#14526,#14527);
#14526 = CARTESIAN_POINT('',(-2.65,0.673724317761));
#14527 = VECTOR('',#14528,1.);
#14528 = DIRECTION('',(-1.,-2.736911063134E-48));
#14529 = ( GEOMETRIC_REPRESENTATION_CONTEXT(2) 
PARAMETRIC_REPRESENTATION_CONTEXT() REPRESENTATION_CONTEXT('2D SPACE',''
  ) );
#14530 = PCURVE('',#4032,#14531);
#14531 = DEFINITIONAL_REPRESENTATION('',(#14532),#14536);
#14532 = LINE('',#14533,#14534);
#14533 = CARTESIAN_POINT('',(6.156533616242E-16,-1.675));
#14534 = VECTOR('',#14535,1.);
#14535 = DIRECTION('',(0.,-1.));
#14536 = ( GEOMETRIC_REPRESENTATION_CONTEXT(2) 
PARAMETRIC_REPRESENTATION_CONTEXT() REPRESENTATION_CONTEXT('2D SPACE',''
  ) );
#14537 = ORIENTED_EDGE('',*,*,#14538,.F.);
#14538 = EDGE_CURVE('',#14539,#14516,#14541,.T.);
#14539 = VERTEX_POINT('',#14540);
#14540 = CARTESIAN_POINT('',(1.825,1.35,0.31));
#14541 = SURFACE_CURVE('',#14542,(#14546,#14553),.PCURVE_S1.);
#14542 = LINE('',#14543,#14544);
#14543 = CARTESIAN_POINT('',(1.825,0.694863,0.31));
#14544 = VECTOR('',#14545,1.);
#14545 = DIRECTION('',(-2.804146475864E-32,-1.,1.065228634467E-16));
#14546 = PCURVE('',#530,#14547);
#14547 = DEFINITIONAL_REPRESENTATION('',(#14548),#14552);
#14548 = LINE('',#14549,#14550);
#14549 = CARTESIAN_POINT('',(-0.475,0.978861317761));
#14550 = VECTOR('',#14551,1.);
#14551 = DIRECTION('',(9.031806508344E-47,1.));
#14552 = ( GEOMETRIC_REPRESENTATION_CONTEXT(2) 
PARAMETRIC_REPRESENTATION_CONTEXT() REPRESENTATION_CONTEXT('2D SPACE',''
  ) );
#14553 = PCURVE('',#14554,#14559);
#14554 = PLANE('',#14555);
#14555 = AXIS2_PLACEMENT_3D('',#14556,#14557,#14558);
#14556 = CARTESIAN_POINT('',(1.825,1.245779075398,0.170500231015));
#14557 = DIRECTION('',(1.,-5.243344273594E-32,-2.289834988289E-16));
#14558 = DIRECTION('',(5.243344273594E-32,1.,0.));
#14559 = DEFINITIONAL_REPRESENTATION('',(#14560),#14564);
#14560 = LINE('',#14561,#14562);
#14561 = CARTESIAN_POINT('',(-0.550916075398,0.139499768985));
#14562 = VECTOR('',#14563,1.);
#14563 = DIRECTION('',(-1.,1.065228634467E-16));
#14564 = ( GEOMETRIC_REPRESENTATION_CONTEXT(2) 
PARAMETRIC_REPRESENTATION_CONTEXT() REPRESENTATION_CONTEXT('2D SPACE',''
  ) );
#14565 = ORIENTED_EDGE('',*,*,#14566,.F.);
#14566 = EDGE_CURVE('',#14567,#14539,#14569,.T.);
#14567 = VERTEX_POINT('',#14568);
#14568 = CARTESIAN_POINT('',(1.675,1.35,0.31));
#14569 = SURFACE_CURVE('',#14570,(#14574,#14581),.PCURVE_S1.);
#14570 = LINE('',#14571,#14572);
#14571 = CARTESIAN_POINT('',(4.5,1.35,0.31));
#14572 = VECTOR('',#14573,1.);
#14573 = DIRECTION('',(1.,-5.243344273594E-32,-2.289834988289E-16));
#14574 = PCURVE('',#530,#14575);
#14575 = DEFINITIONAL_REPRESENTATION('',(#14576),#14580);
#14576 = LINE('',#14577,#14578);
#14577 = CARTESIAN_POINT('',(-3.15,0.323724317761));
#14578 = VECTOR('',#14579,1.);
#14579 = DIRECTION('',(-1.,-2.736911063134E-48));
#14580 = ( GEOMETRIC_REPRESENTATION_CONTEXT(2) 
PARAMETRIC_REPRESENTATION_CONTEXT() REPRESENTATION_CONTEXT('2D SPACE',''
  ) );
#14581 = PCURVE('',#14582,#14587);
#14582 = PLANE('',#14583);
#14583 = AXIS2_PLACEMENT_3D('',#14584,#14585,#14586);
#14584 = CARTESIAN_POINT('',(1.675,1.35,0.31));
#14585 = DIRECTION('',(0.,1.,-2.289834988289E-16));
#14586 = DIRECTION('',(-2.289834988289E-16,-2.289834988289E-16,-1.));
#14587 = DEFINITIONAL_REPRESENTATION('',(#14588),#14592);
#14588 = LINE('',#14589,#14590);
#14589 = CARTESIAN_POINT('',(2.350723782296E-15,-2.825));
#14590 = VECTOR('',#14591,1.);
#14591 = DIRECTION('',(0.,-1.));
#14592 = ( GEOMETRIC_REPRESENTATION_CONTEXT(2) 
PARAMETRIC_REPRESENTATION_CONTEXT() REPRESENTATION_CONTEXT('2D SPACE',''
  ) );
#14593 = ORIENTED_EDGE('',*,*,#14594,.T.);
#14594 = EDGE_CURVE('',#14567,#14595,#14597,.T.);
#14595 = VERTEX_POINT('',#14596);
#14596 = CARTESIAN_POINT('',(1.675,1.,0.31));
#14597 = SURFACE_CURVE('',#14598,(#14602,#14609),.PCURVE_S1.);
#14598 = LINE('',#14599,#14600);
#14599 = CARTESIAN_POINT('',(1.675,0.694863,0.31));
#14600 = VECTOR('',#14601,1.);
#14601 = DIRECTION('',(-2.804146475864E-32,-1.,1.065228634467E-16));
#14602 = PCURVE('',#530,#14603);
#14603 = DEFINITIONAL_REPRESENTATION('',(#14604),#14608);
#14604 = LINE('',#14605,#14606);
#14605 = CARTESIAN_POINT('',(-0.325,0.978861317761));
#14606 = VECTOR('',#14607,1.);
#14607 = DIRECTION('',(9.031806508344E-47,1.));
#14608 = ( GEOMETRIC_REPRESENTATION_CONTEXT(2) 
PARAMETRIC_REPRESENTATION_CONTEXT() REPRESENTATION_CONTEXT('2D SPACE',''
  ) );
#14609 = PCURVE('',#14610,#14615);
#14610 = PLANE('',#14611);
#14611 = AXIS2_PLACEMENT_3D('',#14612,#14613,#14614);
#14612 = CARTESIAN_POINT('',(1.675,1.245779075398,0.170500231015));
#14613 = DIRECTION('',(1.,-5.243344273594E-32,-2.289834988289E-16));
#14614 = DIRECTION('',(5.243344273594E-32,1.,0.));
#14615 = DEFINITIONAL_REPRESENTATION('',(#14616),#14620);
#14616 = LINE('',#14617,#14618);
#14617 = CARTESIAN_POINT('',(-0.550916075398,0.139499768985));
#14618 = VECTOR('',#14619,1.);
#14619 = DIRECTION('',(-1.,1.065228634467E-16));
#14620 = ( GEOMETRIC_REPRESENTATION_CONTEXT(2) 
PARAMETRIC_REPRESENTATION_CONTEXT() REPRESENTATION_CONTEXT('2D SPACE',''
  ) );
#14621 = ORIENTED_EDGE('',*,*,#14622,.F.);
#14622 = EDGE_CURVE('',#14401,#14595,#14623,.T.);
#14623 = SURFACE_CURVE('',#14624,(#14628,#14635),.PCURVE_S1.);
#14624 = LINE('',#14625,#14626);
#14625 = CARTESIAN_POINT('',(7.,1.,0.31));
#14626 = VECTOR('',#14627,1.);
#14627 = DIRECTION('',(1.,-5.243344273594E-32,-2.289834988289E-16));
#14628 = PCURVE('',#530,#14629);
#14629 = DEFINITIONAL_REPRESENTATION('',(#14630),#14634);
#14630 = LINE('',#14631,#14632);
#14631 = CARTESIAN_POINT('',(-5.65,0.673724317761));
#14632 = VECTOR('',#14633,1.);
#14633 = DIRECTION('',(-1.,-2.736911063134E-48));
#14634 = ( GEOMETRIC_REPRESENTATION_CONTEXT(2) 
PARAMETRIC_REPRESENTATION_CONTEXT() REPRESENTATION_CONTEXT('2D SPACE',''
  ) );
#14635 = PCURVE('',#9875,#14636);
#14636 = DEFINITIONAL_REPRESENTATION('',(#14637),#14641);
#14637 = LINE('',#14638,#14639);
#14638 = CARTESIAN_POINT('',(-3.835473605385E-16,-1.675));
#14639 = VECTOR('',#14640,1.);
#14640 = DIRECTION('',(0.,-1.));
#14641 = ( GEOMETRIC_REPRESENTATION_CONTEXT(2) 
PARAMETRIC_REPRESENTATION_CONTEXT() REPRESENTATION_CONTEXT('2D SPACE',''
  ) );
#14642 = ORIENTED_EDGE('',*,*,#14400,.T.);
#14643 = ORIENTED_EDGE('',*,*,#14644,.F.);
#14644 = EDGE_CURVE('',#14645,#14373,#14647,.T.);
#14645 = VERTEX_POINT('',#14646);
#14646 = CARTESIAN_POINT('',(1.175,1.35,0.31));
#14647 = SURFACE_CURVE('',#14648,(#14652,#14659),.PCURVE_S1.);
#14648 = LINE('',#14649,#14650);
#14649 = CARTESIAN_POINT('',(4.,1.35,0.31));
#14650 = VECTOR('',#14651,1.);
#14651 = DIRECTION('',(1.,-5.243344273594E-32,-2.289834988289E-16));
#14652 = PCURVE('',#530,#14653);
#14653 = DEFINITIONAL_REPRESENTATION('',(#14654),#14658);
#14654 = LINE('',#14655,#14656);
#14655 = CARTESIAN_POINT('',(-2.65,0.323724317761));
#14656 = VECTOR('',#14657,1.);
#14657 = DIRECTION('',(-1.,-2.736911063134E-48));
#14658 = ( GEOMETRIC_REPRESENTATION_CONTEXT(2) 
PARAMETRIC_REPRESENTATION_CONTEXT() REPRESENTATION_CONTEXT('2D SPACE',''
  ) );
#14659 = PCURVE('',#14388,#14660);
#14660 = DEFINITIONAL_REPRESENTATION('',(#14661),#14665);
#14661 = LINE('',#14662,#14663);
#14662 = CARTESIAN_POINT('',(2.350723782296E-15,-2.825));
#14663 = VECTOR('',#14664,1.);
#14664 = DIRECTION('',(0.,-1.));
#14665 = ( GEOMETRIC_REPRESENTATION_CONTEXT(2) 
PARAMETRIC_REPRESENTATION_CONTEXT() REPRESENTATION_CONTEXT('2D SPACE',''
  ) );
#14666 = ORIENTED_EDGE('',*,*,#14667,.T.);
#14667 = EDGE_CURVE('',#14645,#14668,#14670,.T.);
#14668 = VERTEX_POINT('',#14669);
#14669 = CARTESIAN_POINT('',(1.175,1.,0.31));
#14670 = SURFACE_CURVE('',#14671,(#14675,#14682),.PCURVE_S1.);
#14671 = LINE('',#14672,#14673);
#14672 = CARTESIAN_POINT('',(1.175,0.694863,0.31));
#14673 = VECTOR('',#14674,1.);
#14674 = DIRECTION('',(-2.804146475864E-32,-1.,1.065228634467E-16));
#14675 = PCURVE('',#530,#14676);
#14676 = DEFINITIONAL_REPRESENTATION('',(#14677),#14681);
#14677 = LINE('',#14678,#14679);
#14678 = CARTESIAN_POINT('',(0.175,0.978861317761));
#14679 = VECTOR('',#14680,1.);
#14680 = DIRECTION('',(9.031806508344E-47,1.));
#14681 = ( GEOMETRIC_REPRESENTATION_CONTEXT(2) 
PARAMETRIC_REPRESENTATION_CONTEXT() REPRESENTATION_CONTEXT('2D SPACE',''
  ) );
#14682 = PCURVE('',#14683,#14688);
#14683 = PLANE('',#14684);
#14684 = AXIS2_PLACEMENT_3D('',#14685,#14686,#14687);
#14685 = CARTESIAN_POINT('',(1.175,1.245779075398,0.170500231015));
#14686 = DIRECTION('',(1.,-5.243344273594E-32,-2.289834988289E-16));
#14687 = DIRECTION('',(5.243344273594E-32,1.,0.));
#14688 = DEFINITIONAL_REPRESENTATION('',(#14689),#14693);
#14689 = LINE('',#14690,#14691);
#14690 = CARTESIAN_POINT('',(-0.550916075398,0.139499768985));
#14691 = VECTOR('',#14692,1.);
#14692 = DIRECTION('',(-1.,1.065228634467E-16));
#14693 = ( GEOMETRIC_REPRESENTATION_CONTEXT(2) 
PARAMETRIC_REPRESENTATION_CONTEXT() REPRESENTATION_CONTEXT('2D SPACE',''
  ) );
#14694 = ORIENTED_EDGE('',*,*,#14695,.F.);
#14695 = EDGE_CURVE('',#14696,#14668,#14698,.T.);
#14696 = VERTEX_POINT('',#14697);
#14697 = CARTESIAN_POINT('',(0.825,1.,0.31));
#14698 = SURFACE_CURVE('',#14699,(#14703,#14710),.PCURVE_S1.);
#14699 = LINE('',#14700,#14701);
#14700 = CARTESIAN_POINT('',(6.5,1.,0.31));
#14701 = VECTOR('',#14702,1.);
#14702 = DIRECTION('',(1.,-5.243344273594E-32,-2.289834988289E-16));
#14703 = PCURVE('',#530,#14704);
#14704 = DEFINITIONAL_REPRESENTATION('',(#14705),#14709);
#14705 = LINE('',#14706,#14707);
#14706 = CARTESIAN_POINT('',(-5.15,0.673724317761));
#14707 = VECTOR('',#14708,1.);
#14708 = DIRECTION('',(-1.,-2.736911063134E-48));
#14709 = ( GEOMETRIC_REPRESENTATION_CONTEXT(2) 
PARAMETRIC_REPRESENTATION_CONTEXT() REPRESENTATION_CONTEXT('2D SPACE',''
  ) );
#14710 = PCURVE('',#1533,#14711);
#14711 = DEFINITIONAL_REPRESENTATION('',(#14712),#14716);
#14712 = LINE('',#14713,#14714);
#14713 = CARTESIAN_POINT('',(-3.835473605385E-16,-1.675));
#14714 = VECTOR('',#14715,1.);
#14715 = DIRECTION('',(0.,-1.));
#14716 = ( GEOMETRIC_REPRESENTATION_CONTEXT(2) 
PARAMETRIC_REPRESENTATION_CONTEXT() REPRESENTATION_CONTEXT('2D SPACE',''
  ) );
#14717 = ORIENTED_EDGE('',*,*,#14718,.T.);
#14718 = EDGE_CURVE('',#14696,#14719,#14721,.T.);
#14719 = VERTEX_POINT('',#14720);
#14720 = CARTESIAN_POINT('',(0.825,1.35,0.31));
#14721 = SURFACE_CURVE('',#14722,(#14726,#14733),.PCURVE_S1.);
#14722 = LINE('',#14723,#14724);
#14723 = CARTESIAN_POINT('',(0.825,0.694863,0.31));
#14724 = VECTOR('',#14725,1.);
#14725 = DIRECTION('',(2.804146475864E-32,1.,-1.065228634467E-16));
#14726 = PCURVE('',#530,#14727);
#14727 = DEFINITIONAL_REPRESENTATION('',(#14728),#14732);
#14728 = LINE('',#14729,#14730);
#14729 = CARTESIAN_POINT('',(0.525,0.978861317761));
#14730 = VECTOR('',#14731,1.);
#14731 = DIRECTION('',(-9.031806508344E-47,-1.));
#14732 = ( GEOMETRIC_REPRESENTATION_CONTEXT(2) 
PARAMETRIC_REPRESENTATION_CONTEXT() REPRESENTATION_CONTEXT('2D SPACE',''
  ) );
#14733 = PCURVE('',#14734,#14739);
#14734 = PLANE('',#14735);
#14735 = AXIS2_PLACEMENT_3D('',#14736,#14737,#14738);
#14736 = CARTESIAN_POINT('',(0.825,1.245779075398,0.170500231015));
#14737 = DIRECTION('',(1.,-5.243344273594E-32,-2.289834988289E-16));
#14738 = DIRECTION('',(5.243344273594E-32,1.,0.));
#14739 = DEFINITIONAL_REPRESENTATION('',(#14740),#14744);
#14740 = LINE('',#14741,#14742);
#14741 = CARTESIAN_POINT('',(-0.550916075398,0.139499768985));
#14742 = VECTOR('',#14743,1.);
#14743 = DIRECTION('',(1.,-1.065228634467E-16));
#14744 = ( GEOMETRIC_REPRESENTATION_CONTEXT(2) 
PARAMETRIC_REPRESENTATION_CONTEXT() REPRESENTATION_CONTEXT('2D SPACE',''
  ) );
#14745 = ORIENTED_EDGE('',*,*,#14746,.F.);
#14746 = EDGE_CURVE('',#14747,#14719,#14749,.T.);
#14747 = VERTEX_POINT('',#14748);
#14748 = CARTESIAN_POINT('',(0.675,1.35,0.31));
#14749 = SURFACE_CURVE('',#14750,(#14754,#14761),.PCURVE_S1.);
#14750 = LINE('',#14751,#14752);
#14751 = CARTESIAN_POINT('',(3.5,1.35,0.31));
#14752 = VECTOR('',#14753,1.);
#14753 = DIRECTION('',(1.,-5.243344273594E-32,-2.289834988289E-16));
#14754 = PCURVE('',#530,#14755);
#14755 = DEFINITIONAL_REPRESENTATION('',(#14756),#14760);
#14756 = LINE('',#14757,#14758);
#14757 = CARTESIAN_POINT('',(-2.15,0.323724317761));
#14758 = VECTOR('',#14759,1.);
#14759 = DIRECTION('',(-1.,-2.736911063134E-48));
#14760 = ( GEOMETRIC_REPRESENTATION_CONTEXT(2) 
PARAMETRIC_REPRESENTATION_CONTEXT() REPRESENTATION_CONTEXT('2D SPACE',''
  ) );
#14761 = PCURVE('',#14762,#14767);
#14762 = PLANE('',#14763);
#14763 = AXIS2_PLACEMENT_3D('',#14764,#14765,#14766);
#14764 = CARTESIAN_POINT('',(0.675,1.35,0.31));
#14765 = DIRECTION('',(0.,1.,-2.289834988289E-16));
#14766 = DIRECTION('',(-2.289834988289E-16,-2.289834988289E-16,-1.));
#14767 = DEFINITIONAL_REPRESENTATION('',(#14768),#14772);
#14768 = LINE('',#14769,#14770);
#14769 = CARTESIAN_POINT('',(2.350723782296E-15,-2.825));
#14770 = VECTOR('',#14771,1.);
#14771 = DIRECTION('',(0.,-1.));
#14772 = ( GEOMETRIC_REPRESENTATION_CONTEXT(2) 
PARAMETRIC_REPRESENTATION_CONTEXT() REPRESENTATION_CONTEXT('2D SPACE',''
  ) );
#14773 = ORIENTED_EDGE('',*,*,#14774,.T.);
#14774 = EDGE_CURVE('',#14747,#14775,#14777,.T.);
#14775 = VERTEX_POINT('',#14776);
#14776 = CARTESIAN_POINT('',(0.675,1.,0.31));
#14777 = SURFACE_CURVE('',#14778,(#14782,#14789),.PCURVE_S1.);
#14778 = LINE('',#14779,#14780);
#14779 = CARTESIAN_POINT('',(0.675,0.694863,0.31));
#14780 = VECTOR('',#14781,1.);
#14781 = DIRECTION('',(-2.804146475864E-32,-1.,1.065228634467E-16));
#14782 = PCURVE('',#530,#14783);
#14783 = DEFINITIONAL_REPRESENTATION('',(#14784),#14788);
#14784 = LINE('',#14785,#14786);
#14785 = CARTESIAN_POINT('',(0.675,0.978861317761));
#14786 = VECTOR('',#14787,1.);
#14787 = DIRECTION('',(9.031806508344E-47,1.));
#14788 = ( GEOMETRIC_REPRESENTATION_CONTEXT(2) 
PARAMETRIC_REPRESENTATION_CONTEXT() REPRESENTATION_CONTEXT('2D SPACE',''
  ) );
#14789 = PCURVE('',#14790,#14795);
#14790 = PLANE('',#14791);
#14791 = AXIS2_PLACEMENT_3D('',#14792,#14793,#14794);
#14792 = CARTESIAN_POINT('',(0.675,1.245779075398,0.170500231015));
#14793 = DIRECTION('',(1.,-5.243344273594E-32,-2.289834988289E-16));
#14794 = DIRECTION('',(5.243344273594E-32,1.,0.));
#14795 = DEFINITIONAL_REPRESENTATION('',(#14796),#14800);
#14796 = LINE('',#14797,#14798);
#14797 = CARTESIAN_POINT('',(-0.550916075398,0.139499768985));
#14798 = VECTOR('',#14799,1.);
#14799 = DIRECTION('',(-1.,1.065228634467E-16));
#14800 = ( GEOMETRIC_REPRESENTATION_CONTEXT(2) 
PARAMETRIC_REPRESENTATION_CONTEXT() REPRESENTATION_CONTEXT('2D SPACE',''
  ) );
#14801 = ORIENTED_EDGE('',*,*,#14802,.F.);
#14802 = EDGE_CURVE('',#14803,#14775,#14805,.T.);
#14803 = VERTEX_POINT('',#14804);
#14804 = CARTESIAN_POINT('',(0.325,1.,0.31));
#14805 = SURFACE_CURVE('',#14806,(#14810,#14817),.PCURVE_S1.);
#14806 = LINE('',#14807,#14808);
#14807 = CARTESIAN_POINT('',(6.,1.,0.31));
#14808 = VECTOR('',#14809,1.);
#14809 = DIRECTION('',(1.,-5.243344273594E-32,-2.289834988289E-16));
#14810 = PCURVE('',#530,#14811);
#14811 = DEFINITIONAL_REPRESENTATION('',(#14812),#14816);
#14812 = LINE('',#14813,#14814);
#14813 = CARTESIAN_POINT('',(-4.65,0.673724317761));
#14814 = VECTOR('',#14815,1.);
#14815 = DIRECTION('',(-1.,-2.736911063134E-48));
#14816 = ( GEOMETRIC_REPRESENTATION_CONTEXT(2) 
PARAMETRIC_REPRESENTATION_CONTEXT() REPRESENTATION_CONTEXT('2D SPACE',''
  ) );
#14817 = PCURVE('',#9690,#14818);
#14818 = DEFINITIONAL_REPRESENTATION('',(#14819),#14823);
#14819 = LINE('',#14820,#14821);
#14820 = CARTESIAN_POINT('',(6.156533616242E-16,-1.675));
#14821 = VECTOR('',#14822,1.);
#14822 = DIRECTION('',(0.,-1.));
#14823 = ( GEOMETRIC_REPRESENTATION_CONTEXT(2) 
PARAMETRIC_REPRESENTATION_CONTEXT() REPRESENTATION_CONTEXT('2D SPACE',''
  ) );
#14824 = ORIENTED_EDGE('',*,*,#14825,.T.);
#14825 = EDGE_CURVE('',#14803,#14826,#14828,.T.);
#14826 = VERTEX_POINT('',#14827);
#14827 = CARTESIAN_POINT('',(0.325,1.35,0.31));
#14828 = SURFACE_CURVE('',#14829,(#14833,#14840),.PCURVE_S1.);
#14829 = LINE('',#14830,#14831);
#14830 = CARTESIAN_POINT('',(0.325,0.694863,0.31));
#14831 = VECTOR('',#14832,1.);
#14832 = DIRECTION('',(2.804146475864E-32,1.,-1.065228634467E-16));
#14833 = PCURVE('',#530,#14834);
#14834 = DEFINITIONAL_REPRESENTATION('',(#14835),#14839);
#14835 = LINE('',#14836,#14837);
#14836 = CARTESIAN_POINT('',(1.025,0.978861317761));
#14837 = VECTOR('',#14838,1.);
#14838 = DIRECTION('',(-9.031806508344E-47,-1.));
#14839 = ( GEOMETRIC_REPRESENTATION_CONTEXT(2) 
PARAMETRIC_REPRESENTATION_CONTEXT() REPRESENTATION_CONTEXT('2D SPACE',''
  ) );
#14840 = PCURVE('',#14841,#14846);
#14841 = PLANE('',#14842);
#14842 = AXIS2_PLACEMENT_3D('',#14843,#14844,#14845);
#14843 = CARTESIAN_POINT('',(0.325,1.245779075398,0.170500231015));
#14844 = DIRECTION('',(1.,-5.243344273594E-32,-2.289834988289E-16));
#14845 = DIRECTION('',(5.243344273594E-32,1.,0.));
#14846 = DEFINITIONAL_REPRESENTATION('',(#14847),#14851);
#14847 = LINE('',#14848,#14849);
#14848 = CARTESIAN_POINT('',(-0.550916075398,0.139499768985));
#14849 = VECTOR('',#14850,1.);
#14850 = DIRECTION('',(1.,-1.065228634467E-16));
#14851 = ( GEOMETRIC_REPRESENTATION_CONTEXT(2) 
PARAMETRIC_REPRESENTATION_CONTEXT() REPRESENTATION_CONTEXT('2D SPACE',''
  ) );
#14852 = ORIENTED_EDGE('',*,*,#14853,.F.);
#14853 = EDGE_CURVE('',#14854,#14826,#14856,.T.);
#14854 = VERTEX_POINT('',#14855);
#14855 = CARTESIAN_POINT('',(0.175,1.35,0.31));
#14856 = SURFACE_CURVE('',#14857,(#14861,#14868),.PCURVE_S1.);
#14857 = LINE('',#14858,#14859);
#14858 = CARTESIAN_POINT('',(3.,1.35,0.31));
#14859 = VECTOR('',#14860,1.);
#14860 = DIRECTION('',(1.,-5.243344273594E-32,-2.289834988289E-16));
#14861 = PCURVE('',#530,#14862);
#14862 = DEFINITIONAL_REPRESENTATION('',(#14863),#14867);
#14863 = LINE('',#14864,#14865);
#14864 = CARTESIAN_POINT('',(-1.65,0.323724317761));
#14865 = VECTOR('',#14866,1.);
#14866 = DIRECTION('',(-1.,-2.736911063134E-48));
#14867 = ( GEOMETRIC_REPRESENTATION_CONTEXT(2) 
PARAMETRIC_REPRESENTATION_CONTEXT() REPRESENTATION_CONTEXT('2D SPACE',''
  ) );
#14868 = PCURVE('',#14869,#14874);
#14869 = PLANE('',#14870);
#14870 = AXIS2_PLACEMENT_3D('',#14871,#14872,#14873);
#14871 = CARTESIAN_POINT('',(0.175,1.35,0.31));
#14872 = DIRECTION('',(0.,1.,-2.289834988289E-16));
#14873 = DIRECTION('',(-2.289834988289E-16,-2.289834988289E-16,-1.));
#14874 = DEFINITIONAL_REPRESENTATION('',(#14875),#14879);
#14875 = LINE('',#14876,#14877);
#14876 = CARTESIAN_POINT('',(2.350723782296E-15,-2.825));
#14877 = VECTOR('',#14878,1.);
#14878 = DIRECTION('',(0.,-1.));
#14879 = ( GEOMETRIC_REPRESENTATION_CONTEXT(2) 
PARAMETRIC_REPRESENTATION_CONTEXT() REPRESENTATION_CONTEXT('2D SPACE',''
  ) );
#14880 = ORIENTED_EDGE('',*,*,#14881,.T.);
#14881 = EDGE_CURVE('',#14854,#14882,#14884,.T.);
#14882 = VERTEX_POINT('',#14883);
#14883 = CARTESIAN_POINT('',(0.175,1.,0.31));
#14884 = SURFACE_CURVE('',#14885,(#14889,#14896),.PCURVE_S1.);
#14885 = LINE('',#14886,#14887);
#14886 = CARTESIAN_POINT('',(0.175,0.694863,0.31));
#14887 = VECTOR('',#14888,1.);
#14888 = DIRECTION('',(-2.804146475864E-32,-1.,1.065228634467E-16));
#14889 = PCURVE('',#530,#14890);
#14890 = DEFINITIONAL_REPRESENTATION('',(#14891),#14895);
#14891 = LINE('',#14892,#14893);
#14892 = CARTESIAN_POINT('',(1.175,0.978861317761));
#14893 = VECTOR('',#14894,1.);
#14894 = DIRECTION('',(9.031806508344E-47,1.));
#14895 = ( GEOMETRIC_REPRESENTATION_CONTEXT(2) 
PARAMETRIC_REPRESENTATION_CONTEXT() REPRESENTATION_CONTEXT('2D SPACE',''
  ) );
#14896 = PCURVE('',#14897,#14902);
#14897 = PLANE('',#14898);
#14898 = AXIS2_PLACEMENT_3D('',#14899,#14900,#14901);
#14899 = CARTESIAN_POINT('',(0.175,1.245779075398,0.170500231015));
#14900 = DIRECTION('',(1.,-5.243344273594E-32,-2.289834988289E-16));
#14901 = DIRECTION('',(5.243344273594E-32,1.,0.));
#14902 = DEFINITIONAL_REPRESENTATION('',(#14903),#14907);
#14903 = LINE('',#14904,#14905);
#14904 = CARTESIAN_POINT('',(-0.550916075398,0.139499768985));
#14905 = VECTOR('',#14906,1.);
#14906 = DIRECTION('',(-1.,1.065228634467E-16));
#14907 = ( GEOMETRIC_REPRESENTATION_CONTEXT(2) 
PARAMETRIC_REPRESENTATION_CONTEXT() REPRESENTATION_CONTEXT('2D SPACE',''
  ) );
#14908 = ORIENTED_EDGE('',*,*,#14909,.F.);
#14909 = EDGE_CURVE('',#11801,#14882,#14910,.T.);
#14910 = SURFACE_CURVE('',#14911,(#14915,#14922),.PCURVE_S1.);
#14911 = LINE('',#14912,#14913);
#14912 = CARTESIAN_POINT('',(5.5,1.,0.31));
#14913 = VECTOR('',#14914,1.);
#14914 = DIRECTION('',(1.,-5.243344273594E-32,-2.289834988289E-16));
#14915 = PCURVE('',#530,#14916);
#14916 = DEFINITIONAL_REPRESENTATION('',(#14917),#14921);
#14917 = LINE('',#14918,#14919);
#14918 = CARTESIAN_POINT('',(-4.15,0.673724317761));
#14919 = VECTOR('',#14920,1.);
#14920 = DIRECTION('',(-1.,-2.736911063134E-48));
#14921 = ( GEOMETRIC_REPRESENTATION_CONTEXT(2) 
PARAMETRIC_REPRESENTATION_CONTEXT() REPRESENTATION_CONTEXT('2D SPACE',''
  ) );
#14922 = PCURVE('',#9578,#14923);
#14923 = DEFINITIONAL_REPRESENTATION('',(#14924),#14928);
#14924 = LINE('',#14925,#14926);
#14925 = CARTESIAN_POINT('',(6.156533616242E-16,-1.675));
#14926 = VECTOR('',#14927,1.);
#14927 = DIRECTION('',(0.,-1.));
#14928 = ( GEOMETRIC_REPRESENTATION_CONTEXT(2) 
PARAMETRIC_REPRESENTATION_CONTEXT() REPRESENTATION_CONTEXT('2D SPACE',''
  ) );
#14929 = ORIENTED_EDGE('',*,*,#11800,.F.);
#14930 = ORIENTED_EDGE('',*,*,#11077,.F.);
#14931 = ORIENTED_EDGE('',*,*,#8183,.T.);
#14932 = ORIENTED_EDGE('',*,*,#11959,.F.);
#14933 = ORIENTED_EDGE('',*,*,#5695,.T.);
#14934 = ORIENTED_EDGE('',*,*,#10151,.F.);
#14935 = ORIENTED_EDGE('',*,*,#10731,.T.);
#14936 = ORIENTED_EDGE('',*,*,#10966,.F.);
#14937 = ORIENTED_EDGE('',*,*,#8749,.T.);
#14938 = ORIENTED_EDGE('',*,*,#4418,.F.);
#14939 = ORIENTED_EDGE('',*,*,#11013,.T.);
#14940 = ORIENTED_EDGE('',*,*,#11053,.F.);
#14941 = ORIENTED_EDGE('',*,*,#2929,.F.);
#14942 = ORIENTED_EDGE('',*,*,#2976,.F.);
#14943 = ORIENTED_EDGE('',*,*,#3117,.T.);
#14944 = ORIENTED_EDGE('',*,*,#2644,.F.);
#14945 = ORIENTED_EDGE('',*,*,#2157,.F.);
#14946 = ORIENTED_EDGE('',*,*,#5261,.T.);
#14947 = ORIENTED_EDGE('',*,*,#2466,.T.);
#14948 = ORIENTED_EDGE('',*,*,#1872,.F.);
#14949 = ORIENTED_EDGE('',*,*,#514,.F.);
#14950 = ADVANCED_FACE('',(#14951),#9290,.F.);
#14951 = FACE_BOUND('',#14952,.T.);
#14952 = EDGE_LOOP('',(#14953,#14954,#14977,#14998,#15019));
#14953 = ORIENTED_EDGE('',*,*,#14088,.T.);
#14954 = ORIENTED_EDGE('',*,*,#14955,.F.);
#14955 = EDGE_CURVE('',#14956,#14061,#14958,.T.);
#14956 = VERTEX_POINT('',#14957);
#14957 = CARTESIAN_POINT('',(3.3,0.9,0.31));
#14958 = SURFACE_CURVE('',#14959,(#14963,#14970),.PCURVE_S1.);
#14959 = LINE('',#14960,#14961);
#14960 = CARTESIAN_POINT('',(4.,1.6,0.31));
#14961 = VECTOR('',#14962,1.);
#14962 = DIRECTION('',(0.707106781187,0.707106781187,-2.683204183723E-16
    ));
#14963 = PCURVE('',#9290,#14964);
#14964 = DEFINITIONAL_REPRESENTATION('',(#14965),#14969);
#14965 = LINE('',#14966,#14967);
#14966 = CARTESIAN_POINT('',(0.919238815543,-0.365));
#14967 = VECTOR('',#14968,1.);
#14968 = DIRECTION('',(1.,1.651799628595E-16));
#14969 = ( GEOMETRIC_REPRESENTATION_CONTEXT(2) 
PARAMETRIC_REPRESENTATION_CONTEXT() REPRESENTATION_CONTEXT('2D SPACE',''
  ) );
#14970 = PCURVE('',#14076,#14971);
#14971 = DEFINITIONAL_REPRESENTATION('',(#14972),#14976);
#14972 = LINE('',#14973,#14974);
#14973 = CARTESIAN_POINT('',(1.31,0.7));
#14974 = VECTOR('',#14975,1.);
#14975 = DIRECTION('',(0.707106781187,0.707106781187));
#14976 = ( GEOMETRIC_REPRESENTATION_CONTEXT(2) 
PARAMETRIC_REPRESENTATION_CONTEXT() REPRESENTATION_CONTEXT('2D SPACE',''
  ) );
#14977 = ORIENTED_EDGE('',*,*,#14978,.F.);
#14978 = EDGE_CURVE('',#4568,#14956,#14979,.T.);
#14979 = SURFACE_CURVE('',#14980,(#14984,#14991),.PCURVE_S1.);
#14980 = LINE('',#14981,#14982);
#14981 = CARTESIAN_POINT('',(3.3,0.9,0.841614));
#14982 = VECTOR('',#14983,1.);
#14983 = DIRECTION('',(-2.289834988289E-16,-1.065228634467E-16,-1.));
#14984 = PCURVE('',#9290,#14985);
#14985 = DEFINITIONAL_REPRESENTATION('',(#14986),#14990);
#14986 = LINE('',#14987,#14988);
#14987 = CARTESIAN_POINT('',(-7.071067811866E-02,0.166614));
#14988 = VECTOR('',#14989,1.);
#14989 = DIRECTION('',(1.962615573355E-16,-1.));
#14990 = ( GEOMETRIC_REPRESENTATION_CONTEXT(2) 
PARAMETRIC_REPRESENTATION_CONTEXT() REPRESENTATION_CONTEXT('2D SPACE',''
  ) );
#14991 = PCURVE('',#4611,#14992);
#14992 = DEFINITIONAL_REPRESENTATION('',(#14993),#14997);
#14993 = LINE('',#14994,#14995);
#14994 = CARTESIAN_POINT('',(1.05,-0.551614));
#14995 = VECTOR('',#14996,1.);
#14996 = DIRECTION('',(0.,1.));
#14997 = ( GEOMETRIC_REPRESENTATION_CONTEXT(2) 
PARAMETRIC_REPRESENTATION_CONTEXT() REPRESENTATION_CONTEXT('2D SPACE',''
  ) );
#14998 = ORIENTED_EDGE('',*,*,#14999,.F.);
#14999 = EDGE_CURVE('',#9275,#4568,#15000,.T.);
#15000 = SURFACE_CURVE('',#15001,(#15005,#15012),.PCURVE_S1.);
#15001 = LINE('',#15002,#15003);
#15002 = CARTESIAN_POINT('',(3.3,0.9,0.841614));
#15003 = VECTOR('',#15004,1.);
#15004 = DIRECTION('',(-2.289834988289E-16,-1.065228634467E-16,-1.));
#15005 = PCURVE('',#9290,#15006);
#15006 = DEFINITIONAL_REPRESENTATION('',(#15007),#15011);
#15007 = LINE('',#15008,#15009);
#15008 = CARTESIAN_POINT('',(-7.071067811866E-02,0.166614));
#15009 = VECTOR('',#15010,1.);
#15010 = DIRECTION('',(1.962615573355E-16,-1.));
#15011 = ( GEOMETRIC_REPRESENTATION_CONTEXT(2) 
PARAMETRIC_REPRESENTATION_CONTEXT() REPRESENTATION_CONTEXT('2D SPACE',''
  ) );
#15012 = PCURVE('',#4583,#15013);
#15013 = DEFINITIONAL_REPRESENTATION('',(#15014),#15018);
#15014 = LINE('',#15015,#15016);
#15015 = CARTESIAN_POINT('',(0.205137,2.185178063887E-17));
#15016 = VECTOR('',#15017,1.);
#15017 = DIRECTION('',(0.,-1.));
#15018 = ( GEOMETRIC_REPRESENTATION_CONTEXT(2) 
PARAMETRIC_REPRESENTATION_CONTEXT() REPRESENTATION_CONTEXT('2D SPACE',''
  ) );
#15019 = ORIENTED_EDGE('',*,*,#9274,.T.);
#15020 = ADVANCED_FACE('',(#15021),#5786,.F.);
#15021 = FACE_BOUND('',#15022,.T.);
#15022 = EDGE_LOOP('',(#15023,#15024,#15025,#15026));
#15023 = ORIENTED_EDGE('',*,*,#10635,.T.);
#15024 = ORIENTED_EDGE('',*,*,#9099,.F.);
#15025 = ORIENTED_EDGE('',*,*,#5770,.F.);
#15026 = ORIENTED_EDGE('',*,*,#15027,.F.);
#15027 = EDGE_CURVE('',#10589,#5748,#15028,.T.);
#15028 = SURFACE_CURVE('',#15029,(#15033,#15040),.PCURVE_S1.);
#15029 = LINE('',#15030,#15031);
#15030 = CARTESIAN_POINT('',(2.,-1.8,0.92));
#15031 = VECTOR('',#15032,1.);
#15032 = DIRECTION('',(-1.,5.243344273594E-32,2.289834988289E-16));
#15033 = PCURVE('',#5786,#15034);
#15034 = DEFINITIONAL_REPRESENTATION('',(#15035),#15039);
#15035 = LINE('',#15036,#15037);
#15036 = CARTESIAN_POINT('',(-4.191438862655E-16,-19.285));
#15037 = VECTOR('',#15038,1.);
#15038 = DIRECTION('',(0.,-1.));
#15039 = ( GEOMETRIC_REPRESENTATION_CONTEXT(2) 
PARAMETRIC_REPRESENTATION_CONTEXT() REPRESENTATION_CONTEXT('2D SPACE',''
  ) );
#15040 = PCURVE('',#3746,#15041);
#15041 = DEFINITIONAL_REPRESENTATION('',(#15042),#15046);
#15042 = LINE('',#15043,#15044);
#15043 = CARTESIAN_POINT('',(0.25,-4.785));
#15044 = VECTOR('',#15045,1.);
#15045 = DIRECTION('',(1.972152263053E-31,-1.));
#15046 = ( GEOMETRIC_REPRESENTATION_CONTEXT(2) 
PARAMETRIC_REPRESENTATION_CONTEXT() REPRESENTATION_CONTEXT('2D SPACE',''
  ) );
#15047 = ADVANCED_FACE('',(#15048),#4637,.T.);
#15048 = FACE_BOUND('',#15049,.T.);
#15049 = EDGE_LOOP('',(#15050,#15051,#15074,#15095,#15096,#15097,#15120,
    #15143,#15164));
#15050 = ORIENTED_EDGE('',*,*,#4623,.T.);
#15051 = ORIENTED_EDGE('',*,*,#15052,.T.);
#15052 = EDGE_CURVE('',#4596,#15053,#15055,.T.);
#15053 = VERTEX_POINT('',#15054);
#15054 = CARTESIAN_POINT('',(3.27,0.9,0.31));
#15055 = SURFACE_CURVE('',#15056,(#15060,#15067),.PCURVE_S1.);
#15056 = LINE('',#15057,#15058);
#15057 = CARTESIAN_POINT('',(3.27,0.9,0.841614));
#15058 = VECTOR('',#15059,1.);
#15059 = DIRECTION('',(-2.289834988289E-16,-1.065228634467E-16,-1.));
#15060 = PCURVE('',#4637,#15061);
#15061 = DEFINITIONAL_REPRESENTATION('',(#15062),#15066);
#15062 = LINE('',#15063,#15064);
#15063 = CARTESIAN_POINT('',(-0.145602317761,1.636322));
#15064 = VECTOR('',#15065,1.);
#15065 = DIRECTION('',(0.,-1.));
#15066 = ( GEOMETRIC_REPRESENTATION_CONTEXT(2) 
PARAMETRIC_REPRESENTATION_CONTEXT() REPRESENTATION_CONTEXT('2D SPACE',''
  ) );
#15067 = PCURVE('',#4611,#15068);
#15068 = DEFINITIONAL_REPRESENTATION('',(#15069),#15073);
#15069 = LINE('',#15070,#15071);
#15070 = CARTESIAN_POINT('',(1.02,-0.551614));
#15071 = VECTOR('',#15072,1.);
#15072 = DIRECTION('',(0.,1.));
#15073 = ( GEOMETRIC_REPRESENTATION_CONTEXT(2) 
PARAMETRIC_REPRESENTATION_CONTEXT() REPRESENTATION_CONTEXT('2D SPACE',''
  ) );
#15074 = ORIENTED_EDGE('',*,*,#15075,.F.);
#15075 = EDGE_CURVE('',#14038,#15053,#15076,.T.);
#15076 = SURFACE_CURVE('',#15077,(#15081,#15088),.PCURVE_S1.);
#15077 = LINE('',#15078,#15079);
#15078 = CARTESIAN_POINT('',(3.27,0.694863,0.31));
#15079 = VECTOR('',#15080,1.);
#15080 = DIRECTION('',(-2.804146475864E-32,-1.,1.065228634467E-16));
#15081 = PCURVE('',#4637,#15082);
#15082 = DEFINITIONAL_REPRESENTATION('',(#15083),#15087);
#15083 = LINE('',#15084,#15085);
#15084 = CARTESIAN_POINT('',(-0.350739317761,1.104708));
#15085 = VECTOR('',#15086,1.);
#15086 = DIRECTION('',(-1.,0.));
#15087 = ( GEOMETRIC_REPRESENTATION_CONTEXT(2) 
PARAMETRIC_REPRESENTATION_CONTEXT() REPRESENTATION_CONTEXT('2D SPACE',''
  ) );
#15088 = PCURVE('',#14076,#15089);
#15089 = DEFINITIONAL_REPRESENTATION('',(#15090),#15094);
#15090 = LINE('',#15091,#15092);
#15091 = CARTESIAN_POINT('',(0.404863,-3.E-02));
#15092 = VECTOR('',#15093,1.);
#15093 = DIRECTION('',(-1.,-2.736911063134E-48));
#15094 = ( GEOMETRIC_REPRESENTATION_CONTEXT(2) 
PARAMETRIC_REPRESENTATION_CONTEXT() REPRESENTATION_CONTEXT('2D SPACE',''
  ) );
#15095 = ORIENTED_EDGE('',*,*,#14448,.F.);
#15096 = ORIENTED_EDGE('',*,*,#11736,.T.);
#15097 = ORIENTED_EDGE('',*,*,#15098,.T.);
#15098 = EDGE_CURVE('',#11714,#15099,#15101,.T.);
#15099 = VERTEX_POINT('',#15100);
#15100 = CARTESIAN_POINT('',(3.27,1.9,0.6));
#15101 = SURFACE_CURVE('',#15102,(#15106,#15113),.PCURVE_S1.);
#15102 = LINE('',#15103,#15104);
#15103 = CARTESIAN_POINT('',(3.27,0.694863,-2.667124E-02));
#15104 = VECTOR('',#15105,1.);
#15105 = DIRECTION('',(1.056421638306E-16,0.887216801235,0.461352736642)
  );
#15106 = PCURVE('',#4637,#15107);
#15107 = DEFINITIONAL_REPRESENTATION('',(#15108),#15112);
#15108 = LINE('',#15109,#15110);
#15109 = CARTESIAN_POINT('',(-0.350739317761,0.76803676));
#15110 = VECTOR('',#15111,1.);
#15111 = DIRECTION('',(0.887216801235,0.461352736642));
#15112 = ( GEOMETRIC_REPRESENTATION_CONTEXT(2) 
PARAMETRIC_REPRESENTATION_CONTEXT() REPRESENTATION_CONTEXT('2D SPACE',''
  ) );
#15113 = PCURVE('',#474,#15114);
#15114 = DEFINITIONAL_REPRESENTATION('',(#15115),#15119);
#15115 = LINE('',#15116,#15117);
#15116 = CARTESIAN_POINT('',(1.358334285738,10.92));
#15117 = VECTOR('',#15118,1.);
#15118 = DIRECTION('',(-1.,1.232595164408E-32));
#15119 = ( GEOMETRIC_REPRESENTATION_CONTEXT(2) 
PARAMETRIC_REPRESENTATION_CONTEXT() REPRESENTATION_CONTEXT('2D SPACE',''
  ) );
#15120 = ORIENTED_EDGE('',*,*,#15121,.T.);
#15121 = EDGE_CURVE('',#15099,#15122,#15124,.T.);
#15122 = VERTEX_POINT('',#15123);
#15123 = CARTESIAN_POINT('',(3.27,1.9,0.89));
#15124 = SURFACE_CURVE('',#15125,(#15129,#15136),.PCURVE_S1.);
#15125 = LINE('',#15126,#15127);
#15126 = CARTESIAN_POINT('',(3.27,1.9,0.841614));
#15127 = VECTOR('',#15128,1.);
#15128 = DIRECTION('',(2.289834988289E-16,2.289834988289E-16,1.));
#15129 = PCURVE('',#4637,#15130);
#15130 = DEFINITIONAL_REPRESENTATION('',(#15131),#15135);
#15131 = LINE('',#15132,#15133);
#15132 = CARTESIAN_POINT('',(0.854397682239,1.636322));
#15133 = VECTOR('',#15134,1.);
#15134 = DIRECTION('',(1.224606353822E-16,1.));
#15135 = ( GEOMETRIC_REPRESENTATION_CONTEXT(2) 
PARAMETRIC_REPRESENTATION_CONTEXT() REPRESENTATION_CONTEXT('2D SPACE',''
  ) );
#15136 = PCURVE('',#319,#15137);
#15137 = DEFINITIONAL_REPRESENTATION('',(#15138),#15142);
#15138 = LINE('',#15139,#15140);
#15139 = CARTESIAN_POINT('',(2.4,9.8386E-02));
#15140 = VECTOR('',#15141,1.);
#15141 = DIRECTION('',(0.,-1.));
#15142 = ( GEOMETRIC_REPRESENTATION_CONTEXT(2) 
PARAMETRIC_REPRESENTATION_CONTEXT() REPRESENTATION_CONTEXT('2D SPACE',''
  ) );
#15143 = ORIENTED_EDGE('',*,*,#15144,.T.);
#15144 = EDGE_CURVE('',#15122,#1046,#15145,.T.);
#15145 = SURFACE_CURVE('',#15146,(#15150,#15157),.PCURVE_S1.);
#15146 = LINE('',#15147,#15148);
#15147 = CARTESIAN_POINT('',(3.27,0.694863,0.89));
#15148 = VECTOR('',#15149,1.);
#15149 = DIRECTION('',(-2.804146475864E-32,-1.,1.065228634467E-16));
#15150 = PCURVE('',#4637,#15151);
#15151 = DEFINITIONAL_REPRESENTATION('',(#15152),#15156);
#15152 = LINE('',#15153,#15154);
#15153 = CARTESIAN_POINT('',(-0.350739317761,1.684708));
#15154 = VECTOR('',#15155,1.);
#15155 = DIRECTION('',(-1.,0.));
#15156 = ( GEOMETRIC_REPRESENTATION_CONTEXT(2) 
PARAMETRIC_REPRESENTATION_CONTEXT() REPRESENTATION_CONTEXT('2D SPACE',''
  ) );
#15157 = PCURVE('',#1105,#15158);
#15158 = DEFINITIONAL_REPRESENTATION('',(#15159),#15163);
#15159 = LINE('',#15160,#15161);
#15160 = CARTESIAN_POINT('',(-3.535533905933E-02,-0.908861317761));
#15161 = VECTOR('',#15162,1.);
#15162 = DIRECTION('',(1.60237371373E-31,-1.));
#15163 = ( GEOMETRIC_REPRESENTATION_CONTEXT(2) 
PARAMETRIC_REPRESENTATION_CONTEXT() REPRESENTATION_CONTEXT('2D SPACE',''
  ) );
#15164 = ORIENTED_EDGE('',*,*,#15165,.T.);
#15165 = EDGE_CURVE('',#1046,#4519,#15166,.T.);
#15166 = SURFACE_CURVE('',#15167,(#15171,#15178),.PCURVE_S1.);
#15167 = LINE('',#15168,#15169);
#15168 = CARTESIAN_POINT('',(3.27,0.46,0.841614));
#15169 = VECTOR('',#15170,1.);
#15170 = DIRECTION('',(-2.289834988289E-16,-1.065228634467E-16,-1.));
#15171 = PCURVE('',#4637,#15172);
#15172 = DEFINITIONAL_REPRESENTATION('',(#15173),#15177);
#15173 = LINE('',#15174,#15175);
#15174 = CARTESIAN_POINT('',(-0.585602317761,1.636322));
#15175 = VECTOR('',#15176,1.);
#15176 = DIRECTION('',(0.,-1.));
#15177 = ( GEOMETRIC_REPRESENTATION_CONTEXT(2) 
PARAMETRIC_REPRESENTATION_CONTEXT() REPRESENTATION_CONTEXT('2D SPACE',''
  ) );
#15178 = PCURVE('',#422,#15179);
#15179 = DEFINITIONAL_REPRESENTATION('',(#15180),#15184);
#15180 = LINE('',#15181,#15182);
#15181 = CARTESIAN_POINT('',(-4.8386E-02,-2.48));
#15182 = VECTOR('',#15183,1.);
#15183 = DIRECTION('',(-1.,0.));
#15184 = ( GEOMETRIC_REPRESENTATION_CONTEXT(2) 
PARAMETRIC_REPRESENTATION_CONTEXT() REPRESENTATION_CONTEXT('2D SPACE',''
  ) );
#15185 = ADVANCED_FACE('',(#15186),#14076,.F.);
#15186 = FACE_BOUND('',#15187,.T.);
#15187 = EDGE_LOOP('',(#15188,#15189,#15190,#15191));
#15188 = ORIENTED_EDGE('',*,*,#14955,.T.);
#15189 = ORIENTED_EDGE('',*,*,#14060,.T.);
#15190 = ORIENTED_EDGE('',*,*,#15075,.T.);
#15191 = ORIENTED_EDGE('',*,*,#15192,.T.);
#15192 = EDGE_CURVE('',#15053,#14956,#15193,.T.);
#15193 = SURFACE_CURVE('',#15194,(#15198,#15205),.PCURVE_S1.);
#15194 = LINE('',#15195,#15196);
#15195 = CARTESIAN_POINT('',(4.,0.9,0.31));
#15196 = VECTOR('',#15197,1.);
#15197 = DIRECTION('',(1.,-5.243344273594E-32,-2.289834988289E-16));
#15198 = PCURVE('',#14076,#15199);
#15199 = DEFINITIONAL_REPRESENTATION('',(#15200),#15204);
#15200 = LINE('',#15201,#15202);
#15201 = CARTESIAN_POINT('',(0.61,0.7));
#15202 = VECTOR('',#15203,1.);
#15203 = DIRECTION('',(9.031806508344E-47,1.));
#15204 = ( GEOMETRIC_REPRESENTATION_CONTEXT(2) 
PARAMETRIC_REPRESENTATION_CONTEXT() REPRESENTATION_CONTEXT('2D SPACE',''
  ) );
#15205 = PCURVE('',#4611,#15206);
#15206 = DEFINITIONAL_REPRESENTATION('',(#15207),#15211);
#15207 = LINE('',#15208,#15209);
#15208 = CARTESIAN_POINT('',(1.75,-2.E-02));
#15209 = VECTOR('',#15210,1.);
#15210 = DIRECTION('',(1.,0.));
#15211 = ( GEOMETRIC_REPRESENTATION_CONTEXT(2) 
PARAMETRIC_REPRESENTATION_CONTEXT() REPRESENTATION_CONTEXT('2D SPACE',''
  ) );
#15212 = ADVANCED_FACE('',(#15213),#8913,.F.);
#15213 = FACE_BOUND('',#15214,.T.);
#15214 = EDGE_LOOP('',(#15215,#15216,#15237,#15238));
#15215 = ORIENTED_EDGE('',*,*,#9982,.T.);
#15216 = ORIENTED_EDGE('',*,*,#15217,.T.);
#15217 = EDGE_CURVE('',#9960,#8797,#15218,.T.);
#15218 = SURFACE_CURVE('',#15219,(#15223,#15230),.PCURVE_S1.);
#15219 = LINE('',#15220,#15221);
#15220 = CARTESIAN_POINT('',(2.4511675,0.694863,2.88325E-02));
#15221 = VECTOR('',#15222,1.);
#15222 = DIRECTION('',(-0.216371161204,0.952033109297,0.216371161204));
#15223 = PCURVE('',#8913,#15224);
#15224 = DEFINITIONAL_REPRESENTATION('',(#15225),#15229);
#15225 = LINE('',#15226,#15227);
#15226 = CARTESIAN_POINT('',(-3.70064333934E-02,0.155137));
#15227 = VECTOR('',#15228,1.);
#15228 = DIRECTION('',(0.305995030681,-0.952033109297));
#15229 = ( GEOMETRIC_REPRESENTATION_CONTEXT(2) 
PARAMETRIC_REPRESENTATION_CONTEXT() REPRESENTATION_CONTEXT('2D SPACE',''
  ) );
#15230 = PCURVE('',#8521,#15231);
#15231 = DEFINITIONAL_REPRESENTATION('',(#15232),#15236);
#15232 = LINE('',#15233,#15234);
#15233 = CARTESIAN_POINT('',(0.230878283572,-0.2886675));
#15234 = VECTOR('',#15235,1.);
#15235 = DIRECTION('',(-0.976311180208,0.216371161204));
#15236 = ( GEOMETRIC_REPRESENTATION_CONTEXT(2) 
PARAMETRIC_REPRESENTATION_CONTEXT() REPRESENTATION_CONTEXT('2D SPACE',''
  ) );
#15237 = ORIENTED_EDGE('',*,*,#8899,.T.);
#15238 = ORIENTED_EDGE('',*,*,#14114,.T.);
#15239 = ADVANCED_FACE('',(#15240),#474,.F.);
#15240 = FACE_BOUND('',#15241,.T.);
#15241 = EDGE_LOOP('',(#15242,#15263,#15264,#15265));
#15242 = ORIENTED_EDGE('',*,*,#15243,.F.);
#15243 = EDGE_CURVE('',#15099,#436,#15244,.T.);
#15244 = SURFACE_CURVE('',#15245,(#15249,#15256),.PCURVE_S1.);
#15245 = LINE('',#15246,#15247);
#15246 = CARTESIAN_POINT('',(6.03,1.9,0.6));
#15247 = VECTOR('',#15248,1.);
#15248 = DIRECTION('',(-1.,5.243344273594E-32,2.289834988289E-16));
#15249 = PCURVE('',#474,#15250);
#15250 = DEFINITIONAL_REPRESENTATION('',(#15251),#15255);
#15251 = LINE('',#15252,#15253);
#15252 = CARTESIAN_POINT('',(-1.101239525992E-17,13.68));
#15253 = VECTOR('',#15254,1.);
#15254 = DIRECTION('',(2.465190328816E-31,-1.));
#15255 = ( GEOMETRIC_REPRESENTATION_CONTEXT(2) 
PARAMETRIC_REPRESENTATION_CONTEXT() REPRESENTATION_CONTEXT('2D SPACE',''
  ) );
#15256 = PCURVE('',#319,#15257);
#15257 = DEFINITIONAL_REPRESENTATION('',(#15258),#15262);
#15258 = LINE('',#15259,#15260);
#15259 = CARTESIAN_POINT('',(-0.36,0.34));
#15260 = VECTOR('',#15261,1.);
#15261 = DIRECTION('',(1.,0.));
#15262 = ( GEOMETRIC_REPRESENTATION_CONTEXT(2) 
PARAMETRIC_REPRESENTATION_CONTEXT() REPRESENTATION_CONTEXT('2D SPACE',''
  ) );
#15263 = ORIENTED_EDGE('',*,*,#15098,.F.);
#15264 = ORIENTED_EDGE('',*,*,#11713,.T.);
#15265 = ORIENTED_EDGE('',*,*,#458,.T.);
#15266 = ADVANCED_FACE('',(#15267),#319,.F.);
#15267 = FACE_BOUND('',#15268,.T.);
#15268 = EDGE_LOOP('',(#15269,#15292,#15313,#15314,#15315,#15316));
#15269 = ORIENTED_EDGE('',*,*,#15270,.F.);
#15270 = EDGE_CURVE('',#15271,#271,#15273,.T.);
#15271 = VERTEX_POINT('',#15272);
#15272 = CARTESIAN_POINT('',(3.22,1.9,0.94));
#15273 = SURFACE_CURVE('',#15274,(#15278,#15285),.PCURVE_S1.);
#15274 = LINE('',#15275,#15276);
#15275 = CARTESIAN_POINT('',(9.03,1.9,0.94));
#15276 = VECTOR('',#15277,1.);
#15277 = DIRECTION('',(-1.,5.243344273594E-32,2.289834988289E-16));
#15278 = PCURVE('',#319,#15279);
#15279 = DEFINITIONAL_REPRESENTATION('',(#15280),#15284);
#15280 = LINE('',#15281,#15282);
#15281 = CARTESIAN_POINT('',(-3.36,1.22901688826E-15));
#15282 = VECTOR('',#15283,1.);
#15283 = DIRECTION('',(1.,0.));
#15284 = ( GEOMETRIC_REPRESENTATION_CONTEXT(2) 
PARAMETRIC_REPRESENTATION_CONTEXT() REPRESENTATION_CONTEXT('2D SPACE',''
  ) );
#15285 = PCURVE('',#291,#15286);
#15286 = DEFINITIONAL_REPRESENTATION('',(#15287),#15291);
#15287 = LINE('',#15288,#15289);
#15288 = CARTESIAN_POINT('',(1.366275682239,2.78));
#15289 = VECTOR('',#15290,1.);
#15290 = DIRECTION('',(-2.080052407982E-46,-1.));
#15291 = ( GEOMETRIC_REPRESENTATION_CONTEXT(2) 
PARAMETRIC_REPRESENTATION_CONTEXT() REPRESENTATION_CONTEXT('2D SPACE',''
  ) );
#15292 = ORIENTED_EDGE('',*,*,#15293,.T.);
#15293 = EDGE_CURVE('',#15271,#15122,#15294,.T.);
#15294 = SURFACE_CURVE('',#15295,(#15299,#15306),.PCURVE_S1.);
#15295 = LINE('',#15296,#15297);
#15296 = CARTESIAN_POINT('',(3.318386,1.9,0.841614));
#15297 = VECTOR('',#15298,1.);
#15298 = DIRECTION('',(0.707106781187,-1.619157848018E-16,
    -0.707106781187));
#15299 = PCURVE('',#319,#15300);
#15300 = DEFINITIONAL_REPRESENTATION('',(#15301),#15305);
#15301 = LINE('',#15302,#15303);
#15302 = CARTESIAN_POINT('',(2.351614,9.8386E-02));
#15303 = VECTOR('',#15304,1.);
#15304 = DIRECTION('',(-0.707106781187,0.707106781187));
#15305 = ( GEOMETRIC_REPRESENTATION_CONTEXT(2) 
PARAMETRIC_REPRESENTATION_CONTEXT() REPRESENTATION_CONTEXT('2D SPACE',''
  ) );
#15306 = PCURVE('',#1105,#15307);
#15307 = DEFINITIONAL_REPRESENTATION('',(#15308),#15312);
#15308 = LINE('',#15309,#15310);
#15309 = CARTESIAN_POINT('',(-0.103783476488,0.296275682239));
#15310 = VECTOR('',#15311,1.);
#15311 = DIRECTION('',(-1.,-8.659274570719E-17));
#15312 = ( GEOMETRIC_REPRESENTATION_CONTEXT(2) 
PARAMETRIC_REPRESENTATION_CONTEXT() REPRESENTATION_CONTEXT('2D SPACE',''
  ) );
#15313 = ORIENTED_EDGE('',*,*,#15121,.F.);
#15314 = ORIENTED_EDGE('',*,*,#15243,.T.);
#15315 = ORIENTED_EDGE('',*,*,#435,.T.);
#15316 = ORIENTED_EDGE('',*,*,#303,.F.);
#15317 = ADVANCED_FACE('',(#15318),#1105,.F.);
#15318 = FACE_BOUND('',#15319,.T.);
#15319 = EDGE_LOOP('',(#15320,#15321,#15322,#15323));
#15320 = ORIENTED_EDGE('',*,*,#1068,.F.);
#15321 = ORIENTED_EDGE('',*,*,#15144,.F.);
#15322 = ORIENTED_EDGE('',*,*,#15293,.F.);
#15323 = ORIENTED_EDGE('',*,*,#15324,.F.);
#15324 = EDGE_CURVE('',#1022,#15271,#15325,.T.);
#15325 = SURFACE_CURVE('',#15326,(#15330,#15337),.PCURVE_S1.);
#15326 = LINE('',#15327,#15328);
#15327 = CARTESIAN_POINT('',(3.22,0.694863,0.94));
#15328 = VECTOR('',#15329,1.);
#15329 = DIRECTION('',(2.804146475864E-32,1.,-1.065228634467E-16));
#15330 = PCURVE('',#1105,#15331);
#15331 = DEFINITIONAL_REPRESENTATION('',(#15332),#15336);
#15332 = LINE('',#15333,#15334);
#15333 = CARTESIAN_POINT('',(3.535533905933E-02,-0.908861317761));
#15334 = VECTOR('',#15335,1.);
#15335 = DIRECTION('',(-1.60237371373E-31,1.));
#15336 = ( GEOMETRIC_REPRESENTATION_CONTEXT(2) 
PARAMETRIC_REPRESENTATION_CONTEXT() REPRESENTATION_CONTEXT('2D SPACE',''
  ) );
#15337 = PCURVE('',#291,#15338);
#15338 = DEFINITIONAL_REPRESENTATION('',(#15339),#15343);
#15339 = LINE('',#15340,#15341);
#15340 = CARTESIAN_POINT('',(0.161138682239,-3.03));
#15341 = VECTOR('',#15342,1.);
#15342 = DIRECTION('',(1.,-1.094764425254E-46));
#15343 = ( GEOMETRIC_REPRESENTATION_CONTEXT(2) 
PARAMETRIC_REPRESENTATION_CONTEXT() REPRESENTATION_CONTEXT('2D SPACE',''
  ) );
#15344 = ADVANCED_FACE('',(#15345),#3608,.F.);
#15345 = FACE_BOUND('',#15346,.T.);
#15346 = EDGE_LOOP('',(#15347,#15348,#15349,#15350));
#15347 = ORIENTED_EDGE('',*,*,#11681,.F.);
#15348 = ORIENTED_EDGE('',*,*,#8975,.F.);
#15349 = ORIENTED_EDGE('',*,*,#8651,.T.);
#15350 = ORIENTED_EDGE('',*,*,#3592,.T.);
#15351 = ADVANCED_FACE('',(#15352),#422,.F.);
#15352 = FACE_BOUND('',#15353,.T.);
#15353 = EDGE_LOOP('',(#15354,#15355,#15356,#15357));
#15354 = ORIENTED_EDGE('',*,*,#1045,.T.);
#15355 = ORIENTED_EDGE('',*,*,#406,.T.);
#15356 = ORIENTED_EDGE('',*,*,#4518,.T.);
#15357 = ORIENTED_EDGE('',*,*,#15165,.F.);
#15358 = ADVANCED_FACE('',(#15359),#291,.F.);
#15359 = FACE_BOUND('',#15360,.T.);
#15360 = EDGE_LOOP('',(#15361,#15362,#15363,#15364));
#15361 = ORIENTED_EDGE('',*,*,#1021,.F.);
#15362 = ORIENTED_EDGE('',*,*,#15324,.T.);
#15363 = ORIENTED_EDGE('',*,*,#15270,.T.);
#15364 = ORIENTED_EDGE('',*,*,#268,.F.);
#15365 = ADVANCED_FACE('',(#15366),#4583,.F.);
#15366 = FACE_BOUND('',#15367,.T.);
#15367 = EDGE_LOOP('',(#15368,#15369,#15370,#15371));
#15368 = ORIENTED_EDGE('',*,*,#4567,.T.);
#15369 = ORIENTED_EDGE('',*,*,#10859,.T.);
#15370 = ORIENTED_EDGE('',*,*,#9302,.T.);
#15371 = ORIENTED_EDGE('',*,*,#14999,.T.);
#15372 = ADVANCED_FACE('',(#15373),#4611,.T.);
#15373 = FACE_BOUND('',#15374,.T.);
#15374 = EDGE_LOOP('',(#15375,#15376,#15377,#15378));
#15375 = ORIENTED_EDGE('',*,*,#4595,.T.);
#15376 = ORIENTED_EDGE('',*,*,#14978,.T.);
#15377 = ORIENTED_EDGE('',*,*,#15192,.F.);
#15378 = ORIENTED_EDGE('',*,*,#15052,.F.);
#15379 = ADVANCED_FACE('',(#15380),#11193,.T.);
#15380 = FACE_BOUND('',#15381,.T.);
#15381 = EDGE_LOOP('',(#15382,#15383,#15406,#15427));
#15382 = ORIENTED_EDGE('',*,*,#14493,.T.);
#15383 = ORIENTED_EDGE('',*,*,#15384,.F.);
#15384 = EDGE_CURVE('',#15385,#14471,#15387,.T.);
#15385 = VERTEX_POINT('',#15386);
#15386 = CARTESIAN_POINT('',(2.325,1.35,0.16));
#15387 = SURFACE_CURVE('',#15388,(#15392,#15399),.PCURVE_S1.);
#15388 = LINE('',#15389,#15390);
#15389 = CARTESIAN_POINT('',(2.325,1.35,0.31));
#15390 = VECTOR('',#15391,1.);
#15391 = DIRECTION('',(2.289834988289E-16,2.289834988289E-16,1.));
#15392 = PCURVE('',#11193,#15393);
#15393 = DEFINITIONAL_REPRESENTATION('',(#15394),#15398);
#15394 = LINE('',#15395,#15396);
#15395 = CARTESIAN_POINT('',(-3.434752482434E-17,-0.15));
#15396 = VECTOR('',#15397,1.);
#15397 = DIRECTION('',(-1.,0.));
#15398 = ( GEOMETRIC_REPRESENTATION_CONTEXT(2) 
PARAMETRIC_REPRESENTATION_CONTEXT() REPRESENTATION_CONTEXT('2D SPACE',''
  ) );
#15399 = PCURVE('',#11637,#15400);
#15400 = DEFINITIONAL_REPRESENTATION('',(#15401),#15405);
#15401 = LINE('',#15402,#15403);
#15402 = CARTESIAN_POINT('',(0.104220924602,0.139499768985));
#15403 = VECTOR('',#15404,1.);
#15404 = DIRECTION('',(2.289834988289E-16,1.));
#15405 = ( GEOMETRIC_REPRESENTATION_CONTEXT(2) 
PARAMETRIC_REPRESENTATION_CONTEXT() REPRESENTATION_CONTEXT('2D SPACE',''
  ) );
#15406 = ORIENTED_EDGE('',*,*,#15407,.F.);
#15407 = EDGE_CURVE('',#11178,#15385,#15408,.T.);
#15408 = SURFACE_CURVE('',#15409,(#15413,#15420),.PCURVE_S1.);
#15409 = LINE('',#15410,#15411);
#15410 = CARTESIAN_POINT('',(2.175,1.35,0.16));
#15411 = VECTOR('',#15412,1.);
#15412 = DIRECTION('',(1.,-5.243344273594E-32,-2.289834988289E-16));
#15413 = PCURVE('',#11193,#15414);
#15414 = DEFINITIONAL_REPRESENTATION('',(#15415),#15419);
#15415 = LINE('',#15416,#15417);
#15416 = CARTESIAN_POINT('',(0.15,-3.434752482434E-17));
#15417 = VECTOR('',#15418,1.);
#15418 = DIRECTION('',(0.,-1.));
#15419 = ( GEOMETRIC_REPRESENTATION_CONTEXT(2) 
PARAMETRIC_REPRESENTATION_CONTEXT() REPRESENTATION_CONTEXT('2D SPACE',''
  ) );
#15420 = PCURVE('',#11222,#15421);
#15421 = DEFINITIONAL_REPRESENTATION('',(#15422),#15426);
#15422 = LINE('',#15423,#15424);
#15423 = CARTESIAN_POINT('',(1.570796326795,0.));
#15424 = VECTOR('',#15425,1.);
#15425 = DIRECTION('',(0.,1.));
#15426 = ( GEOMETRIC_REPRESENTATION_CONTEXT(2) 
PARAMETRIC_REPRESENTATION_CONTEXT() REPRESENTATION_CONTEXT('2D SPACE',''
  ) );
#15427 = ORIENTED_EDGE('',*,*,#11177,.T.);
#15428 = ADVANCED_FACE('',(#15429),#11222,.F.);
#15429 = FACE_BOUND('',#15430,.F.);
#15430 = EDGE_LOOP('',(#15431,#15454,#15476,#15477));
#15431 = ORIENTED_EDGE('',*,*,#15432,.T.);
#15432 = EDGE_CURVE('',#11206,#15433,#15435,.T.);
#15433 = VERTEX_POINT('',#15434);
#15434 = CARTESIAN_POINT('',(2.325,1.3,0.11));
#15435 = SURFACE_CURVE('',#15436,(#15440,#15447),.PCURVE_S1.);
#15436 = LINE('',#15437,#15438);
#15437 = CARTESIAN_POINT('',(2.175,1.3,0.11));
#15438 = VECTOR('',#15439,1.);
#15439 = DIRECTION('',(1.,-5.243344273594E-32,-2.289834988289E-16));
#15440 = PCURVE('',#11222,#15441);
#15441 = DEFINITIONAL_REPRESENTATION('',(#15442),#15446);
#15442 = LINE('',#15443,#15444);
#15443 = CARTESIAN_POINT('',(3.14159265359,0.));
#15444 = VECTOR('',#15445,1.);
#15445 = DIRECTION('',(0.,1.));
#15446 = ( GEOMETRIC_REPRESENTATION_CONTEXT(2) 
PARAMETRIC_REPRESENTATION_CONTEXT() REPRESENTATION_CONTEXT('2D SPACE',''
  ) );
#15447 = PCURVE('',#11250,#15448);
#15448 = DEFINITIONAL_REPRESENTATION('',(#15449),#15453);
#15449 = LINE('',#15450,#15451);
#15450 = CARTESIAN_POINT('',(-0.,0.));
#15451 = VECTOR('',#15452,1.);
#15452 = DIRECTION('',(0.,-1.));
#15453 = ( GEOMETRIC_REPRESENTATION_CONTEXT(2) 
PARAMETRIC_REPRESENTATION_CONTEXT() REPRESENTATION_CONTEXT('2D SPACE',''
  ) );
#15454 = ORIENTED_EDGE('',*,*,#15455,.F.);
#15455 = EDGE_CURVE('',#15385,#15433,#15456,.T.);
#15456 = SURFACE_CURVE('',#15457,(#15462,#15469),.PCURVE_S1.);
#15457 = CIRCLE('',#15458,5.E-02);
#15458 = AXIS2_PLACEMENT_3D('',#15459,#15460,#15461);
#15459 = CARTESIAN_POINT('',(2.325,1.35,0.11));
#15460 = DIRECTION('',(1.,-5.243344273594E-32,-2.289834988289E-16));
#15461 = DIRECTION('',(-2.080052407982E-46,1.,-2.289834988289E-16));
#15462 = PCURVE('',#11222,#15463);
#15463 = DEFINITIONAL_REPRESENTATION('',(#15464),#15468);
#15464 = LINE('',#15465,#15466);
#15465 = CARTESIAN_POINT('',(-2.22044604925E-16,0.15));
#15466 = VECTOR('',#15467,1.);
#15467 = DIRECTION('',(1.,0.));
#15468 = ( GEOMETRIC_REPRESENTATION_CONTEXT(2) 
PARAMETRIC_REPRESENTATION_CONTEXT() REPRESENTATION_CONTEXT('2D SPACE',''
  ) );
#15469 = PCURVE('',#11637,#15470);
#15470 = DEFINITIONAL_REPRESENTATION('',(#15471),#15475);
#15471 = CIRCLE('',#15472,5.E-02);
#15472 = AXIS2_PLACEMENT_2D('',#15473,#15474);
#15473 = CARTESIAN_POINT('',(0.104220924602,-6.050023101547E-02));
#15474 = DIRECTION('',(1.,-2.289834988289E-16));
#15475 = ( GEOMETRIC_REPRESENTATION_CONTEXT(2) 
PARAMETRIC_REPRESENTATION_CONTEXT() REPRESENTATION_CONTEXT('2D SPACE',''
  ) );
#15476 = ORIENTED_EDGE('',*,*,#15407,.F.);
#15477 = ORIENTED_EDGE('',*,*,#11205,.T.);
#15478 = ADVANCED_FACE('',(#15479),#11250,.T.);
#15479 = FACE_BOUND('',#15480,.T.);
#15480 = EDGE_LOOP('',(#15481,#15482,#15505,#15526));
#15481 = ORIENTED_EDGE('',*,*,#15432,.T.);
#15482 = ORIENTED_EDGE('',*,*,#15483,.T.);
#15483 = EDGE_CURVE('',#15433,#15484,#15486,.T.);
#15484 = VERTEX_POINT('',#15485);
#15485 = CARTESIAN_POINT('',(2.325,1.3,5.E-02));
#15486 = SURFACE_CURVE('',#15487,(#15491,#15498),.PCURVE_S1.);
#15487 = LINE('',#15488,#15489);
#15488 = CARTESIAN_POINT('',(2.325,1.3,0.11));
#15489 = VECTOR('',#15490,1.);
#15490 = DIRECTION('',(-2.289834988289E-16,-2.289834988289E-16,-1.));
#15491 = PCURVE('',#11250,#15492);
#15492 = DEFINITIONAL_REPRESENTATION('',(#15493),#15497);
#15493 = LINE('',#15494,#15495);
#15494 = CARTESIAN_POINT('',(-3.434752482434E-17,-0.15));
#15495 = VECTOR('',#15496,1.);
#15496 = DIRECTION('',(1.,0.));
#15497 = ( GEOMETRIC_REPRESENTATION_CONTEXT(2) 
PARAMETRIC_REPRESENTATION_CONTEXT() REPRESENTATION_CONTEXT('2D SPACE',''
  ) );
#15498 = PCURVE('',#11637,#15499);
#15499 = DEFINITIONAL_REPRESENTATION('',(#15500),#15504);
#15500 = LINE('',#15501,#15502);
#15501 = CARTESIAN_POINT('',(5.422092460224E-02,-6.050023101547E-02));
#15502 = VECTOR('',#15503,1.);
#15503 = DIRECTION('',(-2.289834988289E-16,-1.));
#15504 = ( GEOMETRIC_REPRESENTATION_CONTEXT(2) 
PARAMETRIC_REPRESENTATION_CONTEXT() REPRESENTATION_CONTEXT('2D SPACE',''
  ) );
#15505 = ORIENTED_EDGE('',*,*,#15506,.F.);
#15506 = EDGE_CURVE('',#11235,#15484,#15507,.T.);
#15507 = SURFACE_CURVE('',#15508,(#15512,#15519),.PCURVE_S1.);
#15508 = LINE('',#15509,#15510);
#15509 = CARTESIAN_POINT('',(2.175,1.3,5.E-02));
#15510 = VECTOR('',#15511,1.);
#15511 = DIRECTION('',(1.,-5.243344273594E-32,-2.289834988289E-16));
#15512 = PCURVE('',#11250,#15513);
#15513 = DEFINITIONAL_REPRESENTATION('',(#15514),#15518);
#15514 = LINE('',#15515,#15516);
#15515 = CARTESIAN_POINT('',(6.E-02,-1.373900992974E-17));
#15516 = VECTOR('',#15517,1.);
#15517 = DIRECTION('',(0.,-1.));
#15518 = ( GEOMETRIC_REPRESENTATION_CONTEXT(2) 
PARAMETRIC_REPRESENTATION_CONTEXT() REPRESENTATION_CONTEXT('2D SPACE',''
  ) );
#15519 = PCURVE('',#11278,#15520);
#15520 = DEFINITIONAL_REPRESENTATION('',(#15521),#15525);
#15521 = LINE('',#15522,#15523);
#15522 = CARTESIAN_POINT('',(-0.,0.));
#15523 = VECTOR('',#15524,1.);
#15524 = DIRECTION('',(2.465190328816E-32,-1.));
#15525 = ( GEOMETRIC_REPRESENTATION_CONTEXT(2) 
PARAMETRIC_REPRESENTATION_CONTEXT() REPRESENTATION_CONTEXT('2D SPACE',''
  ) );
#15526 = ORIENTED_EDGE('',*,*,#11234,.F.);
#15527 = ADVANCED_FACE('',(#15528),#11278,.T.);
#15528 = FACE_BOUND('',#15529,.T.);
#15529 = EDGE_LOOP('',(#15530,#15531,#15532,#15555));
#15530 = ORIENTED_EDGE('',*,*,#11262,.F.);
#15531 = ORIENTED_EDGE('',*,*,#15506,.T.);
#15532 = ORIENTED_EDGE('',*,*,#15533,.T.);
#15533 = EDGE_CURVE('',#15484,#15534,#15536,.T.);
#15534 = VERTEX_POINT('',#15535);
#15535 = CARTESIAN_POINT('',(2.325,1.25,-1.554312234475E-15));
#15536 = SURFACE_CURVE('',#15537,(#15541,#15548),.PCURVE_S1.);
#15537 = LINE('',#15538,#15539);
#15538 = CARTESIAN_POINT('',(2.325,1.3,5.E-02));
#15539 = VECTOR('',#15540,1.);
#15540 = DIRECTION('',(-1.619157848018E-16,-0.707106781187,
    -0.707106781186));
#15541 = PCURVE('',#11278,#15542);
#15542 = DEFINITIONAL_REPRESENTATION('',(#15543),#15547);
#15543 = LINE('',#15544,#15545);
#15544 = CARTESIAN_POINT('',(1.987148268022E-17,-0.15));
#15545 = VECTOR('',#15546,1.);
#15546 = DIRECTION('',(1.,-7.395570986447E-32));
#15547 = ( GEOMETRIC_REPRESENTATION_CONTEXT(2) 
PARAMETRIC_REPRESENTATION_CONTEXT() REPRESENTATION_CONTEXT('2D SPACE',''
  ) );
#15548 = PCURVE('',#11637,#15549);
#15549 = DEFINITIONAL_REPRESENTATION('',(#15550),#15554);
#15550 = LINE('',#15551,#15552);
#15551 = CARTESIAN_POINT('',(5.422092460224E-02,-0.120500231015));
#15552 = VECTOR('',#15553,1.);
#15553 = DIRECTION('',(-0.707106781187,-0.707106781186));
#15554 = ( GEOMETRIC_REPRESENTATION_CONTEXT(2) 
PARAMETRIC_REPRESENTATION_CONTEXT() REPRESENTATION_CONTEXT('2D SPACE',''
  ) );
#15555 = ORIENTED_EDGE('',*,*,#15556,.F.);
#15556 = EDGE_CURVE('',#11263,#15534,#15557,.T.);
#15557 = SURFACE_CURVE('',#15558,(#15562,#15569),.PCURVE_S1.);
#15558 = LINE('',#15559,#15560);
#15559 = CARTESIAN_POINT('',(2.175,1.25,-1.7763568394E-15));
#15560 = VECTOR('',#15561,1.);
#15561 = DIRECTION('',(1.,-5.243344273594E-32,-2.289834988289E-16));
#15562 = PCURVE('',#11278,#15563);
#15563 = DEFINITIONAL_REPRESENTATION('',(#15564),#15568);
#15564 = LINE('',#15565,#15566);
#15565 = CARTESIAN_POINT('',(7.071067811866E-02,-1.144917494145E-17));
#15566 = VECTOR('',#15567,1.);
#15567 = DIRECTION('',(2.465190328816E-32,-1.));
#15568 = ( GEOMETRIC_REPRESENTATION_CONTEXT(2) 
PARAMETRIC_REPRESENTATION_CONTEXT() REPRESENTATION_CONTEXT('2D SPACE',''
  ) );
#15569 = PCURVE('',#11306,#15570);
#15570 = DEFINITIONAL_REPRESENTATION('',(#15571),#15575);
#15571 = LINE('',#15572,#15573);
#15572 = CARTESIAN_POINT('',(0.,0.));
#15573 = VECTOR('',#15574,1.);
#15574 = DIRECTION('',(-2.080052407982E-46,-1.));
#15575 = ( GEOMETRIC_REPRESENTATION_CONTEXT(2) 
PARAMETRIC_REPRESENTATION_CONTEXT() REPRESENTATION_CONTEXT('2D SPACE',''
  ) );
#15576 = ADVANCED_FACE('',(#15577),#11306,.T.);
#15577 = FACE_BOUND('',#15578,.T.);
#15578 = EDGE_LOOP('',(#15579,#15580,#15581,#15604));
#15579 = ORIENTED_EDGE('',*,*,#11290,.T.);
#15580 = ORIENTED_EDGE('',*,*,#15556,.T.);
#15581 = ORIENTED_EDGE('',*,*,#15582,.F.);
#15582 = EDGE_CURVE('',#15583,#15534,#15585,.T.);
#15583 = VERTEX_POINT('',#15584);
#15584 = CARTESIAN_POINT('',(2.325,0.92,-1.7763568394E-15));
#15585 = SURFACE_CURVE('',#15586,(#15590,#15597),.PCURVE_S1.);
#15586 = LINE('',#15587,#15588);
#15587 = CARTESIAN_POINT('',(2.325,0.92,-1.7763568394E-15));
#15588 = VECTOR('',#15589,1.);
#15589 = DIRECTION('',(0.,1.,-2.289834988289E-16));
#15590 = PCURVE('',#11306,#15591);
#15591 = DEFINITIONAL_REPRESENTATION('',(#15592),#15596);
#15592 = LINE('',#15593,#15594);
#15593 = CARTESIAN_POINT('',(0.33,-0.15));
#15594 = VECTOR('',#15595,1.);
#15595 = DIRECTION('',(-1.,0.));
#15596 = ( GEOMETRIC_REPRESENTATION_CONTEXT(2) 
PARAMETRIC_REPRESENTATION_CONTEXT() REPRESENTATION_CONTEXT('2D SPACE',''
  ) );
#15597 = PCURVE('',#11637,#15598);
#15598 = DEFINITIONAL_REPRESENTATION('',(#15599),#15603);
#15599 = LINE('',#15600,#15601);
#15600 = CARTESIAN_POINT('',(-0.325779075398,-0.170500231015));
#15601 = VECTOR('',#15602,1.);
#15602 = DIRECTION('',(1.,-2.289834988289E-16));
#15603 = ( GEOMETRIC_REPRESENTATION_CONTEXT(2) 
PARAMETRIC_REPRESENTATION_CONTEXT() REPRESENTATION_CONTEXT('2D SPACE',''
  ) );
#15604 = ORIENTED_EDGE('',*,*,#15605,.F.);
#15605 = EDGE_CURVE('',#11291,#15583,#15606,.T.);
#15606 = SURFACE_CURVE('',#15607,(#15611,#15618),.PCURVE_S1.);
#15607 = LINE('',#15608,#15609);
#15608 = CARTESIAN_POINT('',(2.175,0.92,-1.665334536938E-15));
#15609 = VECTOR('',#15610,1.);
#15610 = DIRECTION('',(1.,-5.243344273594E-32,-2.289834988289E-16));
#15611 = PCURVE('',#11306,#15612);
#15612 = DEFINITIONAL_REPRESENTATION('',(#15613),#15617);
#15613 = LINE('',#15614,#15615);
#15614 = CARTESIAN_POINT('',(0.33,5.473822126269E-48));
#15615 = VECTOR('',#15616,1.);
#15616 = DIRECTION('',(-2.080052407982E-46,-1.));
#15617 = ( GEOMETRIC_REPRESENTATION_CONTEXT(2) 
PARAMETRIC_REPRESENTATION_CONTEXT() REPRESENTATION_CONTEXT('2D SPACE',''
  ) );
#15618 = PCURVE('',#11334,#15619);
#15619 = DEFINITIONAL_REPRESENTATION('',(#15620),#15624);
#15620 = LINE('',#15621,#15622);
#15621 = CARTESIAN_POINT('',(0.,0.));
#15622 = VECTOR('',#15623,1.);
#15623 = DIRECTION('',(0.,-1.));
#15624 = ( GEOMETRIC_REPRESENTATION_CONTEXT(2) 
PARAMETRIC_REPRESENTATION_CONTEXT() REPRESENTATION_CONTEXT('2D SPACE',''
  ) );
#15625 = ADVANCED_FACE('',(#15626),#11334,.T.);
#15626 = FACE_BOUND('',#15627,.T.);
#15627 = EDGE_LOOP('',(#15628,#15629,#15630,#15653));
#15628 = ORIENTED_EDGE('',*,*,#11318,.F.);
#15629 = ORIENTED_EDGE('',*,*,#15605,.T.);
#15630 = ORIENTED_EDGE('',*,*,#15631,.T.);
#15631 = EDGE_CURVE('',#15583,#15632,#15634,.T.);
#15632 = VERTEX_POINT('',#15633);
#15633 = CARTESIAN_POINT('',(2.325,0.92,3.619548911246E-02));
#15634 = SURFACE_CURVE('',#15635,(#15639,#15646),.PCURVE_S1.);
#15635 = LINE('',#15636,#15637);
#15636 = CARTESIAN_POINT('',(2.325,0.92,-1.7763568394E-15));
#15637 = VECTOR('',#15638,1.);
#15638 = DIRECTION('',(2.289834988289E-16,2.289834988289E-16,1.));
#15639 = PCURVE('',#11334,#15640);
#15640 = DEFINITIONAL_REPRESENTATION('',(#15641),#15645);
#15641 = LINE('',#15642,#15643);
#15642 = CARTESIAN_POINT('',(-7.667477763818E-17,-0.15));
#15643 = VECTOR('',#15644,1.);
#15644 = DIRECTION('',(1.,0.));
#15645 = ( GEOMETRIC_REPRESENTATION_CONTEXT(2) 
PARAMETRIC_REPRESENTATION_CONTEXT() REPRESENTATION_CONTEXT('2D SPACE',''
  ) );
#15646 = PCURVE('',#11637,#15647);
#15647 = DEFINITIONAL_REPRESENTATION('',(#15648),#15652);
#15648 = LINE('',#15649,#15650);
#15649 = CARTESIAN_POINT('',(-0.325779075398,-0.170500231015));
#15650 = VECTOR('',#15651,1.);
#15651 = DIRECTION('',(2.289834988289E-16,1.));
#15652 = ( GEOMETRIC_REPRESENTATION_CONTEXT(2) 
PARAMETRIC_REPRESENTATION_CONTEXT() REPRESENTATION_CONTEXT('2D SPACE',''
  ) );
#15653 = ORIENTED_EDGE('',*,*,#15654,.F.);
#15654 = EDGE_CURVE('',#11319,#15632,#15655,.T.);
#15655 = SURFACE_CURVE('',#15656,(#15660,#15667),.PCURVE_S1.);
#15656 = LINE('',#15657,#15658);
#15657 = CARTESIAN_POINT('',(2.175,0.92,3.619548911246E-02));
#15658 = VECTOR('',#15659,1.);
#15659 = DIRECTION('',(1.,-5.243344273594E-32,-2.289834988289E-16));
#15660 = PCURVE('',#11334,#15661);
#15661 = DEFINITIONAL_REPRESENTATION('',(#15662),#15666);
#15662 = LINE('',#15663,#15664);
#15663 = CARTESIAN_POINT('',(3.619548911246E-02,8.288169738796E-18));
#15664 = VECTOR('',#15665,1.);
#15665 = DIRECTION('',(0.,-1.));
#15666 = ( GEOMETRIC_REPRESENTATION_CONTEXT(2) 
PARAMETRIC_REPRESENTATION_CONTEXT() REPRESENTATION_CONTEXT('2D SPACE',''
  ) );
#15667 = PCURVE('',#11363,#15668);
#15668 = DEFINITIONAL_REPRESENTATION('',(#15669),#15673);
#15669 = LINE('',#15670,#15671);
#15670 = CARTESIAN_POINT('',(3.14159265359,0.));
#15671 = VECTOR('',#15672,1.);
#15672 = DIRECTION('',(0.,1.));
#15673 = ( GEOMETRIC_REPRESENTATION_CONTEXT(2) 
PARAMETRIC_REPRESENTATION_CONTEXT() REPRESENTATION_CONTEXT('2D SPACE',''
  ) );
#15674 = ADVANCED_FACE('',(#15675),#11363,.T.);
#15675 = FACE_BOUND('',#15676,.T.);
#15676 = EDGE_LOOP('',(#15677,#15678,#15679,#15703));
#15677 = ORIENTED_EDGE('',*,*,#11346,.T.);
#15678 = ORIENTED_EDGE('',*,*,#15654,.T.);
#15679 = ORIENTED_EDGE('',*,*,#15680,.F.);
#15680 = EDGE_CURVE('',#15681,#15632,#15683,.T.);
#15681 = VERTEX_POINT('',#15682);
#15682 = CARTESIAN_POINT('',(2.325,0.943186633611,6.541154699934E-02));
#15683 = SURFACE_CURVE('',#15684,(#15689,#15696),.PCURVE_S1.);
#15684 = CIRCLE('',#15685,3.E-02);
#15685 = AXIS2_PLACEMENT_3D('',#15686,#15687,#15688);
#15686 = CARTESIAN_POINT('',(2.325,0.95,3.619548911246E-02));
#15687 = DIRECTION('',(1.,-5.243344273594E-32,-2.289834988289E-16));
#15688 = DIRECTION('',(-2.080052407982E-46,1.,-2.289834988289E-16));
#15689 = PCURVE('',#11363,#15690);
#15690 = DEFINITIONAL_REPRESENTATION('',(#15691),#15695);
#15691 = LINE('',#15692,#15693);
#15692 = CARTESIAN_POINT('',(-2.22044604925E-16,0.15));
#15693 = VECTOR('',#15694,1.);
#15694 = DIRECTION('',(1.,0.));
#15695 = ( GEOMETRIC_REPRESENTATION_CONTEXT(2) 
PARAMETRIC_REPRESENTATION_CONTEXT() REPRESENTATION_CONTEXT('2D SPACE',''
  ) );
#15696 = PCURVE('',#11637,#15697);
#15697 = DEFINITIONAL_REPRESENTATION('',(#15698),#15702);
#15698 = CIRCLE('',#15699,3.E-02);
#15699 = AXIS2_PLACEMENT_2D('',#15700,#15701);
#15700 = CARTESIAN_POINT('',(-0.295779075398,-0.134304741903));
#15701 = DIRECTION('',(1.,-2.289834988289E-16));
#15702 = ( GEOMETRIC_REPRESENTATION_CONTEXT(2) 
PARAMETRIC_REPRESENTATION_CONTEXT() REPRESENTATION_CONTEXT('2D SPACE',''
  ) );
#15703 = ORIENTED_EDGE('',*,*,#15704,.F.);
#15704 = EDGE_CURVE('',#11347,#15681,#15705,.T.);
#15705 = SURFACE_CURVE('',#15706,(#15710,#15717),.PCURVE_S1.);
#15706 = LINE('',#15707,#15708);
#15707 = CARTESIAN_POINT('',(2.175,0.943186633611,6.541154699934E-02));
#15708 = VECTOR('',#15709,1.);
#15709 = DIRECTION('',(1.,-5.243344273594E-32,-2.289834988289E-16));
#15710 = PCURVE('',#11363,#15711);
#15711 = DEFINITIONAL_REPRESENTATION('',(#15712),#15716);
#15712 = LINE('',#15713,#15714);
#15713 = CARTESIAN_POINT('',(1.799907705522,0.));
#15714 = VECTOR('',#15715,1.);
#15715 = DIRECTION('',(0.,1.));
#15716 = ( GEOMETRIC_REPRESENTATION_CONTEXT(2) 
PARAMETRIC_REPRESENTATION_CONTEXT() REPRESENTATION_CONTEXT('2D SPACE',''
  ) );
#15717 = PCURVE('',#11391,#15718);
#15718 = DEFINITIONAL_REPRESENTATION('',(#15719),#15723);
#15719 = LINE('',#15720,#15721);
#15720 = CARTESIAN_POINT('',(0.,0.));
#15721 = VECTOR('',#15722,1.);
#15722 = DIRECTION('',(-9.244463733059E-32,-1.));
#15723 = ( GEOMETRIC_REPRESENTATION_CONTEXT(2) 
PARAMETRIC_REPRESENTATION_CONTEXT() REPRESENTATION_CONTEXT('2D SPACE',''
  ) );
#15724 = ADVANCED_FACE('',(#15725),#11391,.T.);
#15725 = FACE_BOUND('',#15726,.T.);
#15726 = EDGE_LOOP('',(#15727,#15728,#15729,#15730));
#15727 = ORIENTED_EDGE('',*,*,#11600,.T.);
#15728 = ORIENTED_EDGE('',*,*,#11375,.F.);
#15729 = ORIENTED_EDGE('',*,*,#15704,.T.);
#15730 = ORIENTED_EDGE('',*,*,#15731,.T.);
#15731 = EDGE_CURVE('',#15681,#11601,#15732,.T.);
#15732 = SURFACE_CURVE('',#15733,(#15737,#15744),.PCURVE_S1.);
#15733 = LINE('',#15734,#15735);
#15734 = CARTESIAN_POINT('',(2.325,0.943186633611,6.541154699934E-02));
#15735 = VECTOR('',#15736,1.);
#15736 = DIRECTION('',(5.200494915182E-17,0.973868596229,0.227112212966)
  );
#15737 = PCURVE('',#11391,#15738);
#15738 = DEFINITIONAL_REPRESENTATION('',(#15739),#15743);
#15739 = LINE('',#15740,#15741);
#15740 = CARTESIAN_POINT('',(-1.654702927558E-18,-0.15));
#15741 = VECTOR('',#15742,1.);
#15742 = DIRECTION('',(1.,-3.697785493223E-32));
#15743 = ( GEOMETRIC_REPRESENTATION_CONTEXT(2) 
PARAMETRIC_REPRESENTATION_CONTEXT() REPRESENTATION_CONTEXT('2D SPACE',''
  ) );
#15744 = PCURVE('',#11637,#15745);
#15745 = DEFINITIONAL_REPRESENTATION('',(#15746),#15750);
#15746 = LINE('',#15747,#15748);
#15747 = CARTESIAN_POINT('',(-0.302592441787,-0.105088684016));
#15748 = VECTOR('',#15749,1.);
#15749 = DIRECTION('',(0.973868596229,0.227112212966));
#15750 = ( GEOMETRIC_REPRESENTATION_CONTEXT(2) 
PARAMETRIC_REPRESENTATION_CONTEXT() REPRESENTATION_CONTEXT('2D SPACE',''
  ) );
#15751 = ADVANCED_FACE('',(#15752),#14554,.T.);
#15752 = FACE_BOUND('',#15753,.T.);
#15753 = EDGE_LOOP('',(#15754,#15784,#15812,#15841,#15869,#15897,#15925,
    #15953,#15982,#16003,#16004));
#15754 = ORIENTED_EDGE('',*,*,#15755,.T.);
#15755 = EDGE_CURVE('',#15756,#15758,#15760,.T.);
#15756 = VERTEX_POINT('',#15757);
#15757 = CARTESIAN_POINT('',(1.825,1.,8.E-02));
#15758 = VERTEX_POINT('',#15759);
#15759 = CARTESIAN_POINT('',(1.825,1.,7.866077735406E-02));
#15760 = SURFACE_CURVE('',#15761,(#15765,#15772),.PCURVE_S1.);
#15761 = LINE('',#15762,#15763);
#15762 = CARTESIAN_POINT('',(1.825,1.,0.841614));
#15763 = VECTOR('',#15764,1.);
#15764 = DIRECTION('',(-2.289834988289E-16,-1.065228634467E-16,-1.));
#15765 = PCURVE('',#14554,#15766);
#15766 = DEFINITIONAL_REPRESENTATION('',(#15767),#15771);
#15767 = LINE('',#15768,#15769);
#15768 = CARTESIAN_POINT('',(-0.245779075398,0.671113768985));
#15769 = VECTOR('',#15770,1.);
#15770 = DIRECTION('',(-1.065228634467E-16,-1.));
#15771 = ( GEOMETRIC_REPRESENTATION_CONTEXT(2) 
PARAMETRIC_REPRESENTATION_CONTEXT() REPRESENTATION_CONTEXT('2D SPACE',''
  ) );
#15772 = PCURVE('',#15773,#15778);
#15773 = PLANE('',#15774);
#15774 = AXIS2_PLACEMENT_3D('',#15775,#15776,#15777);
#15775 = CARTESIAN_POINT('',(1.825,1.,7.866077735406E-02));
#15776 = DIRECTION('',(2.804146475864E-32,1.,-1.065228634467E-16));
#15777 = DIRECTION('',(-2.289834988289E-16,-1.065228634467E-16,-1.));
#15778 = DEFINITIONAL_REPRESENTATION('',(#15779),#15783);
#15779 = LINE('',#15780,#15781);
#15780 = CARTESIAN_POINT('',(-0.762953222646,1.747036983643E-16));
#15781 = VECTOR('',#15782,1.);
#15782 = DIRECTION('',(1.,0.));
#15783 = ( GEOMETRIC_REPRESENTATION_CONTEXT(2) 
PARAMETRIC_REPRESENTATION_CONTEXT() REPRESENTATION_CONTEXT('2D SPACE',''
  ) );
#15784 = ORIENTED_EDGE('',*,*,#15785,.F.);
#15785 = EDGE_CURVE('',#15786,#15758,#15788,.T.);
#15786 = VERTEX_POINT('',#15787);
#15787 = CARTESIAN_POINT('',(1.825,0.943186633611,6.541154699934E-02));
#15788 = SURFACE_CURVE('',#15789,(#15793,#15800),.PCURVE_S1.);
#15789 = LINE('',#15790,#15791);
#15790 = CARTESIAN_POINT('',(1.825,0.694863,7.500931358165E-03));
#15791 = VECTOR('',#15792,1.);
#15792 = DIRECTION('',(5.200494915182E-17,0.973868596229,0.227112212966)
  );
#15793 = PCURVE('',#14554,#15794);
#15794 = DEFINITIONAL_REPRESENTATION('',(#15795),#15799);
#15795 = LINE('',#15796,#15797);
#15796 = CARTESIAN_POINT('',(-0.550916075398,-0.162999299657));
#15797 = VECTOR('',#15798,1.);
#15798 = DIRECTION('',(0.973868596229,0.227112212966));
#15799 = ( GEOMETRIC_REPRESENTATION_CONTEXT(2) 
PARAMETRIC_REPRESENTATION_CONTEXT() REPRESENTATION_CONTEXT('2D SPACE',''
  ) );
#15800 = PCURVE('',#15801,#15806);
#15801 = PLANE('',#15802);
#15802 = AXIS2_PLACEMENT_3D('',#15803,#15804,#15805);
#15803 = CARTESIAN_POINT('',(1.675,0.943186633611,6.541154699934E-02));
#15804 = DIRECTION('',(2.229998385642E-16,-0.227112212966,0.973868596229
    ));
#15805 = DIRECTION('',(5.200494915182E-17,0.973868596229,0.227112212966)
  );
#15806 = DEFINITIONAL_REPRESENTATION('',(#15807),#15811);
#15807 = LINE('',#15808,#15809);
#15808 = CARTESIAN_POINT('',(-0.254986796548,-0.15));
#15809 = VECTOR('',#15810,1.);
#15810 = DIRECTION('',(1.,-3.697785493223E-32));
#15811 = ( GEOMETRIC_REPRESENTATION_CONTEXT(2) 
PARAMETRIC_REPRESENTATION_CONTEXT() REPRESENTATION_CONTEXT('2D SPACE',''
  ) );
#15812 = ORIENTED_EDGE('',*,*,#15813,.T.);
#15813 = EDGE_CURVE('',#15786,#15814,#15816,.T.);
#15814 = VERTEX_POINT('',#15815);
#15815 = CARTESIAN_POINT('',(1.825,0.92,3.619548911246E-02));
#15816 = SURFACE_CURVE('',#15817,(#15822,#15829),.PCURVE_S1.);
#15817 = CIRCLE('',#15818,3.E-02);
#15818 = AXIS2_PLACEMENT_3D('',#15819,#15820,#15821);
#15819 = CARTESIAN_POINT('',(1.825,0.95,3.619548911246E-02));
#15820 = DIRECTION('',(1.,-5.243344273594E-32,-2.289834988289E-16));
#15821 = DIRECTION('',(-2.080052407982E-46,1.,-2.289834988289E-16));
#15822 = PCURVE('',#14554,#15823);
#15823 = DEFINITIONAL_REPRESENTATION('',(#15824),#15828);
#15824 = CIRCLE('',#15825,3.E-02);
#15825 = AXIS2_PLACEMENT_2D('',#15826,#15827);
#15826 = CARTESIAN_POINT('',(-0.295779075398,-0.134304741903));
#15827 = DIRECTION('',(1.,-2.289834988289E-16));
#15828 = ( GEOMETRIC_REPRESENTATION_CONTEXT(2) 
PARAMETRIC_REPRESENTATION_CONTEXT() REPRESENTATION_CONTEXT('2D SPACE',''
  ) );
#15829 = PCURVE('',#15830,#15835);
#15830 = CYLINDRICAL_SURFACE('',#15831,3.E-02);
#15831 = AXIS2_PLACEMENT_3D('',#15832,#15833,#15834);
#15832 = CARTESIAN_POINT('',(1.675,0.95,3.619548911246E-02));
#15833 = DIRECTION('',(1.,-5.243344273594E-32,-2.289834988289E-16));
#15834 = DIRECTION('',(-2.080052407982E-46,1.,-2.289834988289E-16));
#15835 = DEFINITIONAL_REPRESENTATION('',(#15836),#15840);
#15836 = LINE('',#15837,#15838);
#15837 = CARTESIAN_POINT('',(-2.22044604925E-16,0.15));
#15838 = VECTOR('',#15839,1.);
#15839 = DIRECTION('',(1.,0.));
#15840 = ( GEOMETRIC_REPRESENTATION_CONTEXT(2) 
PARAMETRIC_REPRESENTATION_CONTEXT() REPRESENTATION_CONTEXT('2D SPACE',''
  ) );
#15841 = ORIENTED_EDGE('',*,*,#15842,.F.);
#15842 = EDGE_CURVE('',#15843,#15814,#15845,.T.);
#15843 = VERTEX_POINT('',#15844);
#15844 = CARTESIAN_POINT('',(1.825,0.92,-1.443289932013E-15));
#15845 = SURFACE_CURVE('',#15846,(#15850,#15857),.PCURVE_S1.);
#15846 = LINE('',#15847,#15848);
#15847 = CARTESIAN_POINT('',(1.825,0.92,0.841614));
#15848 = VECTOR('',#15849,1.);
#15849 = DIRECTION('',(2.289834988289E-16,2.289834988289E-16,1.));
#15850 = PCURVE('',#14554,#15851);
#15851 = DEFINITIONAL_REPRESENTATION('',(#15852),#15856);
#15852 = LINE('',#15853,#15854);
#15853 = CARTESIAN_POINT('',(-0.325779075398,0.671113768985));
#15854 = VECTOR('',#15855,1.);
#15855 = DIRECTION('',(2.289834988289E-16,1.));
#15856 = ( GEOMETRIC_REPRESENTATION_CONTEXT(2) 
PARAMETRIC_REPRESENTATION_CONTEXT() REPRESENTATION_CONTEXT('2D SPACE',''
  ) );
#15857 = PCURVE('',#15858,#15863);
#15858 = PLANE('',#15859);
#15859 = AXIS2_PLACEMENT_3D('',#15860,#15861,#15862);
#15860 = CARTESIAN_POINT('',(1.675,0.92,-1.33226762955E-15));
#15861 = DIRECTION('',(0.,-1.,2.289834988289E-16));
#15862 = DIRECTION('',(2.289834988289E-16,2.289834988289E-16,1.));
#15863 = DEFINITIONAL_REPRESENTATION('',(#15864),#15868);
#15864 = LINE('',#15865,#15866);
#15865 = CARTESIAN_POINT('',(0.841614,-0.15));
#15866 = VECTOR('',#15867,1.);
#15867 = DIRECTION('',(1.,0.));
#15868 = ( GEOMETRIC_REPRESENTATION_CONTEXT(2) 
PARAMETRIC_REPRESENTATION_CONTEXT() REPRESENTATION_CONTEXT('2D SPACE',''
  ) );
#15869 = ORIENTED_EDGE('',*,*,#15870,.F.);
#15870 = EDGE_CURVE('',#15871,#15843,#15873,.T.);
#15871 = VERTEX_POINT('',#15872);
#15872 = CARTESIAN_POINT('',(1.825,1.25,-1.554312234475E-15));
#15873 = SURFACE_CURVE('',#15874,(#15878,#15885),.PCURVE_S1.);
#15874 = LINE('',#15875,#15876);
#15875 = CARTESIAN_POINT('',(1.825,0.694863,-1.443289932013E-15));
#15876 = VECTOR('',#15877,1.);
#15877 = DIRECTION('',(0.,-1.,2.289834988289E-16));
#15878 = PCURVE('',#14554,#15879);
#15879 = DEFINITIONAL_REPRESENTATION('',(#15880),#15884);
#15880 = LINE('',#15881,#15882);
#15881 = CARTESIAN_POINT('',(-0.550916075398,-0.170500231015));
#15882 = VECTOR('',#15883,1.);
#15883 = DIRECTION('',(-1.,2.289834988289E-16));
#15884 = ( GEOMETRIC_REPRESENTATION_CONTEXT(2) 
PARAMETRIC_REPRESENTATION_CONTEXT() REPRESENTATION_CONTEXT('2D SPACE',''
  ) );
#15885 = PCURVE('',#15886,#15891);
#15886 = PLANE('',#15887);
#15887 = AXIS2_PLACEMENT_3D('',#15888,#15889,#15890);
#15888 = CARTESIAN_POINT('',(1.675,1.25,-1.443289932013E-15));
#15889 = DIRECTION('',(-2.289834988289E-16,-2.289834988289E-16,-1.));
#15890 = DIRECTION('',(0.,-1.,2.289834988289E-16));
#15891 = DEFINITIONAL_REPRESENTATION('',(#15892),#15896);
#15892 = LINE('',#15893,#15894);
#15893 = CARTESIAN_POINT('',(0.555137,-0.15));
#15894 = VECTOR('',#15895,1.);
#15895 = DIRECTION('',(1.,0.));
#15896 = ( GEOMETRIC_REPRESENTATION_CONTEXT(2) 
PARAMETRIC_REPRESENTATION_CONTEXT() REPRESENTATION_CONTEXT('2D SPACE',''
  ) );
#15897 = ORIENTED_EDGE('',*,*,#15898,.F.);
#15898 = EDGE_CURVE('',#15899,#15871,#15901,.T.);
#15899 = VERTEX_POINT('',#15900);
#15900 = CARTESIAN_POINT('',(1.825,1.3,5.E-02));
#15901 = SURFACE_CURVE('',#15902,(#15906,#15913),.PCURVE_S1.);
#15902 = LINE('',#15903,#15904);
#15903 = CARTESIAN_POINT('',(1.825,0.694863,-0.555137));
#15904 = VECTOR('',#15905,1.);
#15905 = DIRECTION('',(-1.619157848018E-16,-0.707106781187,
    -0.707106781186));
#15906 = PCURVE('',#14554,#15907);
#15907 = DEFINITIONAL_REPRESENTATION('',(#15908),#15912);
#15908 = LINE('',#15909,#15910);
#15909 = CARTESIAN_POINT('',(-0.550916075398,-0.725637231015));
#15910 = VECTOR('',#15911,1.);
#15911 = DIRECTION('',(-0.707106781187,-0.707106781186));
#15912 = ( GEOMETRIC_REPRESENTATION_CONTEXT(2) 
PARAMETRIC_REPRESENTATION_CONTEXT() REPRESENTATION_CONTEXT('2D SPACE',''
  ) );
#15913 = PCURVE('',#15914,#15919);
#15914 = PLANE('',#15915);
#15915 = AXIS2_PLACEMENT_3D('',#15916,#15917,#15918);
#15916 = CARTESIAN_POINT('',(1.675,1.3,5.E-02));
#15917 = DIRECTION('',(-1.619157848018E-16,0.707106781186,
    -0.707106781187));
#15918 = DIRECTION('',(-1.619157848018E-16,-0.707106781187,
    -0.707106781186));
#15919 = DEFINITIONAL_REPRESENTATION('',(#15920),#15924);
#15920 = LINE('',#15921,#15922);
#15921 = CARTESIAN_POINT('',(0.855792952494,-0.15));
#15922 = VECTOR('',#15923,1.);
#15923 = DIRECTION('',(1.,-7.395570986447E-32));
#15924 = ( GEOMETRIC_REPRESENTATION_CONTEXT(2) 
PARAMETRIC_REPRESENTATION_CONTEXT() REPRESENTATION_CONTEXT('2D SPACE',''
  ) );
#15925 = ORIENTED_EDGE('',*,*,#15926,.F.);
#15926 = EDGE_CURVE('',#15927,#15899,#15929,.T.);
#15927 = VERTEX_POINT('',#15928);
#15928 = CARTESIAN_POINT('',(1.825,1.3,0.11));
#15929 = SURFACE_CURVE('',#15930,(#15934,#15941),.PCURVE_S1.);
#15930 = LINE('',#15931,#15932);
#15931 = CARTESIAN_POINT('',(1.825,1.3,0.841614));
#15932 = VECTOR('',#15933,1.);
#15933 = DIRECTION('',(-2.289834988289E-16,-2.289834988289E-16,-1.));
#15934 = PCURVE('',#14554,#15935);
#15935 = DEFINITIONAL_REPRESENTATION('',(#15936),#15940);
#15936 = LINE('',#15937,#15938);
#15937 = CARTESIAN_POINT('',(5.422092460224E-02,0.671113768985));
#15938 = VECTOR('',#15939,1.);
#15939 = DIRECTION('',(-2.289834988289E-16,-1.));
#15940 = ( GEOMETRIC_REPRESENTATION_CONTEXT(2) 
PARAMETRIC_REPRESENTATION_CONTEXT() REPRESENTATION_CONTEXT('2D SPACE',''
  ) );
#15941 = PCURVE('',#15942,#15947);
#15942 = PLANE('',#15943);
#15943 = AXIS2_PLACEMENT_3D('',#15944,#15945,#15946);
#15944 = CARTESIAN_POINT('',(1.675,1.3,0.11));
#15945 = DIRECTION('',(0.,1.,-2.289834988289E-16));
#15946 = DIRECTION('',(-2.289834988289E-16,-2.289834988289E-16,-1.));
#15947 = DEFINITIONAL_REPRESENTATION('',(#15948),#15952);
#15948 = LINE('',#15949,#15950);
#15949 = CARTESIAN_POINT('',(-0.731614,-0.15));
#15950 = VECTOR('',#15951,1.);
#15951 = DIRECTION('',(1.,0.));
#15952 = ( GEOMETRIC_REPRESENTATION_CONTEXT(2) 
PARAMETRIC_REPRESENTATION_CONTEXT() REPRESENTATION_CONTEXT('2D SPACE',''
  ) );
#15953 = ORIENTED_EDGE('',*,*,#15954,.F.);
#15954 = EDGE_CURVE('',#15955,#15927,#15957,.T.);
#15955 = VERTEX_POINT('',#15956);
#15956 = CARTESIAN_POINT('',(1.825,1.35,0.16));
#15957 = SURFACE_CURVE('',#15958,(#15963,#15970),.PCURVE_S1.);
#15958 = CIRCLE('',#15959,5.E-02);
#15959 = AXIS2_PLACEMENT_3D('',#15960,#15961,#15962);
#15960 = CARTESIAN_POINT('',(1.825,1.35,0.11));
#15961 = DIRECTION('',(1.,-5.243344273594E-32,-2.289834988289E-16));
#15962 = DIRECTION('',(-2.080052407982E-46,1.,-2.289834988289E-16));
#15963 = PCURVE('',#14554,#15964);
#15964 = DEFINITIONAL_REPRESENTATION('',(#15965),#15969);
#15965 = CIRCLE('',#15966,5.E-02);
#15966 = AXIS2_PLACEMENT_2D('',#15967,#15968);
#15967 = CARTESIAN_POINT('',(0.104220924602,-6.050023101547E-02));
#15968 = DIRECTION('',(1.,-2.289834988289E-16));
#15969 = ( GEOMETRIC_REPRESENTATION_CONTEXT(2) 
PARAMETRIC_REPRESENTATION_CONTEXT() REPRESENTATION_CONTEXT('2D SPACE',''
  ) );
#15970 = PCURVE('',#15971,#15976);
#15971 = CYLINDRICAL_SURFACE('',#15972,5.E-02);
#15972 = AXIS2_PLACEMENT_3D('',#15973,#15974,#15975);
#15973 = CARTESIAN_POINT('',(1.675,1.35,0.11));
#15974 = DIRECTION('',(1.,-5.243344273594E-32,-2.289834988289E-16));
#15975 = DIRECTION('',(-2.080052407982E-46,1.,-2.289834988289E-16));
#15976 = DEFINITIONAL_REPRESENTATION('',(#15977),#15981);
#15977 = LINE('',#15978,#15979);
#15978 = CARTESIAN_POINT('',(-2.22044604925E-16,0.15));
#15979 = VECTOR('',#15980,1.);
#15980 = DIRECTION('',(1.,0.));
#15981 = ( GEOMETRIC_REPRESENTATION_CONTEXT(2) 
PARAMETRIC_REPRESENTATION_CONTEXT() REPRESENTATION_CONTEXT('2D SPACE',''
  ) );
#15982 = ORIENTED_EDGE('',*,*,#15983,.F.);
#15983 = EDGE_CURVE('',#14539,#15955,#15984,.T.);
#15984 = SURFACE_CURVE('',#15985,(#15989,#15996),.PCURVE_S1.);
#15985 = LINE('',#15986,#15987);
#15986 = CARTESIAN_POINT('',(1.825,1.35,0.841614));
#15987 = VECTOR('',#15988,1.);
#15988 = DIRECTION('',(-2.289834988289E-16,-2.289834988289E-16,-1.));
#15989 = PCURVE('',#14554,#15990);
#15990 = DEFINITIONAL_REPRESENTATION('',(#15991),#15995);
#15991 = LINE('',#15992,#15993);
#15992 = CARTESIAN_POINT('',(0.104220924602,0.671113768985));
#15993 = VECTOR('',#15994,1.);
#15994 = DIRECTION('',(-2.289834988289E-16,-1.));
#15995 = ( GEOMETRIC_REPRESENTATION_CONTEXT(2) 
PARAMETRIC_REPRESENTATION_CONTEXT() REPRESENTATION_CONTEXT('2D SPACE',''
  ) );
#15996 = PCURVE('',#14582,#15997);
#15997 = DEFINITIONAL_REPRESENTATION('',(#15998),#16002);
#15998 = LINE('',#15999,#16000);
#15999 = CARTESIAN_POINT('',(-0.531614,-0.15));
#16000 = VECTOR('',#16001,1.);
#16001 = DIRECTION('',(1.,0.));
#16002 = ( GEOMETRIC_REPRESENTATION_CONTEXT(2) 
PARAMETRIC_REPRESENTATION_CONTEXT() REPRESENTATION_CONTEXT('2D SPACE',''
  ) );
#16003 = ORIENTED_EDGE('',*,*,#14538,.T.);
#16004 = ORIENTED_EDGE('',*,*,#16005,.F.);
#16005 = EDGE_CURVE('',#15756,#14516,#16006,.T.);
#16006 = SURFACE_CURVE('',#16007,(#16011,#16018),.PCURVE_S1.);
#16007 = LINE('',#16008,#16009);
#16008 = CARTESIAN_POINT('',(1.825,1.,0.841614));
#16009 = VECTOR('',#16010,1.);
#16010 = DIRECTION('',(2.289834988289E-16,1.065228634467E-16,1.));
#16011 = PCURVE('',#14554,#16012);
#16012 = DEFINITIONAL_REPRESENTATION('',(#16013),#16017);
#16013 = LINE('',#16014,#16015);
#16014 = CARTESIAN_POINT('',(-0.245779075398,0.671113768985));
#16015 = VECTOR('',#16016,1.);
#16016 = DIRECTION('',(1.065228634467E-16,1.));
#16017 = ( GEOMETRIC_REPRESENTATION_CONTEXT(2) 
PARAMETRIC_REPRESENTATION_CONTEXT() REPRESENTATION_CONTEXT('2D SPACE',''
  ) );
#16018 = PCURVE('',#4032,#16019);
#16019 = DEFINITIONAL_REPRESENTATION('',(#16020),#16024);
#16020 = LINE('',#16021,#16022);
#16021 = CARTESIAN_POINT('',(-0.531614,0.5));
#16022 = VECTOR('',#16023,1.);
#16023 = DIRECTION('',(-1.,0.));
#16024 = ( GEOMETRIC_REPRESENTATION_CONTEXT(2) 
PARAMETRIC_REPRESENTATION_CONTEXT() REPRESENTATION_CONTEXT('2D SPACE',''
  ) );
#16025 = ADVANCED_FACE('',(#16026),#15773,.F.);
#16026 = FACE_BOUND('',#16027,.T.);
#16027 = EDGE_LOOP('',(#16028,#16051,#16074,#16095));
#16028 = ORIENTED_EDGE('',*,*,#16029,.F.);
#16029 = EDGE_CURVE('',#16030,#15756,#16032,.T.);
#16030 = VERTEX_POINT('',#16031);
#16031 = CARTESIAN_POINT('',(1.675,1.,8.E-02));
#16032 = SURFACE_CURVE('',#16033,(#16037,#16044),.PCURVE_S1.);
#16033 = LINE('',#16034,#16035);
#16034 = CARTESIAN_POINT('',(7.,1.,8.E-02));
#16035 = VECTOR('',#16036,1.);
#16036 = DIRECTION('',(1.,-5.243344273594E-32,-2.289834988289E-16));
#16037 = PCURVE('',#15773,#16038);
#16038 = DEFINITIONAL_REPRESENTATION('',(#16039),#16043);
#16039 = LINE('',#16040,#16041);
#16040 = CARTESIAN_POINT('',(-1.339222645935E-03,-5.175));
#16041 = VECTOR('',#16042,1.);
#16042 = DIRECTION('',(0.,-1.));
#16043 = ( GEOMETRIC_REPRESENTATION_CONTEXT(2) 
PARAMETRIC_REPRESENTATION_CONTEXT() REPRESENTATION_CONTEXT('2D SPACE',''
  ) );
#16044 = PCURVE('',#4004,#16045);
#16045 = DEFINITIONAL_REPRESENTATION('',(#16046),#16050);
#16046 = LINE('',#16047,#16048);
#16047 = CARTESIAN_POINT('',(-2.79645027925E-31,-5.3375));
#16048 = VECTOR('',#16049,1.);
#16049 = DIRECTION('',(-2.080052407982E-46,-1.));
#16050 = ( GEOMETRIC_REPRESENTATION_CONTEXT(2) 
PARAMETRIC_REPRESENTATION_CONTEXT() REPRESENTATION_CONTEXT('2D SPACE',''
  ) );
#16051 = ORIENTED_EDGE('',*,*,#16052,.T.);
#16052 = EDGE_CURVE('',#16030,#16053,#16055,.T.);
#16053 = VERTEX_POINT('',#16054);
#16054 = CARTESIAN_POINT('',(1.675,1.,7.866077735406E-02));
#16055 = SURFACE_CURVE('',#16056,(#16060,#16067),.PCURVE_S1.);
#16056 = LINE('',#16057,#16058);
#16057 = CARTESIAN_POINT('',(1.675,1.,0.841614));
#16058 = VECTOR('',#16059,1.);
#16059 = DIRECTION('',(-2.289834988289E-16,-1.065228634467E-16,-1.));
#16060 = PCURVE('',#15773,#16061);
#16061 = DEFINITIONAL_REPRESENTATION('',(#16062),#16066);
#16062 = LINE('',#16063,#16064);
#16063 = CARTESIAN_POINT('',(-0.762953222646,0.15));
#16064 = VECTOR('',#16065,1.);
#16065 = DIRECTION('',(1.,0.));
#16066 = ( GEOMETRIC_REPRESENTATION_CONTEXT(2) 
PARAMETRIC_REPRESENTATION_CONTEXT() REPRESENTATION_CONTEXT('2D SPACE',''
  ) );
#16067 = PCURVE('',#14610,#16068);
#16068 = DEFINITIONAL_REPRESENTATION('',(#16069),#16073);
#16069 = LINE('',#16070,#16071);
#16070 = CARTESIAN_POINT('',(-0.245779075398,0.671113768985));
#16071 = VECTOR('',#16072,1.);
#16072 = DIRECTION('',(-1.065228634467E-16,-1.));
#16073 = ( GEOMETRIC_REPRESENTATION_CONTEXT(2) 
PARAMETRIC_REPRESENTATION_CONTEXT() REPRESENTATION_CONTEXT('2D SPACE',''
  ) );
#16074 = ORIENTED_EDGE('',*,*,#16075,.F.);
#16075 = EDGE_CURVE('',#15758,#16053,#16076,.T.);
#16076 = SURFACE_CURVE('',#16077,(#16081,#16088),.PCURVE_S1.);
#16077 = LINE('',#16078,#16079);
#16078 = CARTESIAN_POINT('',(7.,1.,7.866077735406E-02));
#16079 = VECTOR('',#16080,1.);
#16080 = DIRECTION('',(-1.,5.243344273594E-32,2.289834988289E-16));
#16081 = PCURVE('',#15773,#16082);
#16082 = DEFINITIONAL_REPRESENTATION('',(#16083),#16087);
#16083 = LINE('',#16084,#16085);
#16084 = CARTESIAN_POINT('',(-1.857888842771E-16,-5.175));
#16085 = VECTOR('',#16086,1.);
#16086 = DIRECTION('',(0.,1.));
#16087 = ( GEOMETRIC_REPRESENTATION_CONTEXT(2) 
PARAMETRIC_REPRESENTATION_CONTEXT() REPRESENTATION_CONTEXT('2D SPACE',''
  ) );
#16088 = PCURVE('',#15801,#16089);
#16089 = DEFINITIONAL_REPRESENTATION('',(#16090),#16094);
#16090 = LINE('',#16091,#16092);
#16091 = CARTESIAN_POINT('',(5.833781539828E-02,-5.325));
#16092 = VECTOR('',#16093,1.);
#16093 = DIRECTION('',(9.244463733059E-32,1.));
#16094 = ( GEOMETRIC_REPRESENTATION_CONTEXT(2) 
PARAMETRIC_REPRESENTATION_CONTEXT() REPRESENTATION_CONTEXT('2D SPACE',''
  ) );
#16095 = ORIENTED_EDGE('',*,*,#15755,.F.);
#16096 = ADVANCED_FACE('',(#16097),#14610,.F.);
#16097 = FACE_BOUND('',#16098,.T.);
#16098 = EDGE_LOOP('',(#16099,#16120,#16121,#16144,#16168,#16191,#16214,
    #16237,#16260,#16284,#16305));
#16099 = ORIENTED_EDGE('',*,*,#16100,.F.);
#16100 = EDGE_CURVE('',#14595,#16030,#16101,.T.);
#16101 = SURFACE_CURVE('',#16102,(#16106,#16113),.PCURVE_S1.);
#16102 = LINE('',#16103,#16104);
#16103 = CARTESIAN_POINT('',(1.675,1.,0.841614));
#16104 = VECTOR('',#16105,1.);
#16105 = DIRECTION('',(-2.289834988289E-16,-1.065228634467E-16,-1.));
#16106 = PCURVE('',#14610,#16107);
#16107 = DEFINITIONAL_REPRESENTATION('',(#16108),#16112);
#16108 = LINE('',#16109,#16110);
#16109 = CARTESIAN_POINT('',(-0.245779075398,0.671113768985));
#16110 = VECTOR('',#16111,1.);
#16111 = DIRECTION('',(-1.065228634467E-16,-1.));
#16112 = ( GEOMETRIC_REPRESENTATION_CONTEXT(2) 
PARAMETRIC_REPRESENTATION_CONTEXT() REPRESENTATION_CONTEXT('2D SPACE',''
  ) );
#16113 = PCURVE('',#9875,#16114);
#16114 = DEFINITIONAL_REPRESENTATION('',(#16115),#16119);
#16115 = LINE('',#16116,#16117);
#16116 = CARTESIAN_POINT('',(-0.531614,3.65));
#16117 = VECTOR('',#16118,1.);
#16118 = DIRECTION('',(1.,0.));
#16119 = ( GEOMETRIC_REPRESENTATION_CONTEXT(2) 
PARAMETRIC_REPRESENTATION_CONTEXT() REPRESENTATION_CONTEXT('2D SPACE',''
  ) );
#16120 = ORIENTED_EDGE('',*,*,#14594,.F.);
#16121 = ORIENTED_EDGE('',*,*,#16122,.F.);
#16122 = EDGE_CURVE('',#16123,#14567,#16125,.T.);
#16123 = VERTEX_POINT('',#16124);
#16124 = CARTESIAN_POINT('',(1.675,1.35,0.16));
#16125 = SURFACE_CURVE('',#16126,(#16130,#16137),.PCURVE_S1.);
#16126 = LINE('',#16127,#16128);
#16127 = CARTESIAN_POINT('',(1.675,1.35,0.31));
#16128 = VECTOR('',#16129,1.);
#16129 = DIRECTION('',(2.289834988289E-16,2.289834988289E-16,1.));
#16130 = PCURVE('',#14610,#16131);
#16131 = DEFINITIONAL_REPRESENTATION('',(#16132),#16136);
#16132 = LINE('',#16133,#16134);
#16133 = CARTESIAN_POINT('',(0.104220924602,0.139499768985));
#16134 = VECTOR('',#16135,1.);
#16135 = DIRECTION('',(2.289834988289E-16,1.));
#16136 = ( GEOMETRIC_REPRESENTATION_CONTEXT(2) 
PARAMETRIC_REPRESENTATION_CONTEXT() REPRESENTATION_CONTEXT('2D SPACE',''
  ) );
#16137 = PCURVE('',#14582,#16138);
#16138 = DEFINITIONAL_REPRESENTATION('',(#16139),#16143);
#16139 = LINE('',#16140,#16141);
#16140 = CARTESIAN_POINT('',(-0.,0.));
#16141 = VECTOR('',#16142,1.);
#16142 = DIRECTION('',(-1.,0.));
#16143 = ( GEOMETRIC_REPRESENTATION_CONTEXT(2) 
PARAMETRIC_REPRESENTATION_CONTEXT() REPRESENTATION_CONTEXT('2D SPACE',''
  ) );
#16144 = ORIENTED_EDGE('',*,*,#16145,.T.);
#16145 = EDGE_CURVE('',#16123,#16146,#16148,.T.);
#16146 = VERTEX_POINT('',#16147);
#16147 = CARTESIAN_POINT('',(1.675,1.3,0.11));
#16148 = SURFACE_CURVE('',#16149,(#16154,#16161),.PCURVE_S1.);
#16149 = CIRCLE('',#16150,5.E-02);
#16150 = AXIS2_PLACEMENT_3D('',#16151,#16152,#16153);
#16151 = CARTESIAN_POINT('',(1.675,1.35,0.11));
#16152 = DIRECTION('',(1.,-5.243344273594E-32,-2.289834988289E-16));
#16153 = DIRECTION('',(-2.080052407982E-46,1.,-2.289834988289E-16));
#16154 = PCURVE('',#14610,#16155);
#16155 = DEFINITIONAL_REPRESENTATION('',(#16156),#16160);
#16156 = CIRCLE('',#16157,5.E-02);
#16157 = AXIS2_PLACEMENT_2D('',#16158,#16159);
#16158 = CARTESIAN_POINT('',(0.104220924602,-6.050023101547E-02));
#16159 = DIRECTION('',(1.,-2.289834988289E-16));
#16160 = ( GEOMETRIC_REPRESENTATION_CONTEXT(2) 
PARAMETRIC_REPRESENTATION_CONTEXT() REPRESENTATION_CONTEXT('2D SPACE',''
  ) );
#16161 = PCURVE('',#15971,#16162);
#16162 = DEFINITIONAL_REPRESENTATION('',(#16163),#16167);
#16163 = LINE('',#16164,#16165);
#16164 = CARTESIAN_POINT('',(-2.22044604925E-16,0.));
#16165 = VECTOR('',#16166,1.);
#16166 = DIRECTION('',(1.,0.));
#16167 = ( GEOMETRIC_REPRESENTATION_CONTEXT(2) 
PARAMETRIC_REPRESENTATION_CONTEXT() REPRESENTATION_CONTEXT('2D SPACE',''
  ) );
#16168 = ORIENTED_EDGE('',*,*,#16169,.T.);
#16169 = EDGE_CURVE('',#16146,#16170,#16172,.T.);
#16170 = VERTEX_POINT('',#16171);
#16171 = CARTESIAN_POINT('',(1.675,1.3,5.E-02));
#16172 = SURFACE_CURVE('',#16173,(#16177,#16184),.PCURVE_S1.);
#16173 = LINE('',#16174,#16175);
#16174 = CARTESIAN_POINT('',(1.675,1.3,0.11));
#16175 = VECTOR('',#16176,1.);
#16176 = DIRECTION('',(-2.289834988289E-16,-2.289834988289E-16,-1.));
#16177 = PCURVE('',#14610,#16178);
#16178 = DEFINITIONAL_REPRESENTATION('',(#16179),#16183);
#16179 = LINE('',#16180,#16181);
#16180 = CARTESIAN_POINT('',(5.422092460224E-02,-6.050023101547E-02));
#16181 = VECTOR('',#16182,1.);
#16182 = DIRECTION('',(-2.289834988289E-16,-1.));
#16183 = ( GEOMETRIC_REPRESENTATION_CONTEXT(2) 
PARAMETRIC_REPRESENTATION_CONTEXT() REPRESENTATION_CONTEXT('2D SPACE',''
  ) );
#16184 = PCURVE('',#15942,#16185);
#16185 = DEFINITIONAL_REPRESENTATION('',(#16186),#16190);
#16186 = LINE('',#16187,#16188);
#16187 = CARTESIAN_POINT('',(-0.,0.));
#16188 = VECTOR('',#16189,1.);
#16189 = DIRECTION('',(1.,0.));
#16190 = ( GEOMETRIC_REPRESENTATION_CONTEXT(2) 
PARAMETRIC_REPRESENTATION_CONTEXT() REPRESENTATION_CONTEXT('2D SPACE',''
  ) );
#16191 = ORIENTED_EDGE('',*,*,#16192,.T.);
#16192 = EDGE_CURVE('',#16170,#16193,#16195,.T.);
#16193 = VERTEX_POINT('',#16194);
#16194 = CARTESIAN_POINT('',(1.675,1.25,-1.443289932013E-15));
#16195 = SURFACE_CURVE('',#16196,(#16200,#16207),.PCURVE_S1.);
#16196 = LINE('',#16197,#16198);
#16197 = CARTESIAN_POINT('',(1.675,1.3,5.E-02));
#16198 = VECTOR('',#16199,1.);
#16199 = DIRECTION('',(-1.619157848018E-16,-0.707106781187,
    -0.707106781186));
#16200 = PCURVE('',#14610,#16201);
#16201 = DEFINITIONAL_REPRESENTATION('',(#16202),#16206);
#16202 = LINE('',#16203,#16204);
#16203 = CARTESIAN_POINT('',(5.422092460224E-02,-0.120500231015));
#16204 = VECTOR('',#16205,1.);
#16205 = DIRECTION('',(-0.707106781187,-0.707106781186));
#16206 = ( GEOMETRIC_REPRESENTATION_CONTEXT(2) 
PARAMETRIC_REPRESENTATION_CONTEXT() REPRESENTATION_CONTEXT('2D SPACE',''
  ) );
#16207 = PCURVE('',#15914,#16208);
#16208 = DEFINITIONAL_REPRESENTATION('',(#16209),#16213);
#16209 = LINE('',#16210,#16211);
#16210 = CARTESIAN_POINT('',(-0.,0.));
#16211 = VECTOR('',#16212,1.);
#16212 = DIRECTION('',(1.,-7.395570986447E-32));
#16213 = ( GEOMETRIC_REPRESENTATION_CONTEXT(2) 
PARAMETRIC_REPRESENTATION_CONTEXT() REPRESENTATION_CONTEXT('2D SPACE',''
  ) );
#16214 = ORIENTED_EDGE('',*,*,#16215,.F.);
#16215 = EDGE_CURVE('',#16216,#16193,#16218,.T.);
#16216 = VERTEX_POINT('',#16217);
#16217 = CARTESIAN_POINT('',(1.675,0.92,-1.33226762955E-15));
#16218 = SURFACE_CURVE('',#16219,(#16223,#16230),.PCURVE_S1.);
#16219 = LINE('',#16220,#16221);
#16220 = CARTESIAN_POINT('',(1.675,0.92,-1.33226762955E-15));
#16221 = VECTOR('',#16222,1.);
#16222 = DIRECTION('',(0.,1.,-2.289834988289E-16));
#16223 = PCURVE('',#14610,#16224);
#16224 = DEFINITIONAL_REPRESENTATION('',(#16225),#16229);
#16225 = LINE('',#16226,#16227);
#16226 = CARTESIAN_POINT('',(-0.325779075398,-0.170500231015));
#16227 = VECTOR('',#16228,1.);
#16228 = DIRECTION('',(1.,-2.289834988289E-16));
#16229 = ( GEOMETRIC_REPRESENTATION_CONTEXT(2) 
PARAMETRIC_REPRESENTATION_CONTEXT() REPRESENTATION_CONTEXT('2D SPACE',''
  ) );
#16230 = PCURVE('',#15886,#16231);
#16231 = DEFINITIONAL_REPRESENTATION('',(#16232),#16236);
#16232 = LINE('',#16233,#16234);
#16233 = CARTESIAN_POINT('',(0.33,5.473822126269E-48));
#16234 = VECTOR('',#16235,1.);
#16235 = DIRECTION('',(-1.,0.));
#16236 = ( GEOMETRIC_REPRESENTATION_CONTEXT(2) 
PARAMETRIC_REPRESENTATION_CONTEXT() REPRESENTATION_CONTEXT('2D SPACE',''
  ) );
#16237 = ORIENTED_EDGE('',*,*,#16238,.T.);
#16238 = EDGE_CURVE('',#16216,#16239,#16241,.T.);
#16239 = VERTEX_POINT('',#16240);
#16240 = CARTESIAN_POINT('',(1.675,0.92,3.619548911246E-02));
#16241 = SURFACE_CURVE('',#16242,(#16246,#16253),.PCURVE_S1.);
#16242 = LINE('',#16243,#16244);
#16243 = CARTESIAN_POINT('',(1.675,0.92,-1.33226762955E-15));
#16244 = VECTOR('',#16245,1.);
#16245 = DIRECTION('',(2.289834988289E-16,2.289834988289E-16,1.));
#16246 = PCURVE('',#14610,#16247);
#16247 = DEFINITIONAL_REPRESENTATION('',(#16248),#16252);
#16248 = LINE('',#16249,#16250);
#16249 = CARTESIAN_POINT('',(-0.325779075398,-0.170500231015));
#16250 = VECTOR('',#16251,1.);
#16251 = DIRECTION('',(2.289834988289E-16,1.));
#16252 = ( GEOMETRIC_REPRESENTATION_CONTEXT(2) 
PARAMETRIC_REPRESENTATION_CONTEXT() REPRESENTATION_CONTEXT('2D SPACE',''
  ) );
#16253 = PCURVE('',#15858,#16254);
#16254 = DEFINITIONAL_REPRESENTATION('',(#16255),#16259);
#16255 = LINE('',#16256,#16257);
#16256 = CARTESIAN_POINT('',(0.,0.));
#16257 = VECTOR('',#16258,1.);
#16258 = DIRECTION('',(1.,0.));
#16259 = ( GEOMETRIC_REPRESENTATION_CONTEXT(2) 
PARAMETRIC_REPRESENTATION_CONTEXT() REPRESENTATION_CONTEXT('2D SPACE',''
  ) );
#16260 = ORIENTED_EDGE('',*,*,#16261,.F.);
#16261 = EDGE_CURVE('',#16262,#16239,#16264,.T.);
#16262 = VERTEX_POINT('',#16263);
#16263 = CARTESIAN_POINT('',(1.675,0.943186633611,6.541154699934E-02));
#16264 = SURFACE_CURVE('',#16265,(#16270,#16277),.PCURVE_S1.);
#16265 = CIRCLE('',#16266,3.E-02);
#16266 = AXIS2_PLACEMENT_3D('',#16267,#16268,#16269);
#16267 = CARTESIAN_POINT('',(1.675,0.95,3.619548911246E-02));
#16268 = DIRECTION('',(1.,-5.243344273594E-32,-2.289834988289E-16));
#16269 = DIRECTION('',(-2.080052407982E-46,1.,-2.289834988289E-16));
#16270 = PCURVE('',#14610,#16271);
#16271 = DEFINITIONAL_REPRESENTATION('',(#16272),#16276);
#16272 = CIRCLE('',#16273,3.E-02);
#16273 = AXIS2_PLACEMENT_2D('',#16274,#16275);
#16274 = CARTESIAN_POINT('',(-0.295779075398,-0.134304741903));
#16275 = DIRECTION('',(1.,-2.289834988289E-16));
#16276 = ( GEOMETRIC_REPRESENTATION_CONTEXT(2) 
PARAMETRIC_REPRESENTATION_CONTEXT() REPRESENTATION_CONTEXT('2D SPACE',''
  ) );
#16277 = PCURVE('',#15830,#16278);
#16278 = DEFINITIONAL_REPRESENTATION('',(#16279),#16283);
#16279 = LINE('',#16280,#16281);
#16280 = CARTESIAN_POINT('',(-6.661338147751E-16,0.));
#16281 = VECTOR('',#16282,1.);
#16282 = DIRECTION('',(1.,0.));
#16283 = ( GEOMETRIC_REPRESENTATION_CONTEXT(2) 
PARAMETRIC_REPRESENTATION_CONTEXT() REPRESENTATION_CONTEXT('2D SPACE',''
  ) );
#16284 = ORIENTED_EDGE('',*,*,#16285,.T.);
#16285 = EDGE_CURVE('',#16262,#16053,#16286,.T.);
#16286 = SURFACE_CURVE('',#16287,(#16291,#16298),.PCURVE_S1.);
#16287 = LINE('',#16288,#16289);
#16288 = CARTESIAN_POINT('',(1.675,0.943186633611,6.541154699934E-02));
#16289 = VECTOR('',#16290,1.);
#16290 = DIRECTION('',(5.200494915182E-17,0.973868596229,0.227112212966)
  );
#16291 = PCURVE('',#14610,#16292);
#16292 = DEFINITIONAL_REPRESENTATION('',(#16293),#16297);
#16293 = LINE('',#16294,#16295);
#16294 = CARTESIAN_POINT('',(-0.302592441787,-0.105088684016));
#16295 = VECTOR('',#16296,1.);
#16296 = DIRECTION('',(0.973868596229,0.227112212966));
#16297 = ( GEOMETRIC_REPRESENTATION_CONTEXT(2) 
PARAMETRIC_REPRESENTATION_CONTEXT() REPRESENTATION_CONTEXT('2D SPACE',''
  ) );
#16298 = PCURVE('',#15801,#16299);
#16299 = DEFINITIONAL_REPRESENTATION('',(#16300),#16304);
#16300 = LINE('',#16301,#16302);
#16301 = CARTESIAN_POINT('',(0.,0.));
#16302 = VECTOR('',#16303,1.);
#16303 = DIRECTION('',(1.,-3.697785493223E-32));
#16304 = ( GEOMETRIC_REPRESENTATION_CONTEXT(2) 
PARAMETRIC_REPRESENTATION_CONTEXT() REPRESENTATION_CONTEXT('2D SPACE',''
  ) );
#16305 = ORIENTED_EDGE('',*,*,#16052,.F.);
#16306 = ADVANCED_FACE('',(#16307),#14582,.T.);
#16307 = FACE_BOUND('',#16308,.T.);
#16308 = EDGE_LOOP('',(#16309,#16310,#16311,#16332));
#16309 = ORIENTED_EDGE('',*,*,#14566,.T.);
#16310 = ORIENTED_EDGE('',*,*,#15983,.T.);
#16311 = ORIENTED_EDGE('',*,*,#16312,.F.);
#16312 = EDGE_CURVE('',#16123,#15955,#16313,.T.);
#16313 = SURFACE_CURVE('',#16314,(#16318,#16325),.PCURVE_S1.);
#16314 = LINE('',#16315,#16316);
#16315 = CARTESIAN_POINT('',(1.675,1.35,0.16));
#16316 = VECTOR('',#16317,1.);
#16317 = DIRECTION('',(1.,-5.243344273594E-32,-2.289834988289E-16));
#16318 = PCURVE('',#14582,#16319);
#16319 = DEFINITIONAL_REPRESENTATION('',(#16320),#16324);
#16320 = LINE('',#16321,#16322);
#16321 = CARTESIAN_POINT('',(0.15,-3.434752482434E-17));
#16322 = VECTOR('',#16323,1.);
#16323 = DIRECTION('',(0.,-1.));
#16324 = ( GEOMETRIC_REPRESENTATION_CONTEXT(2) 
PARAMETRIC_REPRESENTATION_CONTEXT() REPRESENTATION_CONTEXT('2D SPACE',''
  ) );
#16325 = PCURVE('',#15971,#16326);
#16326 = DEFINITIONAL_REPRESENTATION('',(#16327),#16331);
#16327 = LINE('',#16328,#16329);
#16328 = CARTESIAN_POINT('',(1.570796326795,0.));
#16329 = VECTOR('',#16330,1.);
#16330 = DIRECTION('',(0.,1.));
#16331 = ( GEOMETRIC_REPRESENTATION_CONTEXT(2) 
PARAMETRIC_REPRESENTATION_CONTEXT() REPRESENTATION_CONTEXT('2D SPACE',''
  ) );
#16332 = ORIENTED_EDGE('',*,*,#16122,.T.);
#16333 = ADVANCED_FACE('',(#16334),#15971,.F.);
#16334 = FACE_BOUND('',#16335,.F.);
#16335 = EDGE_LOOP('',(#16336,#16337,#16358,#16359));
#16336 = ORIENTED_EDGE('',*,*,#16145,.T.);
#16337 = ORIENTED_EDGE('',*,*,#16338,.T.);
#16338 = EDGE_CURVE('',#16146,#15927,#16339,.T.);
#16339 = SURFACE_CURVE('',#16340,(#16344,#16351),.PCURVE_S1.);
#16340 = LINE('',#16341,#16342);
#16341 = CARTESIAN_POINT('',(1.675,1.3,0.11));
#16342 = VECTOR('',#16343,1.);
#16343 = DIRECTION('',(1.,-5.243344273594E-32,-2.289834988289E-16));
#16344 = PCURVE('',#15971,#16345);
#16345 = DEFINITIONAL_REPRESENTATION('',(#16346),#16350);
#16346 = LINE('',#16347,#16348);
#16347 = CARTESIAN_POINT('',(3.14159265359,0.));
#16348 = VECTOR('',#16349,1.);
#16349 = DIRECTION('',(0.,1.));
#16350 = ( GEOMETRIC_REPRESENTATION_CONTEXT(2) 
PARAMETRIC_REPRESENTATION_CONTEXT() REPRESENTATION_CONTEXT('2D SPACE',''
  ) );
#16351 = PCURVE('',#15942,#16352);
#16352 = DEFINITIONAL_REPRESENTATION('',(#16353),#16357);
#16353 = LINE('',#16354,#16355);
#16354 = CARTESIAN_POINT('',(-0.,0.));
#16355 = VECTOR('',#16356,1.);
#16356 = DIRECTION('',(0.,-1.));
#16357 = ( GEOMETRIC_REPRESENTATION_CONTEXT(2) 
PARAMETRIC_REPRESENTATION_CONTEXT() REPRESENTATION_CONTEXT('2D SPACE',''
  ) );
#16358 = ORIENTED_EDGE('',*,*,#15954,.F.);
#16359 = ORIENTED_EDGE('',*,*,#16312,.F.);
#16360 = ADVANCED_FACE('',(#16361),#15942,.T.);
#16361 = FACE_BOUND('',#16362,.T.);
#16362 = EDGE_LOOP('',(#16363,#16364,#16365,#16386));
#16363 = ORIENTED_EDGE('',*,*,#16338,.T.);
#16364 = ORIENTED_EDGE('',*,*,#15926,.T.);
#16365 = ORIENTED_EDGE('',*,*,#16366,.F.);
#16366 = EDGE_CURVE('',#16170,#15899,#16367,.T.);
#16367 = SURFACE_CURVE('',#16368,(#16372,#16379),.PCURVE_S1.);
#16368 = LINE('',#16369,#16370);
#16369 = CARTESIAN_POINT('',(1.675,1.3,5.E-02));
#16370 = VECTOR('',#16371,1.);
#16371 = DIRECTION('',(1.,-5.243344273594E-32,-2.289834988289E-16));
#16372 = PCURVE('',#15942,#16373);
#16373 = DEFINITIONAL_REPRESENTATION('',(#16374),#16378);
#16374 = LINE('',#16375,#16376);
#16375 = CARTESIAN_POINT('',(6.E-02,-1.373900992974E-17));
#16376 = VECTOR('',#16377,1.);
#16377 = DIRECTION('',(0.,-1.));
#16378 = ( GEOMETRIC_REPRESENTATION_CONTEXT(2) 
PARAMETRIC_REPRESENTATION_CONTEXT() REPRESENTATION_CONTEXT('2D SPACE',''
  ) );
#16379 = PCURVE('',#15914,#16380);
#16380 = DEFINITIONAL_REPRESENTATION('',(#16381),#16385);
#16381 = LINE('',#16382,#16383);
#16382 = CARTESIAN_POINT('',(-0.,0.));
#16383 = VECTOR('',#16384,1.);
#16384 = DIRECTION('',(2.465190328816E-32,-1.));
#16385 = ( GEOMETRIC_REPRESENTATION_CONTEXT(2) 
PARAMETRIC_REPRESENTATION_CONTEXT() REPRESENTATION_CONTEXT('2D SPACE',''
  ) );
#16386 = ORIENTED_EDGE('',*,*,#16169,.F.);
#16387 = ADVANCED_FACE('',(#16388),#15914,.T.);
#16388 = FACE_BOUND('',#16389,.T.);
#16389 = EDGE_LOOP('',(#16390,#16391,#16392,#16413));
#16390 = ORIENTED_EDGE('',*,*,#16366,.T.);
#16391 = ORIENTED_EDGE('',*,*,#15898,.T.);
#16392 = ORIENTED_EDGE('',*,*,#16393,.F.);
#16393 = EDGE_CURVE('',#16193,#15871,#16394,.T.);
#16394 = SURFACE_CURVE('',#16395,(#16399,#16406),.PCURVE_S1.);
#16395 = LINE('',#16396,#16397);
#16396 = CARTESIAN_POINT('',(1.675,1.25,-1.443289932013E-15));
#16397 = VECTOR('',#16398,1.);
#16398 = DIRECTION('',(1.,-5.243344273594E-32,-2.289834988289E-16));
#16399 = PCURVE('',#15914,#16400);
#16400 = DEFINITIONAL_REPRESENTATION('',(#16401),#16405);
#16401 = LINE('',#16402,#16403);
#16402 = CARTESIAN_POINT('',(7.071067811866E-02,-1.144917494145E-17));
#16403 = VECTOR('',#16404,1.);
#16404 = DIRECTION('',(2.465190328816E-32,-1.));
#16405 = ( GEOMETRIC_REPRESENTATION_CONTEXT(2) 
PARAMETRIC_REPRESENTATION_CONTEXT() REPRESENTATION_CONTEXT('2D SPACE',''
  ) );
#16406 = PCURVE('',#15886,#16407);
#16407 = DEFINITIONAL_REPRESENTATION('',(#16408),#16412);
#16408 = LINE('',#16409,#16410);
#16409 = CARTESIAN_POINT('',(0.,0.));
#16410 = VECTOR('',#16411,1.);
#16411 = DIRECTION('',(-2.080052407982E-46,-1.));
#16412 = ( GEOMETRIC_REPRESENTATION_CONTEXT(2) 
PARAMETRIC_REPRESENTATION_CONTEXT() REPRESENTATION_CONTEXT('2D SPACE',''
  ) );
#16413 = ORIENTED_EDGE('',*,*,#16192,.F.);
#16414 = ADVANCED_FACE('',(#16415),#15886,.T.);
#16415 = FACE_BOUND('',#16416,.T.);
#16416 = EDGE_LOOP('',(#16417,#16418,#16419,#16440));
#16417 = ORIENTED_EDGE('',*,*,#16393,.T.);
#16418 = ORIENTED_EDGE('',*,*,#15870,.T.);
#16419 = ORIENTED_EDGE('',*,*,#16420,.F.);
#16420 = EDGE_CURVE('',#16216,#15843,#16421,.T.);
#16421 = SURFACE_CURVE('',#16422,(#16426,#16433),.PCURVE_S1.);
#16422 = LINE('',#16423,#16424);
#16423 = CARTESIAN_POINT('',(1.675,0.92,-1.33226762955E-15));
#16424 = VECTOR('',#16425,1.);
#16425 = DIRECTION('',(1.,-5.243344273594E-32,-2.289834988289E-16));
#16426 = PCURVE('',#15886,#16427);
#16427 = DEFINITIONAL_REPRESENTATION('',(#16428),#16432);
#16428 = LINE('',#16429,#16430);
#16429 = CARTESIAN_POINT('',(0.33,5.473822126269E-48));
#16430 = VECTOR('',#16431,1.);
#16431 = DIRECTION('',(-2.080052407982E-46,-1.));
#16432 = ( GEOMETRIC_REPRESENTATION_CONTEXT(2) 
PARAMETRIC_REPRESENTATION_CONTEXT() REPRESENTATION_CONTEXT('2D SPACE',''
  ) );
#16433 = PCURVE('',#15858,#16434);
#16434 = DEFINITIONAL_REPRESENTATION('',(#16435),#16439);
#16435 = LINE('',#16436,#16437);
#16436 = CARTESIAN_POINT('',(0.,0.));
#16437 = VECTOR('',#16438,1.);
#16438 = DIRECTION('',(0.,-1.));
#16439 = ( GEOMETRIC_REPRESENTATION_CONTEXT(2) 
PARAMETRIC_REPRESENTATION_CONTEXT() REPRESENTATION_CONTEXT('2D SPACE',''
  ) );
#16440 = ORIENTED_EDGE('',*,*,#16215,.T.);
#16441 = ADVANCED_FACE('',(#16442),#15858,.T.);
#16442 = FACE_BOUND('',#16443,.T.);
#16443 = EDGE_LOOP('',(#16444,#16445,#16446,#16447));
#16444 = ORIENTED_EDGE('',*,*,#16238,.F.);
#16445 = ORIENTED_EDGE('',*,*,#16420,.T.);
#16446 = ORIENTED_EDGE('',*,*,#15842,.T.);
#16447 = ORIENTED_EDGE('',*,*,#16448,.F.);
#16448 = EDGE_CURVE('',#16239,#15814,#16449,.T.);
#16449 = SURFACE_CURVE('',#16450,(#16454,#16461),.PCURVE_S1.);
#16450 = LINE('',#16451,#16452);
#16451 = CARTESIAN_POINT('',(1.675,0.92,3.619548911246E-02));
#16452 = VECTOR('',#16453,1.);
#16453 = DIRECTION('',(1.,-5.243344273594E-32,-2.289834988289E-16));
#16454 = PCURVE('',#15858,#16455);
#16455 = DEFINITIONAL_REPRESENTATION('',(#16456),#16460);
#16456 = LINE('',#16457,#16458);
#16457 = CARTESIAN_POINT('',(3.619548911246E-02,8.288169738796E-18));
#16458 = VECTOR('',#16459,1.);
#16459 = DIRECTION('',(0.,-1.));
#16460 = ( GEOMETRIC_REPRESENTATION_CONTEXT(2) 
PARAMETRIC_REPRESENTATION_CONTEXT() REPRESENTATION_CONTEXT('2D SPACE',''
  ) );
#16461 = PCURVE('',#15830,#16462);
#16462 = DEFINITIONAL_REPRESENTATION('',(#16463),#16467);
#16463 = LINE('',#16464,#16465);
#16464 = CARTESIAN_POINT('',(3.14159265359,0.));
#16465 = VECTOR('',#16466,1.);
#16466 = DIRECTION('',(0.,1.));
#16467 = ( GEOMETRIC_REPRESENTATION_CONTEXT(2) 
PARAMETRIC_REPRESENTATION_CONTEXT() REPRESENTATION_CONTEXT('2D SPACE',''
  ) );
#16468 = ADVANCED_FACE('',(#16469),#15830,.T.);
#16469 = FACE_BOUND('',#16470,.T.);
#16470 = EDGE_LOOP('',(#16471,#16472,#16473,#16494));
#16471 = ORIENTED_EDGE('',*,*,#16448,.T.);
#16472 = ORIENTED_EDGE('',*,*,#15813,.F.);
#16473 = ORIENTED_EDGE('',*,*,#16474,.F.);
#16474 = EDGE_CURVE('',#16262,#15786,#16475,.T.);
#16475 = SURFACE_CURVE('',#16476,(#16480,#16487),.PCURVE_S1.);
#16476 = LINE('',#16477,#16478);
#16477 = CARTESIAN_POINT('',(1.675,0.943186633611,6.541154699934E-02));
#16478 = VECTOR('',#16479,1.);
#16479 = DIRECTION('',(1.,-5.243344273594E-32,-2.289834988289E-16));
#16480 = PCURVE('',#15830,#16481);
#16481 = DEFINITIONAL_REPRESENTATION('',(#16482),#16486);
#16482 = LINE('',#16483,#16484);
#16483 = CARTESIAN_POINT('',(1.799907705522,0.));
#16484 = VECTOR('',#16485,1.);
#16485 = DIRECTION('',(0.,1.));
#16486 = ( GEOMETRIC_REPRESENTATION_CONTEXT(2) 
PARAMETRIC_REPRESENTATION_CONTEXT() REPRESENTATION_CONTEXT('2D SPACE',''
  ) );
#16487 = PCURVE('',#15801,#16488);
#16488 = DEFINITIONAL_REPRESENTATION('',(#16489),#16493);
#16489 = LINE('',#16490,#16491);
#16490 = CARTESIAN_POINT('',(0.,0.));
#16491 = VECTOR('',#16492,1.);
#16492 = DIRECTION('',(-9.244463733059E-32,-1.));
#16493 = ( GEOMETRIC_REPRESENTATION_CONTEXT(2) 
PARAMETRIC_REPRESENTATION_CONTEXT() REPRESENTATION_CONTEXT('2D SPACE',''
  ) );
#16494 = ORIENTED_EDGE('',*,*,#16261,.T.);
#16495 = ADVANCED_FACE('',(#16496),#15801,.T.);
#16496 = FACE_BOUND('',#16497,.T.);
#16497 = EDGE_LOOP('',(#16498,#16499,#16500,#16501));
#16498 = ORIENTED_EDGE('',*,*,#16474,.T.);
#16499 = ORIENTED_EDGE('',*,*,#15785,.T.);
#16500 = ORIENTED_EDGE('',*,*,#16075,.T.);
#16501 = ORIENTED_EDGE('',*,*,#16285,.F.);
#16502 = ADVANCED_FACE('',(#16503),#14734,.T.);
#16503 = FACE_BOUND('',#16504,.T.);
#16504 = EDGE_LOOP('',(#16505,#16535,#16563,#16592,#16620,#16648,#16676,
    #16704,#16733,#16754,#16755));
#16505 = ORIENTED_EDGE('',*,*,#16506,.T.);
#16506 = EDGE_CURVE('',#16507,#16509,#16511,.T.);
#16507 = VERTEX_POINT('',#16508);
#16508 = CARTESIAN_POINT('',(0.825,1.,8.E-02));
#16509 = VERTEX_POINT('',#16510);
#16510 = CARTESIAN_POINT('',(0.825,1.,7.866077735406E-02));
#16511 = SURFACE_CURVE('',#16512,(#16516,#16523),.PCURVE_S1.);
#16512 = LINE('',#16513,#16514);
#16513 = CARTESIAN_POINT('',(0.825,1.,0.841614));
#16514 = VECTOR('',#16515,1.);
#16515 = DIRECTION('',(-2.289834988289E-16,-1.065228634467E-16,-1.));
#16516 = PCURVE('',#14734,#16517);
#16517 = DEFINITIONAL_REPRESENTATION('',(#16518),#16522);
#16518 = LINE('',#16519,#16520);
#16519 = CARTESIAN_POINT('',(-0.245779075398,0.671113768985));
#16520 = VECTOR('',#16521,1.);
#16521 = DIRECTION('',(-1.065228634467E-16,-1.));
#16522 = ( GEOMETRIC_REPRESENTATION_CONTEXT(2) 
PARAMETRIC_REPRESENTATION_CONTEXT() REPRESENTATION_CONTEXT('2D SPACE',''
  ) );
#16523 = PCURVE('',#16524,#16529);
#16524 = PLANE('',#16525);
#16525 = AXIS2_PLACEMENT_3D('',#16526,#16527,#16528);
#16526 = CARTESIAN_POINT('',(0.825,1.,7.866077735406E-02));
#16527 = DIRECTION('',(2.804146475864E-32,1.,-1.065228634467E-16));
#16528 = DIRECTION('',(-2.289834988289E-16,-1.065228634467E-16,-1.));
#16529 = DEFINITIONAL_REPRESENTATION('',(#16530),#16534);
#16530 = LINE('',#16531,#16532);
#16531 = CARTESIAN_POINT('',(-0.762953222646,1.747036983643E-16));
#16532 = VECTOR('',#16533,1.);
#16533 = DIRECTION('',(1.,0.));
#16534 = ( GEOMETRIC_REPRESENTATION_CONTEXT(2) 
PARAMETRIC_REPRESENTATION_CONTEXT() REPRESENTATION_CONTEXT('2D SPACE',''
  ) );
#16535 = ORIENTED_EDGE('',*,*,#16536,.F.);
#16536 = EDGE_CURVE('',#16537,#16509,#16539,.T.);
#16537 = VERTEX_POINT('',#16538);
#16538 = CARTESIAN_POINT('',(0.825,0.943186633611,6.541154699934E-02));
#16539 = SURFACE_CURVE('',#16540,(#16544,#16551),.PCURVE_S1.);
#16540 = LINE('',#16541,#16542);
#16541 = CARTESIAN_POINT('',(0.825,0.694863,7.500931358165E-03));
#16542 = VECTOR('',#16543,1.);
#16543 = DIRECTION('',(5.200494915182E-17,0.973868596229,0.227112212966)
  );
#16544 = PCURVE('',#14734,#16545);
#16545 = DEFINITIONAL_REPRESENTATION('',(#16546),#16550);
#16546 = LINE('',#16547,#16548);
#16547 = CARTESIAN_POINT('',(-0.550916075398,-0.162999299657));
#16548 = VECTOR('',#16549,1.);
#16549 = DIRECTION('',(0.973868596229,0.227112212966));
#16550 = ( GEOMETRIC_REPRESENTATION_CONTEXT(2) 
PARAMETRIC_REPRESENTATION_CONTEXT() REPRESENTATION_CONTEXT('2D SPACE',''
  ) );
#16551 = PCURVE('',#16552,#16557);
#16552 = PLANE('',#16553);
#16553 = AXIS2_PLACEMENT_3D('',#16554,#16555,#16556);
#16554 = CARTESIAN_POINT('',(0.675,0.943186633611,6.541154699934E-02));
#16555 = DIRECTION('',(2.229998385642E-16,-0.227112212966,0.973868596229
    ));
#16556 = DIRECTION('',(5.200494915182E-17,0.973868596229,0.227112212966)
  );
#16557 = DEFINITIONAL_REPRESENTATION('',(#16558),#16562);
#16558 = LINE('',#16559,#16560);
#16559 = CARTESIAN_POINT('',(-0.254986796548,-0.15));
#16560 = VECTOR('',#16561,1.);
#16561 = DIRECTION('',(1.,-3.697785493223E-32));
#16562 = ( GEOMETRIC_REPRESENTATION_CONTEXT(2) 
PARAMETRIC_REPRESENTATION_CONTEXT() REPRESENTATION_CONTEXT('2D SPACE',''
  ) );
#16563 = ORIENTED_EDGE('',*,*,#16564,.T.);
#16564 = EDGE_CURVE('',#16537,#16565,#16567,.T.);
#16565 = VERTEX_POINT('',#16566);
#16566 = CARTESIAN_POINT('',(0.825,0.92,3.619548911246E-02));
#16567 = SURFACE_CURVE('',#16568,(#16573,#16580),.PCURVE_S1.);
#16568 = CIRCLE('',#16569,3.E-02);
#16569 = AXIS2_PLACEMENT_3D('',#16570,#16571,#16572);
#16570 = CARTESIAN_POINT('',(0.825,0.95,3.619548911246E-02));
#16571 = DIRECTION('',(1.,-5.243344273594E-32,-2.289834988289E-16));
#16572 = DIRECTION('',(-2.080052407982E-46,1.,-2.289834988289E-16));
#16573 = PCURVE('',#14734,#16574);
#16574 = DEFINITIONAL_REPRESENTATION('',(#16575),#16579);
#16575 = CIRCLE('',#16576,3.E-02);
#16576 = AXIS2_PLACEMENT_2D('',#16577,#16578);
#16577 = CARTESIAN_POINT('',(-0.295779075398,-0.134304741903));
#16578 = DIRECTION('',(1.,-2.289834988289E-16));
#16579 = ( GEOMETRIC_REPRESENTATION_CONTEXT(2) 
PARAMETRIC_REPRESENTATION_CONTEXT() REPRESENTATION_CONTEXT('2D SPACE',''
  ) );
#16580 = PCURVE('',#16581,#16586);
#16581 = CYLINDRICAL_SURFACE('',#16582,3.E-02);
#16582 = AXIS2_PLACEMENT_3D('',#16583,#16584,#16585);
#16583 = CARTESIAN_POINT('',(0.675,0.95,3.619548911246E-02));
#16584 = DIRECTION('',(1.,-5.243344273594E-32,-2.289834988289E-16));
#16585 = DIRECTION('',(-2.080052407982E-46,1.,-2.289834988289E-16));
#16586 = DEFINITIONAL_REPRESENTATION('',(#16587),#16591);
#16587 = LINE('',#16588,#16589);
#16588 = CARTESIAN_POINT('',(-2.22044604925E-16,0.15));
#16589 = VECTOR('',#16590,1.);
#16590 = DIRECTION('',(1.,0.));
#16591 = ( GEOMETRIC_REPRESENTATION_CONTEXT(2) 
PARAMETRIC_REPRESENTATION_CONTEXT() REPRESENTATION_CONTEXT('2D SPACE',''
  ) );
#16592 = ORIENTED_EDGE('',*,*,#16593,.F.);
#16593 = EDGE_CURVE('',#16594,#16565,#16596,.T.);
#16594 = VERTEX_POINT('',#16595);
#16595 = CARTESIAN_POINT('',(0.825,0.92,-1.110223024625E-15));
#16596 = SURFACE_CURVE('',#16597,(#16601,#16608),.PCURVE_S1.);
#16597 = LINE('',#16598,#16599);
#16598 = CARTESIAN_POINT('',(0.825,0.92,0.841614));
#16599 = VECTOR('',#16600,1.);
#16600 = DIRECTION('',(2.289834988289E-16,2.289834988289E-16,1.));
#16601 = PCURVE('',#14734,#16602);
#16602 = DEFINITIONAL_REPRESENTATION('',(#16603),#16607);
#16603 = LINE('',#16604,#16605);
#16604 = CARTESIAN_POINT('',(-0.325779075398,0.671113768985));
#16605 = VECTOR('',#16606,1.);
#16606 = DIRECTION('',(2.289834988289E-16,1.));
#16607 = ( GEOMETRIC_REPRESENTATION_CONTEXT(2) 
PARAMETRIC_REPRESENTATION_CONTEXT() REPRESENTATION_CONTEXT('2D SPACE',''
  ) );
#16608 = PCURVE('',#16609,#16614);
#16609 = PLANE('',#16610);
#16610 = AXIS2_PLACEMENT_3D('',#16611,#16612,#16613);
#16611 = CARTESIAN_POINT('',(0.675,0.92,-9.992007221626E-16));
#16612 = DIRECTION('',(0.,-1.,2.289834988289E-16));
#16613 = DIRECTION('',(2.289834988289E-16,2.289834988289E-16,1.));
#16614 = DEFINITIONAL_REPRESENTATION('',(#16615),#16619);
#16615 = LINE('',#16616,#16617);
#16616 = CARTESIAN_POINT('',(0.841614,-0.15));
#16617 = VECTOR('',#16618,1.);
#16618 = DIRECTION('',(1.,0.));
#16619 = ( GEOMETRIC_REPRESENTATION_CONTEXT(2) 
PARAMETRIC_REPRESENTATION_CONTEXT() REPRESENTATION_CONTEXT('2D SPACE',''
  ) );
#16620 = ORIENTED_EDGE('',*,*,#16621,.F.);
#16621 = EDGE_CURVE('',#16622,#16594,#16624,.T.);
#16622 = VERTEX_POINT('',#16623);
#16623 = CARTESIAN_POINT('',(0.825,1.25,-1.221245327088E-15));
#16624 = SURFACE_CURVE('',#16625,(#16629,#16636),.PCURVE_S1.);
#16625 = LINE('',#16626,#16627);
#16626 = CARTESIAN_POINT('',(0.825,0.694863,-1.110223024625E-15));
#16627 = VECTOR('',#16628,1.);
#16628 = DIRECTION('',(0.,-1.,2.289834988289E-16));
#16629 = PCURVE('',#14734,#16630);
#16630 = DEFINITIONAL_REPRESENTATION('',(#16631),#16635);
#16631 = LINE('',#16632,#16633);
#16632 = CARTESIAN_POINT('',(-0.550916075398,-0.170500231015));
#16633 = VECTOR('',#16634,1.);
#16634 = DIRECTION('',(-1.,2.289834988289E-16));
#16635 = ( GEOMETRIC_REPRESENTATION_CONTEXT(2) 
PARAMETRIC_REPRESENTATION_CONTEXT() REPRESENTATION_CONTEXT('2D SPACE',''
  ) );
#16636 = PCURVE('',#16637,#16642);
#16637 = PLANE('',#16638);
#16638 = AXIS2_PLACEMENT_3D('',#16639,#16640,#16641);
#16639 = CARTESIAN_POINT('',(0.675,1.25,-1.110223024625E-15));
#16640 = DIRECTION('',(-2.289834988289E-16,-2.289834988289E-16,-1.));
#16641 = DIRECTION('',(0.,-1.,2.289834988289E-16));
#16642 = DEFINITIONAL_REPRESENTATION('',(#16643),#16647);
#16643 = LINE('',#16644,#16645);
#16644 = CARTESIAN_POINT('',(0.555137,-0.15));
#16645 = VECTOR('',#16646,1.);
#16646 = DIRECTION('',(1.,0.));
#16647 = ( GEOMETRIC_REPRESENTATION_CONTEXT(2) 
PARAMETRIC_REPRESENTATION_CONTEXT() REPRESENTATION_CONTEXT('2D SPACE',''
  ) );
#16648 = ORIENTED_EDGE('',*,*,#16649,.F.);
#16649 = EDGE_CURVE('',#16650,#16622,#16652,.T.);
#16650 = VERTEX_POINT('',#16651);
#16651 = CARTESIAN_POINT('',(0.825,1.3,5.E-02));
#16652 = SURFACE_CURVE('',#16653,(#16657,#16664),.PCURVE_S1.);
#16653 = LINE('',#16654,#16655);
#16654 = CARTESIAN_POINT('',(0.825,0.694863,-0.555137));
#16655 = VECTOR('',#16656,1.);
#16656 = DIRECTION('',(-1.619157848018E-16,-0.707106781187,
    -0.707106781186));
#16657 = PCURVE('',#14734,#16658);
#16658 = DEFINITIONAL_REPRESENTATION('',(#16659),#16663);
#16659 = LINE('',#16660,#16661);
#16660 = CARTESIAN_POINT('',(-0.550916075398,-0.725637231015));
#16661 = VECTOR('',#16662,1.);
#16662 = DIRECTION('',(-0.707106781187,-0.707106781186));
#16663 = ( GEOMETRIC_REPRESENTATION_CONTEXT(2) 
PARAMETRIC_REPRESENTATION_CONTEXT() REPRESENTATION_CONTEXT('2D SPACE',''
  ) );
#16664 = PCURVE('',#16665,#16670);
#16665 = PLANE('',#16666);
#16666 = AXIS2_PLACEMENT_3D('',#16667,#16668,#16669);
#16667 = CARTESIAN_POINT('',(0.675,1.3,5.E-02));
#16668 = DIRECTION('',(-1.619157848018E-16,0.707106781186,
    -0.707106781187));
#16669 = DIRECTION('',(-1.619157848018E-16,-0.707106781187,
    -0.707106781186));
#16670 = DEFINITIONAL_REPRESENTATION('',(#16671),#16675);
#16671 = LINE('',#16672,#16673);
#16672 = CARTESIAN_POINT('',(0.855792952494,-0.15));
#16673 = VECTOR('',#16674,1.);
#16674 = DIRECTION('',(1.,-7.395570986447E-32));
#16675 = ( GEOMETRIC_REPRESENTATION_CONTEXT(2) 
PARAMETRIC_REPRESENTATION_CONTEXT() REPRESENTATION_CONTEXT('2D SPACE',''
  ) );
#16676 = ORIENTED_EDGE('',*,*,#16677,.F.);
#16677 = EDGE_CURVE('',#16678,#16650,#16680,.T.);
#16678 = VERTEX_POINT('',#16679);
#16679 = CARTESIAN_POINT('',(0.825,1.3,0.11));
#16680 = SURFACE_CURVE('',#16681,(#16685,#16692),.PCURVE_S1.);
#16681 = LINE('',#16682,#16683);
#16682 = CARTESIAN_POINT('',(0.825,1.3,0.841614));
#16683 = VECTOR('',#16684,1.);
#16684 = DIRECTION('',(-2.289834988289E-16,-2.289834988289E-16,-1.));
#16685 = PCURVE('',#14734,#16686);
#16686 = DEFINITIONAL_REPRESENTATION('',(#16687),#16691);
#16687 = LINE('',#16688,#16689);
#16688 = CARTESIAN_POINT('',(5.422092460224E-02,0.671113768985));
#16689 = VECTOR('',#16690,1.);
#16690 = DIRECTION('',(-2.289834988289E-16,-1.));
#16691 = ( GEOMETRIC_REPRESENTATION_CONTEXT(2) 
PARAMETRIC_REPRESENTATION_CONTEXT() REPRESENTATION_CONTEXT('2D SPACE',''
  ) );
#16692 = PCURVE('',#16693,#16698);
#16693 = PLANE('',#16694);
#16694 = AXIS2_PLACEMENT_3D('',#16695,#16696,#16697);
#16695 = CARTESIAN_POINT('',(0.675,1.3,0.11));
#16696 = DIRECTION('',(0.,1.,-2.289834988289E-16));
#16697 = DIRECTION('',(-2.289834988289E-16,-2.289834988289E-16,-1.));
#16698 = DEFINITIONAL_REPRESENTATION('',(#16699),#16703);
#16699 = LINE('',#16700,#16701);
#16700 = CARTESIAN_POINT('',(-0.731614,-0.15));
#16701 = VECTOR('',#16702,1.);
#16702 = DIRECTION('',(1.,0.));
#16703 = ( GEOMETRIC_REPRESENTATION_CONTEXT(2) 
PARAMETRIC_REPRESENTATION_CONTEXT() REPRESENTATION_CONTEXT('2D SPACE',''
  ) );
#16704 = ORIENTED_EDGE('',*,*,#16705,.F.);
#16705 = EDGE_CURVE('',#16706,#16678,#16708,.T.);
#16706 = VERTEX_POINT('',#16707);
#16707 = CARTESIAN_POINT('',(0.825,1.35,0.16));
#16708 = SURFACE_CURVE('',#16709,(#16714,#16721),.PCURVE_S1.);
#16709 = CIRCLE('',#16710,5.E-02);
#16710 = AXIS2_PLACEMENT_3D('',#16711,#16712,#16713);
#16711 = CARTESIAN_POINT('',(0.825,1.35,0.11));
#16712 = DIRECTION('',(1.,-5.243344273594E-32,-2.289834988289E-16));
#16713 = DIRECTION('',(-2.080052407982E-46,1.,-2.289834988289E-16));
#16714 = PCURVE('',#14734,#16715);
#16715 = DEFINITIONAL_REPRESENTATION('',(#16716),#16720);
#16716 = CIRCLE('',#16717,5.E-02);
#16717 = AXIS2_PLACEMENT_2D('',#16718,#16719);
#16718 = CARTESIAN_POINT('',(0.104220924602,-6.050023101547E-02));
#16719 = DIRECTION('',(1.,-2.289834988289E-16));
#16720 = ( GEOMETRIC_REPRESENTATION_CONTEXT(2) 
PARAMETRIC_REPRESENTATION_CONTEXT() REPRESENTATION_CONTEXT('2D SPACE',''
  ) );
#16721 = PCURVE('',#16722,#16727);
#16722 = CYLINDRICAL_SURFACE('',#16723,5.E-02);
#16723 = AXIS2_PLACEMENT_3D('',#16724,#16725,#16726);
#16724 = CARTESIAN_POINT('',(0.675,1.35,0.11));
#16725 = DIRECTION('',(1.,-5.243344273594E-32,-2.289834988289E-16));
#16726 = DIRECTION('',(-2.080052407982E-46,1.,-2.289834988289E-16));
#16727 = DEFINITIONAL_REPRESENTATION('',(#16728),#16732);
#16728 = LINE('',#16729,#16730);
#16729 = CARTESIAN_POINT('',(-2.22044604925E-16,0.15));
#16730 = VECTOR('',#16731,1.);
#16731 = DIRECTION('',(1.,0.));
#16732 = ( GEOMETRIC_REPRESENTATION_CONTEXT(2) 
PARAMETRIC_REPRESENTATION_CONTEXT() REPRESENTATION_CONTEXT('2D SPACE',''
  ) );
#16733 = ORIENTED_EDGE('',*,*,#16734,.F.);
#16734 = EDGE_CURVE('',#14719,#16706,#16735,.T.);
#16735 = SURFACE_CURVE('',#16736,(#16740,#16747),.PCURVE_S1.);
#16736 = LINE('',#16737,#16738);
#16737 = CARTESIAN_POINT('',(0.825,1.35,0.841614));
#16738 = VECTOR('',#16739,1.);
#16739 = DIRECTION('',(-2.289834988289E-16,-2.289834988289E-16,-1.));
#16740 = PCURVE('',#14734,#16741);
#16741 = DEFINITIONAL_REPRESENTATION('',(#16742),#16746);
#16742 = LINE('',#16743,#16744);
#16743 = CARTESIAN_POINT('',(0.104220924602,0.671113768985));
#16744 = VECTOR('',#16745,1.);
#16745 = DIRECTION('',(-2.289834988289E-16,-1.));
#16746 = ( GEOMETRIC_REPRESENTATION_CONTEXT(2) 
PARAMETRIC_REPRESENTATION_CONTEXT() REPRESENTATION_CONTEXT('2D SPACE',''
  ) );
#16747 = PCURVE('',#14762,#16748);
#16748 = DEFINITIONAL_REPRESENTATION('',(#16749),#16753);
#16749 = LINE('',#16750,#16751);
#16750 = CARTESIAN_POINT('',(-0.531614,-0.15));
#16751 = VECTOR('',#16752,1.);
#16752 = DIRECTION('',(1.,0.));
#16753 = ( GEOMETRIC_REPRESENTATION_CONTEXT(2) 
PARAMETRIC_REPRESENTATION_CONTEXT() REPRESENTATION_CONTEXT('2D SPACE',''
  ) );
#16754 = ORIENTED_EDGE('',*,*,#14718,.F.);
#16755 = ORIENTED_EDGE('',*,*,#16756,.T.);
#16756 = EDGE_CURVE('',#14696,#16507,#16757,.T.);
#16757 = SURFACE_CURVE('',#16758,(#16762,#16769),.PCURVE_S1.);
#16758 = LINE('',#16759,#16760);
#16759 = CARTESIAN_POINT('',(0.825,1.,0.841614));
#16760 = VECTOR('',#16761,1.);
#16761 = DIRECTION('',(-2.289834988289E-16,-1.065228634467E-16,-1.));
#16762 = PCURVE('',#14734,#16763);
#16763 = DEFINITIONAL_REPRESENTATION('',(#16764),#16768);
#16764 = LINE('',#16765,#16766);
#16765 = CARTESIAN_POINT('',(-0.245779075398,0.671113768985));
#16766 = VECTOR('',#16767,1.);
#16767 = DIRECTION('',(-1.065228634467E-16,-1.));
#16768 = ( GEOMETRIC_REPRESENTATION_CONTEXT(2) 
PARAMETRIC_REPRESENTATION_CONTEXT() REPRESENTATION_CONTEXT('2D SPACE',''
  ) );
#16769 = PCURVE('',#1533,#16770);
#16770 = DEFINITIONAL_REPRESENTATION('',(#16771),#16775);
#16771 = LINE('',#16772,#16773);
#16772 = CARTESIAN_POINT('',(-0.531614,4.));
#16773 = VECTOR('',#16774,1.);
#16774 = DIRECTION('',(1.,0.));
#16775 = ( GEOMETRIC_REPRESENTATION_CONTEXT(2) 
PARAMETRIC_REPRESENTATION_CONTEXT() REPRESENTATION_CONTEXT('2D SPACE',''
  ) );
#16776 = ADVANCED_FACE('',(#16777),#1533,.T.);
#16777 = FACE_BOUND('',#16778,.T.);
#16778 = EDGE_LOOP('',(#16779,#16802,#16823,#16824,#16825,#16848,#16874,
    #16875));
#16779 = ORIENTED_EDGE('',*,*,#16780,.T.);
#16780 = EDGE_CURVE('',#14668,#16781,#16783,.T.);
#16781 = VERTEX_POINT('',#16782);
#16782 = CARTESIAN_POINT('',(1.175,1.,8.E-02));
#16783 = SURFACE_CURVE('',#16784,(#16788,#16795),.PCURVE_S1.);
#16784 = LINE('',#16785,#16786);
#16785 = CARTESIAN_POINT('',(1.175,1.,0.841614));
#16786 = VECTOR('',#16787,1.);
#16787 = DIRECTION('',(-2.289834988289E-16,-1.065228634467E-16,-1.));
#16788 = PCURVE('',#1533,#16789);
#16789 = DEFINITIONAL_REPRESENTATION('',(#16790),#16794);
#16790 = LINE('',#16791,#16792);
#16791 = CARTESIAN_POINT('',(-0.531614,3.65));
#16792 = VECTOR('',#16793,1.);
#16793 = DIRECTION('',(1.,0.));
#16794 = ( GEOMETRIC_REPRESENTATION_CONTEXT(2) 
PARAMETRIC_REPRESENTATION_CONTEXT() REPRESENTATION_CONTEXT('2D SPACE',''
  ) );
#16795 = PCURVE('',#14683,#16796);
#16796 = DEFINITIONAL_REPRESENTATION('',(#16797),#16801);
#16797 = LINE('',#16798,#16799);
#16798 = CARTESIAN_POINT('',(-0.245779075398,0.671113768985));
#16799 = VECTOR('',#16800,1.);
#16800 = DIRECTION('',(-1.065228634467E-16,-1.));
#16801 = ( GEOMETRIC_REPRESENTATION_CONTEXT(2) 
PARAMETRIC_REPRESENTATION_CONTEXT() REPRESENTATION_CONTEXT('2D SPACE',''
  ) );
#16802 = ORIENTED_EDGE('',*,*,#16803,.T.);
#16803 = EDGE_CURVE('',#16781,#1436,#16804,.T.);
#16804 = SURFACE_CURVE('',#16805,(#16809,#16816),.PCURVE_S1.);
#16805 = LINE('',#16806,#16807);
#16806 = CARTESIAN_POINT('',(-14.5,1.,8.E-02));
#16807 = VECTOR('',#16808,1.);
#16808 = DIRECTION('',(-1.,5.243344273594E-32,2.289834988289E-16));
#16809 = PCURVE('',#1533,#16810);
#16810 = DEFINITIONAL_REPRESENTATION('',(#16811),#16815);
#16811 = LINE('',#16812,#16813);
#16812 = CARTESIAN_POINT('',(0.23,19.325));
#16813 = VECTOR('',#16814,1.);
#16814 = DIRECTION('',(0.,1.));
#16815 = ( GEOMETRIC_REPRESENTATION_CONTEXT(2) 
PARAMETRIC_REPRESENTATION_CONTEXT() REPRESENTATION_CONTEXT('2D SPACE',''
  ) );
#16816 = PCURVE('',#1456,#16817);
#16817 = DEFINITIONAL_REPRESENTATION('',(#16818),#16822);
#16818 = LINE('',#16819,#16820);
#16819 = CARTESIAN_POINT('',(8.198683773256E-31,15.6625));
#16820 = VECTOR('',#16821,1.);
#16821 = DIRECTION('',(2.080052407982E-46,1.));
#16822 = ( GEOMETRIC_REPRESENTATION_CONTEXT(2) 
PARAMETRIC_REPRESENTATION_CONTEXT() REPRESENTATION_CONTEXT('2D SPACE',''
  ) );
#16823 = ORIENTED_EDGE('',*,*,#1519,.T.);
#16824 = ORIENTED_EDGE('',*,*,#9786,.F.);
#16825 = ORIENTED_EDGE('',*,*,#16826,.T.);
#16826 = EDGE_CURVE('',#9759,#16827,#16829,.T.);
#16827 = VERTEX_POINT('',#16828);
#16828 = CARTESIAN_POINT('',(0.9,1.,8.E-02));
#16829 = SURFACE_CURVE('',#16830,(#16834,#16841),.PCURVE_S1.);
#16830 = LINE('',#16831,#16832);
#16831 = CARTESIAN_POINT('',(-14.5,1.,15.48));
#16832 = VECTOR('',#16833,1.);
#16833 = DIRECTION('',(-0.707106781187,1.064046335705E-16,0.707106781187
    ));
#16834 = PCURVE('',#1533,#16835);
#16835 = DEFINITIONAL_REPRESENTATION('',(#16836),#16840);
#16836 = LINE('',#16837,#16838);
#16837 = CARTESIAN_POINT('',(-15.17,19.325));
#16838 = VECTOR('',#16839,1.);
#16839 = DIRECTION('',(-0.707106781187,0.707106781187));
#16840 = ( GEOMETRIC_REPRESENTATION_CONTEXT(2) 
PARAMETRIC_REPRESENTATION_CONTEXT() REPRESENTATION_CONTEXT('2D SPACE',''
  ) );
#16841 = PCURVE('',#9774,#16842);
#16842 = DEFINITIONAL_REPRESENTATION('',(#16843),#16847);
#16843 = LINE('',#16844,#16845);
#16844 = CARTESIAN_POINT('',(-21.8142441996,-0.15));
#16845 = VECTOR('',#16846,1.);
#16846 = DIRECTION('',(-1.,-7.295350781106E-16));
#16847 = ( GEOMETRIC_REPRESENTATION_CONTEXT(2) 
PARAMETRIC_REPRESENTATION_CONTEXT() REPRESENTATION_CONTEXT('2D SPACE',''
  ) );
#16848 = ORIENTED_EDGE('',*,*,#16849,.T.);
#16849 = EDGE_CURVE('',#16827,#16507,#16850,.T.);
#16850 = SURFACE_CURVE('',#16851,(#16855,#16862),.PCURVE_S1.);
#16851 = LINE('',#16852,#16853);
#16852 = CARTESIAN_POINT('',(-15.,1.,8.E-02));
#16853 = VECTOR('',#16854,1.);
#16854 = DIRECTION('',(-1.,5.243344273594E-32,2.289834988289E-16));
#16855 = PCURVE('',#1533,#16856);
#16856 = DEFINITIONAL_REPRESENTATION('',(#16857),#16861);
#16857 = LINE('',#16858,#16859);
#16858 = CARTESIAN_POINT('',(0.23,19.825));
#16859 = VECTOR('',#16860,1.);
#16860 = DIRECTION('',(0.,1.));
#16861 = ( GEOMETRIC_REPRESENTATION_CONTEXT(2) 
PARAMETRIC_REPRESENTATION_CONTEXT() REPRESENTATION_CONTEXT('2D SPACE',''
  ) );
#16862 = PCURVE('',#16863,#16868);
#16863 = PLANE('',#16864);
#16864 = AXIS2_PLACEMENT_3D('',#16865,#16866,#16867);
#16865 = CARTESIAN_POINT('',(0.6625,1.,8.E-02));
#16866 = DIRECTION('',(-2.289834988289E-16,-2.289834988289E-16,-1.));
#16867 = DIRECTION('',(0.,-1.,2.289834988289E-16));
#16868 = DEFINITIONAL_REPRESENTATION('',(#16869),#16873);
#16869 = LINE('',#16870,#16871);
#16870 = CARTESIAN_POINT('',(8.198683773256E-31,15.6625));
#16871 = VECTOR('',#16872,1.);
#16872 = DIRECTION('',(2.080052407982E-46,1.));
#16873 = ( GEOMETRIC_REPRESENTATION_CONTEXT(2) 
PARAMETRIC_REPRESENTATION_CONTEXT() REPRESENTATION_CONTEXT('2D SPACE',''
  ) );
#16874 = ORIENTED_EDGE('',*,*,#16756,.F.);
#16875 = ORIENTED_EDGE('',*,*,#14695,.T.);
#16876 = ADVANCED_FACE('',(#16877),#14162,.F.);
#16877 = FACE_BOUND('',#16878,.T.);
#16878 = EDGE_LOOP('',(#16879,#16900,#16923,#16944));
#16879 = ORIENTED_EDGE('',*,*,#16880,.F.);
#16880 = EDGE_CURVE('',#16781,#14140,#16881,.T.);
#16881 = SURFACE_CURVE('',#16882,(#16886,#16893),.PCURVE_S1.);
#16882 = LINE('',#16883,#16884);
#16883 = CARTESIAN_POINT('',(6.5,1.,8.E-02));
#16884 = VECTOR('',#16885,1.);
#16885 = DIRECTION('',(1.,-5.243344273594E-32,-2.289834988289E-16));
#16886 = PCURVE('',#14162,#16887);
#16887 = DEFINITIONAL_REPRESENTATION('',(#16888),#16892);
#16888 = LINE('',#16889,#16890);
#16889 = CARTESIAN_POINT('',(-1.339222645935E-03,-5.175));
#16890 = VECTOR('',#16891,1.);
#16891 = DIRECTION('',(0.,-1.));
#16892 = ( GEOMETRIC_REPRESENTATION_CONTEXT(2) 
PARAMETRIC_REPRESENTATION_CONTEXT() REPRESENTATION_CONTEXT('2D SPACE',''
  ) );
#16893 = PCURVE('',#1456,#16894);
#16894 = DEFINITIONAL_REPRESENTATION('',(#16895),#16899);
#16895 = LINE('',#16896,#16897);
#16896 = CARTESIAN_POINT('',(-2.79645027925E-31,-5.3375));
#16897 = VECTOR('',#16898,1.);
#16898 = DIRECTION('',(-2.080052407982E-46,-1.));
#16899 = ( GEOMETRIC_REPRESENTATION_CONTEXT(2) 
PARAMETRIC_REPRESENTATION_CONTEXT() REPRESENTATION_CONTEXT('2D SPACE',''
  ) );
#16900 = ORIENTED_EDGE('',*,*,#16901,.T.);
#16901 = EDGE_CURVE('',#16781,#16902,#16904,.T.);
#16902 = VERTEX_POINT('',#16903);
#16903 = CARTESIAN_POINT('',(1.175,1.,7.866077735406E-02));
#16904 = SURFACE_CURVE('',#16905,(#16909,#16916),.PCURVE_S1.);
#16905 = LINE('',#16906,#16907);
#16906 = CARTESIAN_POINT('',(1.175,1.,0.841614));
#16907 = VECTOR('',#16908,1.);
#16908 = DIRECTION('',(-2.289834988289E-16,-1.065228634467E-16,-1.));
#16909 = PCURVE('',#14162,#16910);
#16910 = DEFINITIONAL_REPRESENTATION('',(#16911),#16915);
#16911 = LINE('',#16912,#16913);
#16912 = CARTESIAN_POINT('',(-0.762953222646,0.15));
#16913 = VECTOR('',#16914,1.);
#16914 = DIRECTION('',(1.,0.));
#16915 = ( GEOMETRIC_REPRESENTATION_CONTEXT(2) 
PARAMETRIC_REPRESENTATION_CONTEXT() REPRESENTATION_CONTEXT('2D SPACE',''
  ) );
#16916 = PCURVE('',#14683,#16917);
#16917 = DEFINITIONAL_REPRESENTATION('',(#16918),#16922);
#16918 = LINE('',#16919,#16920);
#16919 = CARTESIAN_POINT('',(-0.245779075398,0.671113768985));
#16920 = VECTOR('',#16921,1.);
#16921 = DIRECTION('',(-1.065228634467E-16,-1.));
#16922 = ( GEOMETRIC_REPRESENTATION_CONTEXT(2) 
PARAMETRIC_REPRESENTATION_CONTEXT() REPRESENTATION_CONTEXT('2D SPACE',''
  ) );
#16923 = ORIENTED_EDGE('',*,*,#16924,.F.);
#16924 = EDGE_CURVE('',#14142,#16902,#16925,.T.);
#16925 = SURFACE_CURVE('',#16926,(#16930,#16937),.PCURVE_S1.);
#16926 = LINE('',#16927,#16928);
#16927 = CARTESIAN_POINT('',(6.5,1.,7.866077735406E-02));
#16928 = VECTOR('',#16929,1.);
#16929 = DIRECTION('',(-1.,5.243344273594E-32,2.289834988289E-16));
#16930 = PCURVE('',#14162,#16931);
#16931 = DEFINITIONAL_REPRESENTATION('',(#16932),#16936);
#16932 = LINE('',#16933,#16934);
#16933 = CARTESIAN_POINT('',(-1.857888842771E-16,-5.175));
#16934 = VECTOR('',#16935,1.);
#16935 = DIRECTION('',(0.,1.));
#16936 = ( GEOMETRIC_REPRESENTATION_CONTEXT(2) 
PARAMETRIC_REPRESENTATION_CONTEXT() REPRESENTATION_CONTEXT('2D SPACE',''
  ) );
#16937 = PCURVE('',#14190,#16938);
#16938 = DEFINITIONAL_REPRESENTATION('',(#16939),#16943);
#16939 = LINE('',#16940,#16941);
#16940 = CARTESIAN_POINT('',(5.833781539828E-02,-5.325));
#16941 = VECTOR('',#16942,1.);
#16942 = DIRECTION('',(9.244463733059E-32,1.));
#16943 = ( GEOMETRIC_REPRESENTATION_CONTEXT(2) 
PARAMETRIC_REPRESENTATION_CONTEXT() REPRESENTATION_CONTEXT('2D SPACE',''
  ) );
#16944 = ORIENTED_EDGE('',*,*,#14139,.F.);
#16945 = ADVANCED_FACE('',(#16946),#14683,.F.);
#16946 = FACE_BOUND('',#16947,.T.);
#16947 = EDGE_LOOP('',(#16948,#16949,#16950,#16973,#16997,#17020,#17043,
    #17066,#17089,#17113,#17134));
#16948 = ORIENTED_EDGE('',*,*,#16780,.F.);
#16949 = ORIENTED_EDGE('',*,*,#14667,.F.);
#16950 = ORIENTED_EDGE('',*,*,#16951,.F.);
#16951 = EDGE_CURVE('',#16952,#14645,#16954,.T.);
#16952 = VERTEX_POINT('',#16953);
#16953 = CARTESIAN_POINT('',(1.175,1.35,0.16));
#16954 = SURFACE_CURVE('',#16955,(#16959,#16966),.PCURVE_S1.);
#16955 = LINE('',#16956,#16957);
#16956 = CARTESIAN_POINT('',(1.175,1.35,0.31));
#16957 = VECTOR('',#16958,1.);
#16958 = DIRECTION('',(2.289834988289E-16,2.289834988289E-16,1.));
#16959 = PCURVE('',#14683,#16960);
#16960 = DEFINITIONAL_REPRESENTATION('',(#16961),#16965);
#16961 = LINE('',#16962,#16963);
#16962 = CARTESIAN_POINT('',(0.104220924602,0.139499768985));
#16963 = VECTOR('',#16964,1.);
#16964 = DIRECTION('',(2.289834988289E-16,1.));
#16965 = ( GEOMETRIC_REPRESENTATION_CONTEXT(2) 
PARAMETRIC_REPRESENTATION_CONTEXT() REPRESENTATION_CONTEXT('2D SPACE',''
  ) );
#16966 = PCURVE('',#14388,#16967);
#16967 = DEFINITIONAL_REPRESENTATION('',(#16968),#16972);
#16968 = LINE('',#16969,#16970);
#16969 = CARTESIAN_POINT('',(-0.,0.));
#16970 = VECTOR('',#16971,1.);
#16971 = DIRECTION('',(-1.,0.));
#16972 = ( GEOMETRIC_REPRESENTATION_CONTEXT(2) 
PARAMETRIC_REPRESENTATION_CONTEXT() REPRESENTATION_CONTEXT('2D SPACE',''
  ) );
#16973 = ORIENTED_EDGE('',*,*,#16974,.T.);
#16974 = EDGE_CURVE('',#16952,#16975,#16977,.T.);
#16975 = VERTEX_POINT('',#16976);
#16976 = CARTESIAN_POINT('',(1.175,1.3,0.11));
#16977 = SURFACE_CURVE('',#16978,(#16983,#16990),.PCURVE_S1.);
#16978 = CIRCLE('',#16979,5.E-02);
#16979 = AXIS2_PLACEMENT_3D('',#16980,#16981,#16982);
#16980 = CARTESIAN_POINT('',(1.175,1.35,0.11));
#16981 = DIRECTION('',(1.,-5.243344273594E-32,-2.289834988289E-16));
#16982 = DIRECTION('',(-2.080052407982E-46,1.,-2.289834988289E-16));
#16983 = PCURVE('',#14683,#16984);
#16984 = DEFINITIONAL_REPRESENTATION('',(#16985),#16989);
#16985 = CIRCLE('',#16986,5.E-02);
#16986 = AXIS2_PLACEMENT_2D('',#16987,#16988);
#16987 = CARTESIAN_POINT('',(0.104220924602,-6.050023101547E-02));
#16988 = DIRECTION('',(1.,-2.289834988289E-16));
#16989 = ( GEOMETRIC_REPRESENTATION_CONTEXT(2) 
PARAMETRIC_REPRESENTATION_CONTEXT() REPRESENTATION_CONTEXT('2D SPACE',''
  ) );
#16990 = PCURVE('',#14360,#16991);
#16991 = DEFINITIONAL_REPRESENTATION('',(#16992),#16996);
#16992 = LINE('',#16993,#16994);
#16993 = CARTESIAN_POINT('',(-2.22044604925E-16,0.));
#16994 = VECTOR('',#16995,1.);
#16995 = DIRECTION('',(1.,0.));
#16996 = ( GEOMETRIC_REPRESENTATION_CONTEXT(2) 
PARAMETRIC_REPRESENTATION_CONTEXT() REPRESENTATION_CONTEXT('2D SPACE',''
  ) );
#16997 = ORIENTED_EDGE('',*,*,#16998,.T.);
#16998 = EDGE_CURVE('',#16975,#16999,#17001,.T.);
#16999 = VERTEX_POINT('',#17000);
#17000 = CARTESIAN_POINT('',(1.175,1.3,5.E-02));
#17001 = SURFACE_CURVE('',#17002,(#17006,#17013),.PCURVE_S1.);
#17002 = LINE('',#17003,#17004);
#17003 = CARTESIAN_POINT('',(1.175,1.3,0.11));
#17004 = VECTOR('',#17005,1.);
#17005 = DIRECTION('',(-2.289834988289E-16,-2.289834988289E-16,-1.));
#17006 = PCURVE('',#14683,#17007);
#17007 = DEFINITIONAL_REPRESENTATION('',(#17008),#17012);
#17008 = LINE('',#17009,#17010);
#17009 = CARTESIAN_POINT('',(5.422092460224E-02,-6.050023101547E-02));
#17010 = VECTOR('',#17011,1.);
#17011 = DIRECTION('',(-2.289834988289E-16,-1.));
#17012 = ( GEOMETRIC_REPRESENTATION_CONTEXT(2) 
PARAMETRIC_REPRESENTATION_CONTEXT() REPRESENTATION_CONTEXT('2D SPACE',''
  ) );
#17013 = PCURVE('',#14331,#17014);
#17014 = DEFINITIONAL_REPRESENTATION('',(#17015),#17019);
#17015 = LINE('',#17016,#17017);
#17016 = CARTESIAN_POINT('',(-0.,0.));
#17017 = VECTOR('',#17018,1.);
#17018 = DIRECTION('',(1.,0.));
#17019 = ( GEOMETRIC_REPRESENTATION_CONTEXT(2) 
PARAMETRIC_REPRESENTATION_CONTEXT() REPRESENTATION_CONTEXT('2D SPACE',''
  ) );
#17020 = ORIENTED_EDGE('',*,*,#17021,.T.);
#17021 = EDGE_CURVE('',#16999,#17022,#17024,.T.);
#17022 = VERTEX_POINT('',#17023);
#17023 = CARTESIAN_POINT('',(1.175,1.25,-1.221245327088E-15));
#17024 = SURFACE_CURVE('',#17025,(#17029,#17036),.PCURVE_S1.);
#17025 = LINE('',#17026,#17027);
#17026 = CARTESIAN_POINT('',(1.175,1.3,5.E-02));
#17027 = VECTOR('',#17028,1.);
#17028 = DIRECTION('',(-1.619157848018E-16,-0.707106781187,
    -0.707106781186));
#17029 = PCURVE('',#14683,#17030);
#17030 = DEFINITIONAL_REPRESENTATION('',(#17031),#17035);
#17031 = LINE('',#17032,#17033);
#17032 = CARTESIAN_POINT('',(5.422092460224E-02,-0.120500231015));
#17033 = VECTOR('',#17034,1.);
#17034 = DIRECTION('',(-0.707106781187,-0.707106781186));
#17035 = ( GEOMETRIC_REPRESENTATION_CONTEXT(2) 
PARAMETRIC_REPRESENTATION_CONTEXT() REPRESENTATION_CONTEXT('2D SPACE',''
  ) );
#17036 = PCURVE('',#14303,#17037);
#17037 = DEFINITIONAL_REPRESENTATION('',(#17038),#17042);
#17038 = LINE('',#17039,#17040);
#17039 = CARTESIAN_POINT('',(-0.,0.));
#17040 = VECTOR('',#17041,1.);
#17041 = DIRECTION('',(1.,-7.395570986447E-32));
#17042 = ( GEOMETRIC_REPRESENTATION_CONTEXT(2) 
PARAMETRIC_REPRESENTATION_CONTEXT() REPRESENTATION_CONTEXT('2D SPACE',''
  ) );
#17043 = ORIENTED_EDGE('',*,*,#17044,.F.);
#17044 = EDGE_CURVE('',#17045,#17022,#17047,.T.);
#17045 = VERTEX_POINT('',#17046);
#17046 = CARTESIAN_POINT('',(1.175,0.92,-1.110223024625E-15));
#17047 = SURFACE_CURVE('',#17048,(#17052,#17059),.PCURVE_S1.);
#17048 = LINE('',#17049,#17050);
#17049 = CARTESIAN_POINT('',(1.175,0.92,-1.110223024625E-15));
#17050 = VECTOR('',#17051,1.);
#17051 = DIRECTION('',(0.,1.,-2.289834988289E-16));
#17052 = PCURVE('',#14683,#17053);
#17053 = DEFINITIONAL_REPRESENTATION('',(#17054),#17058);
#17054 = LINE('',#17055,#17056);
#17055 = CARTESIAN_POINT('',(-0.325779075398,-0.170500231015));
#17056 = VECTOR('',#17057,1.);
#17057 = DIRECTION('',(1.,-2.289834988289E-16));
#17058 = ( GEOMETRIC_REPRESENTATION_CONTEXT(2) 
PARAMETRIC_REPRESENTATION_CONTEXT() REPRESENTATION_CONTEXT('2D SPACE',''
  ) );
#17059 = PCURVE('',#14275,#17060);
#17060 = DEFINITIONAL_REPRESENTATION('',(#17061),#17065);
#17061 = LINE('',#17062,#17063);
#17062 = CARTESIAN_POINT('',(0.33,5.473822126269E-48));
#17063 = VECTOR('',#17064,1.);
#17064 = DIRECTION('',(-1.,0.));
#17065 = ( GEOMETRIC_REPRESENTATION_CONTEXT(2) 
PARAMETRIC_REPRESENTATION_CONTEXT() REPRESENTATION_CONTEXT('2D SPACE',''
  ) );
#17066 = ORIENTED_EDGE('',*,*,#17067,.T.);
#17067 = EDGE_CURVE('',#17045,#17068,#17070,.T.);
#17068 = VERTEX_POINT('',#17069);
#17069 = CARTESIAN_POINT('',(1.175,0.92,3.619548911246E-02));
#17070 = SURFACE_CURVE('',#17071,(#17075,#17082),.PCURVE_S1.);
#17071 = LINE('',#17072,#17073);
#17072 = CARTESIAN_POINT('',(1.175,0.92,-1.110223024625E-15));
#17073 = VECTOR('',#17074,1.);
#17074 = DIRECTION('',(2.289834988289E-16,2.289834988289E-16,1.));
#17075 = PCURVE('',#14683,#17076);
#17076 = DEFINITIONAL_REPRESENTATION('',(#17077),#17081);
#17077 = LINE('',#17078,#17079);
#17078 = CARTESIAN_POINT('',(-0.325779075398,-0.170500231015));
#17079 = VECTOR('',#17080,1.);
#17080 = DIRECTION('',(2.289834988289E-16,1.));
#17081 = ( GEOMETRIC_REPRESENTATION_CONTEXT(2) 
PARAMETRIC_REPRESENTATION_CONTEXT() REPRESENTATION_CONTEXT('2D SPACE',''
  ) );
#17082 = PCURVE('',#14247,#17083);
#17083 = DEFINITIONAL_REPRESENTATION('',(#17084),#17088);
#17084 = LINE('',#17085,#17086);
#17085 = CARTESIAN_POINT('',(0.,0.));
#17086 = VECTOR('',#17087,1.);
#17087 = DIRECTION('',(1.,0.));
#17088 = ( GEOMETRIC_REPRESENTATION_CONTEXT(2) 
PARAMETRIC_REPRESENTATION_CONTEXT() REPRESENTATION_CONTEXT('2D SPACE',''
  ) );
#17089 = ORIENTED_EDGE('',*,*,#17090,.F.);
#17090 = EDGE_CURVE('',#17091,#17068,#17093,.T.);
#17091 = VERTEX_POINT('',#17092);
#17092 = CARTESIAN_POINT('',(1.175,0.943186633611,6.541154699934E-02));
#17093 = SURFACE_CURVE('',#17094,(#17099,#17106),.PCURVE_S1.);
#17094 = CIRCLE('',#17095,3.E-02);
#17095 = AXIS2_PLACEMENT_3D('',#17096,#17097,#17098);
#17096 = CARTESIAN_POINT('',(1.175,0.95,3.619548911246E-02));
#17097 = DIRECTION('',(1.,-5.243344273594E-32,-2.289834988289E-16));
#17098 = DIRECTION('',(-2.080052407982E-46,1.,-2.289834988289E-16));
#17099 = PCURVE('',#14683,#17100);
#17100 = DEFINITIONAL_REPRESENTATION('',(#17101),#17105);
#17101 = CIRCLE('',#17102,3.E-02);
#17102 = AXIS2_PLACEMENT_2D('',#17103,#17104);
#17103 = CARTESIAN_POINT('',(-0.295779075398,-0.134304741903));
#17104 = DIRECTION('',(1.,-2.289834988289E-16));
#17105 = ( GEOMETRIC_REPRESENTATION_CONTEXT(2) 
PARAMETRIC_REPRESENTATION_CONTEXT() REPRESENTATION_CONTEXT('2D SPACE',''
  ) );
#17106 = PCURVE('',#14219,#17107);
#17107 = DEFINITIONAL_REPRESENTATION('',(#17108),#17112);
#17108 = LINE('',#17109,#17110);
#17109 = CARTESIAN_POINT('',(-6.661338147751E-16,0.));
#17110 = VECTOR('',#17111,1.);
#17111 = DIRECTION('',(1.,0.));
#17112 = ( GEOMETRIC_REPRESENTATION_CONTEXT(2) 
PARAMETRIC_REPRESENTATION_CONTEXT() REPRESENTATION_CONTEXT('2D SPACE',''
  ) );
#17113 = ORIENTED_EDGE('',*,*,#17114,.T.);
#17114 = EDGE_CURVE('',#17091,#16902,#17115,.T.);
#17115 = SURFACE_CURVE('',#17116,(#17120,#17127),.PCURVE_S1.);
#17116 = LINE('',#17117,#17118);
#17117 = CARTESIAN_POINT('',(1.175,0.943186633611,6.541154699934E-02));
#17118 = VECTOR('',#17119,1.);
#17119 = DIRECTION('',(5.200494915182E-17,0.973868596229,0.227112212966)
  );
#17120 = PCURVE('',#14683,#17121);
#17121 = DEFINITIONAL_REPRESENTATION('',(#17122),#17126);
#17122 = LINE('',#17123,#17124);
#17123 = CARTESIAN_POINT('',(-0.302592441787,-0.105088684016));
#17124 = VECTOR('',#17125,1.);
#17125 = DIRECTION('',(0.973868596229,0.227112212966));
#17126 = ( GEOMETRIC_REPRESENTATION_CONTEXT(2) 
PARAMETRIC_REPRESENTATION_CONTEXT() REPRESENTATION_CONTEXT('2D SPACE',''
  ) );
#17127 = PCURVE('',#14190,#17128);
#17128 = DEFINITIONAL_REPRESENTATION('',(#17129),#17133);
#17129 = LINE('',#17130,#17131);
#17130 = CARTESIAN_POINT('',(0.,0.));
#17131 = VECTOR('',#17132,1.);
#17132 = DIRECTION('',(1.,-3.697785493223E-32));
#17133 = ( GEOMETRIC_REPRESENTATION_CONTEXT(2) 
PARAMETRIC_REPRESENTATION_CONTEXT() REPRESENTATION_CONTEXT('2D SPACE',''
  ) );
#17134 = ORIENTED_EDGE('',*,*,#16901,.F.);
#17135 = ADVANCED_FACE('',(#17136),#14388,.T.);
#17136 = FACE_BOUND('',#17137,.T.);
#17137 = EDGE_LOOP('',(#17138,#17139,#17140,#17161));
#17138 = ORIENTED_EDGE('',*,*,#14644,.T.);
#17139 = ORIENTED_EDGE('',*,*,#14372,.T.);
#17140 = ORIENTED_EDGE('',*,*,#17141,.F.);
#17141 = EDGE_CURVE('',#16952,#14344,#17142,.T.);
#17142 = SURFACE_CURVE('',#17143,(#17147,#17154),.PCURVE_S1.);
#17143 = LINE('',#17144,#17145);
#17144 = CARTESIAN_POINT('',(1.175,1.35,0.16));
#17145 = VECTOR('',#17146,1.);
#17146 = DIRECTION('',(1.,-5.243344273594E-32,-2.289834988289E-16));
#17147 = PCURVE('',#14388,#17148);
#17148 = DEFINITIONAL_REPRESENTATION('',(#17149),#17153);
#17149 = LINE('',#17150,#17151);
#17150 = CARTESIAN_POINT('',(0.15,-3.434752482434E-17));
#17151 = VECTOR('',#17152,1.);
#17152 = DIRECTION('',(0.,-1.));
#17153 = ( GEOMETRIC_REPRESENTATION_CONTEXT(2) 
PARAMETRIC_REPRESENTATION_CONTEXT() REPRESENTATION_CONTEXT('2D SPACE',''
  ) );
#17154 = PCURVE('',#14360,#17155);
#17155 = DEFINITIONAL_REPRESENTATION('',(#17156),#17160);
#17156 = LINE('',#17157,#17158);
#17157 = CARTESIAN_POINT('',(1.570796326795,0.));
#17158 = VECTOR('',#17159,1.);
#17159 = DIRECTION('',(0.,1.));
#17160 = ( GEOMETRIC_REPRESENTATION_CONTEXT(2) 
PARAMETRIC_REPRESENTATION_CONTEXT() REPRESENTATION_CONTEXT('2D SPACE',''
  ) );
#17161 = ORIENTED_EDGE('',*,*,#16951,.T.);
#17162 = ADVANCED_FACE('',(#17163),#14360,.F.);
#17163 = FACE_BOUND('',#17164,.F.);
#17164 = EDGE_LOOP('',(#17165,#17166,#17187,#17188));
#17165 = ORIENTED_EDGE('',*,*,#16974,.T.);
#17166 = ORIENTED_EDGE('',*,*,#17167,.T.);
#17167 = EDGE_CURVE('',#16975,#14316,#17168,.T.);
#17168 = SURFACE_CURVE('',#17169,(#17173,#17180),.PCURVE_S1.);
#17169 = LINE('',#17170,#17171);
#17170 = CARTESIAN_POINT('',(1.175,1.3,0.11));
#17171 = VECTOR('',#17172,1.);
#17172 = DIRECTION('',(1.,-5.243344273594E-32,-2.289834988289E-16));
#17173 = PCURVE('',#14360,#17174);
#17174 = DEFINITIONAL_REPRESENTATION('',(#17175),#17179);
#17175 = LINE('',#17176,#17177);
#17176 = CARTESIAN_POINT('',(3.14159265359,0.));
#17177 = VECTOR('',#17178,1.);
#17178 = DIRECTION('',(0.,1.));
#17179 = ( GEOMETRIC_REPRESENTATION_CONTEXT(2) 
PARAMETRIC_REPRESENTATION_CONTEXT() REPRESENTATION_CONTEXT('2D SPACE',''
  ) );
#17180 = PCURVE('',#14331,#17181);
#17181 = DEFINITIONAL_REPRESENTATION('',(#17182),#17186);
#17182 = LINE('',#17183,#17184);
#17183 = CARTESIAN_POINT('',(-0.,0.));
#17184 = VECTOR('',#17185,1.);
#17185 = DIRECTION('',(0.,-1.));
#17186 = ( GEOMETRIC_REPRESENTATION_CONTEXT(2) 
PARAMETRIC_REPRESENTATION_CONTEXT() REPRESENTATION_CONTEXT('2D SPACE',''
  ) );
#17187 = ORIENTED_EDGE('',*,*,#14343,.F.);
#17188 = ORIENTED_EDGE('',*,*,#17141,.F.);
#17189 = ADVANCED_FACE('',(#17190),#14331,.T.);
#17190 = FACE_BOUND('',#17191,.T.);
#17191 = EDGE_LOOP('',(#17192,#17193,#17194,#17215));
#17192 = ORIENTED_EDGE('',*,*,#17167,.T.);
#17193 = ORIENTED_EDGE('',*,*,#14315,.T.);
#17194 = ORIENTED_EDGE('',*,*,#17195,.F.);
#17195 = EDGE_CURVE('',#16999,#14288,#17196,.T.);
#17196 = SURFACE_CURVE('',#17197,(#17201,#17208),.PCURVE_S1.);
#17197 = LINE('',#17198,#17199);
#17198 = CARTESIAN_POINT('',(1.175,1.3,5.E-02));
#17199 = VECTOR('',#17200,1.);
#17200 = DIRECTION('',(1.,-5.243344273594E-32,-2.289834988289E-16));
#17201 = PCURVE('',#14331,#17202);
#17202 = DEFINITIONAL_REPRESENTATION('',(#17203),#17207);
#17203 = LINE('',#17204,#17205);
#17204 = CARTESIAN_POINT('',(6.E-02,-1.373900992974E-17));
#17205 = VECTOR('',#17206,1.);
#17206 = DIRECTION('',(0.,-1.));
#17207 = ( GEOMETRIC_REPRESENTATION_CONTEXT(2) 
PARAMETRIC_REPRESENTATION_CONTEXT() REPRESENTATION_CONTEXT('2D SPACE',''
  ) );
#17208 = PCURVE('',#14303,#17209);
#17209 = DEFINITIONAL_REPRESENTATION('',(#17210),#17214);
#17210 = LINE('',#17211,#17212);
#17211 = CARTESIAN_POINT('',(-0.,0.));
#17212 = VECTOR('',#17213,1.);
#17213 = DIRECTION('',(2.465190328816E-32,-1.));
#17214 = ( GEOMETRIC_REPRESENTATION_CONTEXT(2) 
PARAMETRIC_REPRESENTATION_CONTEXT() REPRESENTATION_CONTEXT('2D SPACE',''
  ) );
#17215 = ORIENTED_EDGE('',*,*,#16998,.F.);
#17216 = ADVANCED_FACE('',(#17217),#14303,.T.);
#17217 = FACE_BOUND('',#17218,.T.);
#17218 = EDGE_LOOP('',(#17219,#17220,#17221,#17242));
#17219 = ORIENTED_EDGE('',*,*,#17195,.T.);
#17220 = ORIENTED_EDGE('',*,*,#14287,.T.);
#17221 = ORIENTED_EDGE('',*,*,#17222,.F.);
#17222 = EDGE_CURVE('',#17022,#14260,#17223,.T.);
#17223 = SURFACE_CURVE('',#17224,(#17228,#17235),.PCURVE_S1.);
#17224 = LINE('',#17225,#17226);
#17225 = CARTESIAN_POINT('',(1.175,1.25,-1.221245327088E-15));
#17226 = VECTOR('',#17227,1.);
#17227 = DIRECTION('',(1.,-5.243344273594E-32,-2.289834988289E-16));
#17228 = PCURVE('',#14303,#17229);
#17229 = DEFINITIONAL_REPRESENTATION('',(#17230),#17234);
#17230 = LINE('',#17231,#17232);
#17231 = CARTESIAN_POINT('',(7.071067811866E-02,-1.144917494145E-17));
#17232 = VECTOR('',#17233,1.);
#17233 = DIRECTION('',(2.465190328816E-32,-1.));
#17234 = ( GEOMETRIC_REPRESENTATION_CONTEXT(2) 
PARAMETRIC_REPRESENTATION_CONTEXT() REPRESENTATION_CONTEXT('2D SPACE',''
  ) );
#17235 = PCURVE('',#14275,#17236);
#17236 = DEFINITIONAL_REPRESENTATION('',(#17237),#17241);
#17237 = LINE('',#17238,#17239);
#17238 = CARTESIAN_POINT('',(0.,0.));
#17239 = VECTOR('',#17240,1.);
#17240 = DIRECTION('',(-2.080052407982E-46,-1.));
#17241 = ( GEOMETRIC_REPRESENTATION_CONTEXT(2) 
PARAMETRIC_REPRESENTATION_CONTEXT() REPRESENTATION_CONTEXT('2D SPACE',''
  ) );
#17242 = ORIENTED_EDGE('',*,*,#17021,.F.);
#17243 = ADVANCED_FACE('',(#17244),#14275,.T.);
#17244 = FACE_BOUND('',#17245,.T.);
#17245 = EDGE_LOOP('',(#17246,#17247,#17248,#17269));
#17246 = ORIENTED_EDGE('',*,*,#17222,.T.);
#17247 = ORIENTED_EDGE('',*,*,#14259,.T.);
#17248 = ORIENTED_EDGE('',*,*,#17249,.F.);
#17249 = EDGE_CURVE('',#17045,#14232,#17250,.T.);
#17250 = SURFACE_CURVE('',#17251,(#17255,#17262),.PCURVE_S1.);
#17251 = LINE('',#17252,#17253);
#17252 = CARTESIAN_POINT('',(1.175,0.92,-1.110223024625E-15));
#17253 = VECTOR('',#17254,1.);
#17254 = DIRECTION('',(1.,-5.243344273594E-32,-2.289834988289E-16));
#17255 = PCURVE('',#14275,#17256);
#17256 = DEFINITIONAL_REPRESENTATION('',(#17257),#17261);
#17257 = LINE('',#17258,#17259);
#17258 = CARTESIAN_POINT('',(0.33,5.473822126269E-48));
#17259 = VECTOR('',#17260,1.);
#17260 = DIRECTION('',(-2.080052407982E-46,-1.));
#17261 = ( GEOMETRIC_REPRESENTATION_CONTEXT(2) 
PARAMETRIC_REPRESENTATION_CONTEXT() REPRESENTATION_CONTEXT('2D SPACE',''
  ) );
#17262 = PCURVE('',#14247,#17263);
#17263 = DEFINITIONAL_REPRESENTATION('',(#17264),#17268);
#17264 = LINE('',#17265,#17266);
#17265 = CARTESIAN_POINT('',(0.,0.));
#17266 = VECTOR('',#17267,1.);
#17267 = DIRECTION('',(0.,-1.));
#17268 = ( GEOMETRIC_REPRESENTATION_CONTEXT(2) 
PARAMETRIC_REPRESENTATION_CONTEXT() REPRESENTATION_CONTEXT('2D SPACE',''
  ) );
#17269 = ORIENTED_EDGE('',*,*,#17044,.T.);
#17270 = ADVANCED_FACE('',(#17271),#14247,.T.);
#17271 = FACE_BOUND('',#17272,.T.);
#17272 = EDGE_LOOP('',(#17273,#17274,#17275,#17276));
#17273 = ORIENTED_EDGE('',*,*,#17067,.F.);
#17274 = ORIENTED_EDGE('',*,*,#17249,.T.);
#17275 = ORIENTED_EDGE('',*,*,#14231,.T.);
#17276 = ORIENTED_EDGE('',*,*,#17277,.F.);
#17277 = EDGE_CURVE('',#17068,#14203,#17278,.T.);
#17278 = SURFACE_CURVE('',#17279,(#17283,#17290),.PCURVE_S1.);
#17279 = LINE('',#17280,#17281);
#17280 = CARTESIAN_POINT('',(1.175,0.92,3.619548911246E-02));
#17281 = VECTOR('',#17282,1.);
#17282 = DIRECTION('',(1.,-5.243344273594E-32,-2.289834988289E-16));
#17283 = PCURVE('',#14247,#17284);
#17284 = DEFINITIONAL_REPRESENTATION('',(#17285),#17289);
#17285 = LINE('',#17286,#17287);
#17286 = CARTESIAN_POINT('',(3.619548911246E-02,8.288169738796E-18));
#17287 = VECTOR('',#17288,1.);
#17288 = DIRECTION('',(0.,-1.));
#17289 = ( GEOMETRIC_REPRESENTATION_CONTEXT(2) 
PARAMETRIC_REPRESENTATION_CONTEXT() REPRESENTATION_CONTEXT('2D SPACE',''
  ) );
#17290 = PCURVE('',#14219,#17291);
#17291 = DEFINITIONAL_REPRESENTATION('',(#17292),#17296);
#17292 = LINE('',#17293,#17294);
#17293 = CARTESIAN_POINT('',(3.14159265359,0.));
#17294 = VECTOR('',#17295,1.);
#17295 = DIRECTION('',(0.,1.));
#17296 = ( GEOMETRIC_REPRESENTATION_CONTEXT(2) 
PARAMETRIC_REPRESENTATION_CONTEXT() REPRESENTATION_CONTEXT('2D SPACE',''
  ) );
#17297 = ADVANCED_FACE('',(#17298),#14219,.T.);
#17298 = FACE_BOUND('',#17299,.T.);
#17299 = EDGE_LOOP('',(#17300,#17301,#17302,#17323));
#17300 = ORIENTED_EDGE('',*,*,#17277,.T.);
#17301 = ORIENTED_EDGE('',*,*,#14202,.F.);
#17302 = ORIENTED_EDGE('',*,*,#17303,.F.);
#17303 = EDGE_CURVE('',#17091,#14175,#17304,.T.);
#17304 = SURFACE_CURVE('',#17305,(#17309,#17316),.PCURVE_S1.);
#17305 = LINE('',#17306,#17307);
#17306 = CARTESIAN_POINT('',(1.175,0.943186633611,6.541154699934E-02));
#17307 = VECTOR('',#17308,1.);
#17308 = DIRECTION('',(1.,-5.243344273594E-32,-2.289834988289E-16));
#17309 = PCURVE('',#14219,#17310);
#17310 = DEFINITIONAL_REPRESENTATION('',(#17311),#17315);
#17311 = LINE('',#17312,#17313);
#17312 = CARTESIAN_POINT('',(1.799907705522,0.));
#17313 = VECTOR('',#17314,1.);
#17314 = DIRECTION('',(0.,1.));
#17315 = ( GEOMETRIC_REPRESENTATION_CONTEXT(2) 
PARAMETRIC_REPRESENTATION_CONTEXT() REPRESENTATION_CONTEXT('2D SPACE',''
  ) );
#17316 = PCURVE('',#14190,#17317);
#17317 = DEFINITIONAL_REPRESENTATION('',(#17318),#17322);
#17318 = LINE('',#17319,#17320);
#17319 = CARTESIAN_POINT('',(0.,0.));
#17320 = VECTOR('',#17321,1.);
#17321 = DIRECTION('',(-9.244463733059E-32,-1.));
#17322 = ( GEOMETRIC_REPRESENTATION_CONTEXT(2) 
PARAMETRIC_REPRESENTATION_CONTEXT() REPRESENTATION_CONTEXT('2D SPACE',''
  ) );
#17323 = ORIENTED_EDGE('',*,*,#17090,.T.);
#17324 = ADVANCED_FACE('',(#17325),#14190,.T.);
#17325 = FACE_BOUND('',#17326,.T.);
#17326 = EDGE_LOOP('',(#17327,#17328,#17329,#17330));
#17327 = ORIENTED_EDGE('',*,*,#17303,.T.);
#17328 = ORIENTED_EDGE('',*,*,#14174,.T.);
#17329 = ORIENTED_EDGE('',*,*,#16924,.T.);
#17330 = ORIENTED_EDGE('',*,*,#17114,.F.);
#17331 = ADVANCED_FACE('',(#17332),#1456,.T.);
#17332 = FACE_BOUND('',#17333,.T.);
#17333 = EDGE_LOOP('',(#17334,#17355,#17356,#17357,#17358,#17379));
#17334 = ORIENTED_EDGE('',*,*,#17335,.T.);
#17335 = EDGE_CURVE('',#11857,#1434,#17336,.T.);
#17336 = SURFACE_CURVE('',#17337,(#17341,#17348),.PCURVE_S1.);
#17337 = LINE('',#17338,#17339);
#17338 = CARTESIAN_POINT('',(-14.5,0.92,8.E-02));
#17339 = VECTOR('',#17340,1.);
#17340 = DIRECTION('',(-1.,5.243344273594E-32,2.289834988289E-16));
#17341 = PCURVE('',#1456,#17342);
#17342 = DEFINITIONAL_REPRESENTATION('',(#17343),#17347);
#17343 = LINE('',#17344,#17345);
#17344 = CARTESIAN_POINT('',(8.E-02,15.6625));
#17345 = VECTOR('',#17346,1.);
#17346 = DIRECTION('',(2.080052407982E-46,1.));
#17347 = ( GEOMETRIC_REPRESENTATION_CONTEXT(2) 
PARAMETRIC_REPRESENTATION_CONTEXT() REPRESENTATION_CONTEXT('2D SPACE',''
  ) );
#17348 = PCURVE('',#1484,#17349);
#17349 = DEFINITIONAL_REPRESENTATION('',(#17350),#17354);
#17350 = LINE('',#17351,#17352);
#17351 = CARTESIAN_POINT('',(-1.749253556813E-18,15.6625));
#17352 = VECTOR('',#17353,1.);
#17353 = DIRECTION('',(-1.848892746612E-31,1.));
#17354 = ( GEOMETRIC_REPRESENTATION_CONTEXT(2) 
PARAMETRIC_REPRESENTATION_CONTEXT() REPRESENTATION_CONTEXT('2D SPACE',''
  ) );
#17355 = ORIENTED_EDGE('',*,*,#1433,.T.);
#17356 = ORIENTED_EDGE('',*,*,#16803,.F.);
#17357 = ORIENTED_EDGE('',*,*,#16880,.T.);
#17358 = ORIENTED_EDGE('',*,*,#17359,.F.);
#17359 = EDGE_CURVE('',#11855,#14140,#17360,.T.);
#17360 = SURFACE_CURVE('',#17361,(#17365,#17372),.PCURVE_S1.);
#17361 = LINE('',#17362,#17363);
#17362 = CARTESIAN_POINT('',(-14.5,1.,8.E-02));
#17363 = VECTOR('',#17364,1.);
#17364 = DIRECTION('',(-1.,5.243344273594E-32,2.289834988289E-16));
#17365 = PCURVE('',#1456,#17366);
#17366 = DEFINITIONAL_REPRESENTATION('',(#17367),#17371);
#17367 = LINE('',#17368,#17369);
#17368 = CARTESIAN_POINT('',(8.198683773256E-31,15.6625));
#17369 = VECTOR('',#17370,1.);
#17370 = DIRECTION('',(2.080052407982E-46,1.));
#17371 = ( GEOMETRIC_REPRESENTATION_CONTEXT(2) 
PARAMETRIC_REPRESENTATION_CONTEXT() REPRESENTATION_CONTEXT('2D SPACE',''
  ) );
#17372 = PCURVE('',#9875,#17373);
#17373 = DEFINITIONAL_REPRESENTATION('',(#17374),#17378);
#17374 = LINE('',#17375,#17376);
#17375 = CARTESIAN_POINT('',(0.23,19.825));
#17376 = VECTOR('',#17377,1.);
#17377 = DIRECTION('',(0.,1.));
#17378 = ( GEOMETRIC_REPRESENTATION_CONTEXT(2) 
PARAMETRIC_REPRESENTATION_CONTEXT() REPRESENTATION_CONTEXT('2D SPACE',''
  ) );
#17379 = ORIENTED_EDGE('',*,*,#11854,.T.);
#17380 = ADVANCED_FACE('',(#17381),#1484,.T.);
#17381 = FACE_BOUND('',#17382,.T.);
#17382 = EDGE_LOOP('',(#17383,#17384,#17385,#17386));
#17383 = ORIENTED_EDGE('',*,*,#9808,.T.);
#17384 = ORIENTED_EDGE('',*,*,#1468,.F.);
#17385 = ORIENTED_EDGE('',*,*,#17335,.F.);
#17386 = ORIENTED_EDGE('',*,*,#11901,.F.);
#17387 = ADVANCED_FACE('',(#17388),#3524,.F.);
#17388 = FACE_BOUND('',#17389,.T.);
#17389 = EDGE_LOOP('',(#17390,#17391,#17392,#17393,#17394,#17395));
#17390 = ORIENTED_EDGE('',*,*,#7980,.T.);
#17391 = ORIENTED_EDGE('',*,*,#10612,.F.);
#17392 = ORIENTED_EDGE('',*,*,#9020,.T.);
#17393 = ORIENTED_EDGE('',*,*,#4096,.T.);
#17394 = ORIENTED_EDGE('',*,*,#3508,.F.);
#17395 = ORIENTED_EDGE('',*,*,#5844,.F.);
#17396 = ADVANCED_FACE('',(#17397),#8521,.T.);
#17397 = FACE_BOUND('',#17398,.T.);
#17398 = EDGE_LOOP('',(#17399,#17400,#17401,#17402));
#17399 = ORIENTED_EDGE('',*,*,#9959,.F.);
#17400 = ORIENTED_EDGE('',*,*,#8505,.F.);
#17401 = ORIENTED_EDGE('',*,*,#8796,.F.);
#17402 = ORIENTED_EDGE('',*,*,#15217,.F.);
#17403 = ADVANCED_FACE('',(#17404),#3746,.F.);
#17404 = FACE_BOUND('',#17405,.T.);
#17405 = EDGE_LOOP('',(#17406,#17407,#17408,#17409,#17410,#17411));
#17406 = ORIENTED_EDGE('',*,*,#10588,.F.);
#17407 = ORIENTED_EDGE('',*,*,#15027,.T.);
#17408 = ORIENTED_EDGE('',*,*,#5747,.T.);
#17409 = ORIENTED_EDGE('',*,*,#3732,.F.);
#17410 = ORIENTED_EDGE('',*,*,#8580,.T.);
#17411 = ORIENTED_EDGE('',*,*,#8928,.T.);
#17412 = ADVANCED_FACE('',(#17413),#9578,.T.);
#17413 = FACE_BOUND('',#17414,.T.);
#17414 = EDGE_LOOP('',(#17415,#17438,#17466,#17487,#17488,#17509,#17510,
    #17511));
#17415 = ORIENTED_EDGE('',*,*,#17416,.T.);
#17416 = EDGE_CURVE('',#14882,#17417,#17419,.T.);
#17417 = VERTEX_POINT('',#17418);
#17418 = CARTESIAN_POINT('',(0.175,1.,8.E-02));
#17419 = SURFACE_CURVE('',#17420,(#17424,#17431),.PCURVE_S1.);
#17420 = LINE('',#17421,#17422);
#17421 = CARTESIAN_POINT('',(0.175,1.,0.841614));
#17422 = VECTOR('',#17423,1.);
#17423 = DIRECTION('',(-2.289834988289E-16,-1.065228634467E-16,-1.));
#17424 = PCURVE('',#9578,#17425);
#17425 = DEFINITIONAL_REPRESENTATION('',(#17426),#17430);
#17426 = LINE('',#17427,#17428);
#17427 = CARTESIAN_POINT('',(-0.531614,3.65));
#17428 = VECTOR('',#17429,1.);
#17429 = DIRECTION('',(1.,0.));
#17430 = ( GEOMETRIC_REPRESENTATION_CONTEXT(2) 
PARAMETRIC_REPRESENTATION_CONTEXT() REPRESENTATION_CONTEXT('2D SPACE',''
  ) );
#17431 = PCURVE('',#14897,#17432);
#17432 = DEFINITIONAL_REPRESENTATION('',(#17433),#17437);
#17433 = LINE('',#17434,#17435);
#17434 = CARTESIAN_POINT('',(-0.245779075398,0.671113768985));
#17435 = VECTOR('',#17436,1.);
#17436 = DIRECTION('',(-1.065228634467E-16,-1.));
#17437 = ( GEOMETRIC_REPRESENTATION_CONTEXT(2) 
PARAMETRIC_REPRESENTATION_CONTEXT() REPRESENTATION_CONTEXT('2D SPACE',''
  ) );
#17438 = ORIENTED_EDGE('',*,*,#17439,.T.);
#17439 = EDGE_CURVE('',#17417,#17440,#17442,.T.);
#17440 = VERTEX_POINT('',#17441);
#17441 = CARTESIAN_POINT('',(1.E-01,1.,8.E-02));
#17442 = SURFACE_CURVE('',#17443,(#17447,#17454),.PCURVE_S1.);
#17443 = LINE('',#17444,#17445);
#17444 = CARTESIAN_POINT('',(-15.5,1.,8.E-02));
#17445 = VECTOR('',#17446,1.);
#17446 = DIRECTION('',(-1.,5.243344273594E-32,2.289834988289E-16));
#17447 = PCURVE('',#9578,#17448);
#17448 = DEFINITIONAL_REPRESENTATION('',(#17449),#17453);
#17449 = LINE('',#17450,#17451);
#17450 = CARTESIAN_POINT('',(0.23,19.325));
#17451 = VECTOR('',#17452,1.);
#17452 = DIRECTION('',(0.,1.));
#17453 = ( GEOMETRIC_REPRESENTATION_CONTEXT(2) 
PARAMETRIC_REPRESENTATION_CONTEXT() REPRESENTATION_CONTEXT('2D SPACE',''
  ) );
#17454 = PCURVE('',#17455,#17460);
#17455 = PLANE('',#17456);
#17456 = AXIS2_PLACEMENT_3D('',#17457,#17458,#17459);
#17457 = CARTESIAN_POINT('',(0.1625,1.,8.E-02));
#17458 = DIRECTION('',(-2.289834988289E-16,-2.289834988289E-16,-1.));
#17459 = DIRECTION('',(0.,-1.,2.289834988289E-16));
#17460 = DEFINITIONAL_REPRESENTATION('',(#17461),#17465);
#17461 = LINE('',#17462,#17463);
#17462 = CARTESIAN_POINT('',(8.198683773256E-31,15.6625));
#17463 = VECTOR('',#17464,1.);
#17464 = DIRECTION('',(2.080052407982E-46,1.));
#17465 = ( GEOMETRIC_REPRESENTATION_CONTEXT(2) 
PARAMETRIC_REPRESENTATION_CONTEXT() REPRESENTATION_CONTEXT('2D SPACE',''
  ) );
#17466 = ORIENTED_EDGE('',*,*,#17467,.T.);
#17467 = EDGE_CURVE('',#17440,#9563,#17468,.T.);
#17468 = SURFACE_CURVE('',#17469,(#17473,#17480),.PCURVE_S1.);
#17469 = LINE('',#17470,#17471);
#17470 = CARTESIAN_POINT('',(-15.5,1.,-15.52));
#17471 = VECTOR('',#17472,1.);
#17472 = DIRECTION('',(-0.707106781187,-1.064046335705E-16,
    -0.707106781187));
#17473 = PCURVE('',#9578,#17474);
#17474 = DEFINITIONAL_REPRESENTATION('',(#17475),#17479);
#17475 = LINE('',#17476,#17477);
#17476 = CARTESIAN_POINT('',(15.83,19.325));
#17477 = VECTOR('',#17478,1.);
#17478 = DIRECTION('',(0.707106781187,0.707106781187));
#17479 = ( GEOMETRIC_REPRESENTATION_CONTEXT(2) 
PARAMETRIC_REPRESENTATION_CONTEXT() REPRESENTATION_CONTEXT('2D SPACE',''
  ) );
#17480 = PCURVE('',#9606,#17481);
#17481 = DEFINITIONAL_REPRESENTATION('',(#17482),#17486);
#17482 = LINE('',#17483,#17484);
#17483 = CARTESIAN_POINT('',(22.026376233961,0.15));
#17484 = VECTOR('',#17485,1.);
#17485 = DIRECTION('',(1.,-7.295350781106E-16));
#17486 = ( GEOMETRIC_REPRESENTATION_CONTEXT(2) 
PARAMETRIC_REPRESENTATION_CONTEXT() REPRESENTATION_CONTEXT('2D SPACE',''
  ) );
#17487 = ORIENTED_EDGE('',*,*,#9562,.F.);
#17488 = ORIENTED_EDGE('',*,*,#17489,.T.);
#17489 = EDGE_CURVE('',#9535,#11498,#17490,.T.);
#17490 = SURFACE_CURVE('',#17491,(#17495,#17502),.PCURVE_S1.);
#17491 = LINE('',#17492,#17493);
#17492 = CARTESIAN_POINT('',(-15.5,1.,15.48));
#17493 = VECTOR('',#17494,1.);
#17494 = DIRECTION('',(-0.707106781187,1.064046335705E-16,0.707106781187
    ));
#17495 = PCURVE('',#9578,#17496);
#17496 = DEFINITIONAL_REPRESENTATION('',(#17497),#17501);
#17497 = LINE('',#17498,#17499);
#17498 = CARTESIAN_POINT('',(-15.17,19.325));
#17499 = VECTOR('',#17500,1.);
#17500 = DIRECTION('',(-0.707106781187,0.707106781187));
#17501 = ( GEOMETRIC_REPRESENTATION_CONTEXT(2) 
PARAMETRIC_REPRESENTATION_CONTEXT() REPRESENTATION_CONTEXT('2D SPACE',''
  ) );
#17502 = PCURVE('',#9550,#17503);
#17503 = DEFINITIONAL_REPRESENTATION('',(#17504),#17508);
#17504 = LINE('',#17505,#17506);
#17505 = CARTESIAN_POINT('',(-21.8142441996,-0.15));
#17506 = VECTOR('',#17507,1.);
#17507 = DIRECTION('',(-1.,-7.295350781106E-16));
#17508 = ( GEOMETRIC_REPRESENTATION_CONTEXT(2) 
PARAMETRIC_REPRESENTATION_CONTEXT() REPRESENTATION_CONTEXT('2D SPACE',''
  ) );
#17509 = ORIENTED_EDGE('',*,*,#11497,.T.);
#17510 = ORIENTED_EDGE('',*,*,#11823,.T.);
#17511 = ORIENTED_EDGE('',*,*,#14909,.T.);
#17512 = ADVANCED_FACE('',(#17513),#14897,.F.);
#17513 = FACE_BOUND('',#17514,.T.);
#17514 = EDGE_LOOP('',(#17515,#17516,#17517,#17540,#17569,#17597,#17625,
    #17653,#17681,#17710,#17738));
#17515 = ORIENTED_EDGE('',*,*,#17416,.F.);
#17516 = ORIENTED_EDGE('',*,*,#14881,.F.);
#17517 = ORIENTED_EDGE('',*,*,#17518,.F.);
#17518 = EDGE_CURVE('',#17519,#14854,#17521,.T.);
#17519 = VERTEX_POINT('',#17520);
#17520 = CARTESIAN_POINT('',(0.175,1.35,0.16));
#17521 = SURFACE_CURVE('',#17522,(#17526,#17533),.PCURVE_S1.);
#17522 = LINE('',#17523,#17524);
#17523 = CARTESIAN_POINT('',(0.175,1.35,0.31));
#17524 = VECTOR('',#17525,1.);
#17525 = DIRECTION('',(2.289834988289E-16,2.289834988289E-16,1.));
#17526 = PCURVE('',#14897,#17527);
#17527 = DEFINITIONAL_REPRESENTATION('',(#17528),#17532);
#17528 = LINE('',#17529,#17530);
#17529 = CARTESIAN_POINT('',(0.104220924602,0.139499768985));
#17530 = VECTOR('',#17531,1.);
#17531 = DIRECTION('',(2.289834988289E-16,1.));
#17532 = ( GEOMETRIC_REPRESENTATION_CONTEXT(2) 
PARAMETRIC_REPRESENTATION_CONTEXT() REPRESENTATION_CONTEXT('2D SPACE',''
  ) );
#17533 = PCURVE('',#14869,#17534);
#17534 = DEFINITIONAL_REPRESENTATION('',(#17535),#17539);
#17535 = LINE('',#17536,#17537);
#17536 = CARTESIAN_POINT('',(-0.,0.));
#17537 = VECTOR('',#17538,1.);
#17538 = DIRECTION('',(-1.,0.));
#17539 = ( GEOMETRIC_REPRESENTATION_CONTEXT(2) 
PARAMETRIC_REPRESENTATION_CONTEXT() REPRESENTATION_CONTEXT('2D SPACE',''
  ) );
#17540 = ORIENTED_EDGE('',*,*,#17541,.T.);
#17541 = EDGE_CURVE('',#17519,#17542,#17544,.T.);
#17542 = VERTEX_POINT('',#17543);
#17543 = CARTESIAN_POINT('',(0.175,1.3,0.11));
#17544 = SURFACE_CURVE('',#17545,(#17550,#17557),.PCURVE_S1.);
#17545 = CIRCLE('',#17546,5.E-02);
#17546 = AXIS2_PLACEMENT_3D('',#17547,#17548,#17549);
#17547 = CARTESIAN_POINT('',(0.175,1.35,0.11));
#17548 = DIRECTION('',(1.,-5.243344273594E-32,-2.289834988289E-16));
#17549 = DIRECTION('',(-2.080052407982E-46,1.,-2.289834988289E-16));
#17550 = PCURVE('',#14897,#17551);
#17551 = DEFINITIONAL_REPRESENTATION('',(#17552),#17556);
#17552 = CIRCLE('',#17553,5.E-02);
#17553 = AXIS2_PLACEMENT_2D('',#17554,#17555);
#17554 = CARTESIAN_POINT('',(0.104220924602,-6.050023101547E-02));
#17555 = DIRECTION('',(1.,-2.289834988289E-16));
#17556 = ( GEOMETRIC_REPRESENTATION_CONTEXT(2) 
PARAMETRIC_REPRESENTATION_CONTEXT() REPRESENTATION_CONTEXT('2D SPACE',''
  ) );
#17557 = PCURVE('',#17558,#17563);
#17558 = CYLINDRICAL_SURFACE('',#17559,5.E-02);
#17559 = AXIS2_PLACEMENT_3D('',#17560,#17561,#17562);
#17560 = CARTESIAN_POINT('',(0.175,1.35,0.11));
#17561 = DIRECTION('',(1.,-5.243344273594E-32,-2.289834988289E-16));
#17562 = DIRECTION('',(-2.080052407982E-46,1.,-2.289834988289E-16));
#17563 = DEFINITIONAL_REPRESENTATION('',(#17564),#17568);
#17564 = LINE('',#17565,#17566);
#17565 = CARTESIAN_POINT('',(-2.22044604925E-16,0.));
#17566 = VECTOR('',#17567,1.);
#17567 = DIRECTION('',(1.,0.));
#17568 = ( GEOMETRIC_REPRESENTATION_CONTEXT(2) 
PARAMETRIC_REPRESENTATION_CONTEXT() REPRESENTATION_CONTEXT('2D SPACE',''
  ) );
#17569 = ORIENTED_EDGE('',*,*,#17570,.T.);
#17570 = EDGE_CURVE('',#17542,#17571,#17573,.T.);
#17571 = VERTEX_POINT('',#17572);
#17572 = CARTESIAN_POINT('',(0.175,1.3,5.E-02));
#17573 = SURFACE_CURVE('',#17574,(#17578,#17585),.PCURVE_S1.);
#17574 = LINE('',#17575,#17576);
#17575 = CARTESIAN_POINT('',(0.175,1.3,0.11));
#17576 = VECTOR('',#17577,1.);
#17577 = DIRECTION('',(-2.289834988289E-16,-2.289834988289E-16,-1.));
#17578 = PCURVE('',#14897,#17579);
#17579 = DEFINITIONAL_REPRESENTATION('',(#17580),#17584);
#17580 = LINE('',#17581,#17582);
#17581 = CARTESIAN_POINT('',(5.422092460224E-02,-6.050023101547E-02));
#17582 = VECTOR('',#17583,1.);
#17583 = DIRECTION('',(-2.289834988289E-16,-1.));
#17584 = ( GEOMETRIC_REPRESENTATION_CONTEXT(2) 
PARAMETRIC_REPRESENTATION_CONTEXT() REPRESENTATION_CONTEXT('2D SPACE',''
  ) );
#17585 = PCURVE('',#17586,#17591);
#17586 = PLANE('',#17587);
#17587 = AXIS2_PLACEMENT_3D('',#17588,#17589,#17590);
#17588 = CARTESIAN_POINT('',(0.175,1.3,0.11));
#17589 = DIRECTION('',(0.,1.,-2.289834988289E-16));
#17590 = DIRECTION('',(-2.289834988289E-16,-2.289834988289E-16,-1.));
#17591 = DEFINITIONAL_REPRESENTATION('',(#17592),#17596);
#17592 = LINE('',#17593,#17594);
#17593 = CARTESIAN_POINT('',(-0.,0.));
#17594 = VECTOR('',#17595,1.);
#17595 = DIRECTION('',(1.,0.));
#17596 = ( GEOMETRIC_REPRESENTATION_CONTEXT(2) 
PARAMETRIC_REPRESENTATION_CONTEXT() REPRESENTATION_CONTEXT('2D SPACE',''
  ) );
#17597 = ORIENTED_EDGE('',*,*,#17598,.T.);
#17598 = EDGE_CURVE('',#17571,#17599,#17601,.T.);
#17599 = VERTEX_POINT('',#17600);
#17600 = CARTESIAN_POINT('',(0.175,1.25,-9.992007221626E-16));
#17601 = SURFACE_CURVE('',#17602,(#17606,#17613),.PCURVE_S1.);
#17602 = LINE('',#17603,#17604);
#17603 = CARTESIAN_POINT('',(0.175,1.3,5.E-02));
#17604 = VECTOR('',#17605,1.);
#17605 = DIRECTION('',(-1.619157848018E-16,-0.707106781187,
    -0.707106781186));
#17606 = PCURVE('',#14897,#17607);
#17607 = DEFINITIONAL_REPRESENTATION('',(#17608),#17612);
#17608 = LINE('',#17609,#17610);
#17609 = CARTESIAN_POINT('',(5.422092460224E-02,-0.120500231015));
#17610 = VECTOR('',#17611,1.);
#17611 = DIRECTION('',(-0.707106781187,-0.707106781186));
#17612 = ( GEOMETRIC_REPRESENTATION_CONTEXT(2) 
PARAMETRIC_REPRESENTATION_CONTEXT() REPRESENTATION_CONTEXT('2D SPACE',''
  ) );
#17613 = PCURVE('',#17614,#17619);
#17614 = PLANE('',#17615);
#17615 = AXIS2_PLACEMENT_3D('',#17616,#17617,#17618);
#17616 = CARTESIAN_POINT('',(0.175,1.3,5.E-02));
#17617 = DIRECTION('',(-1.619157848018E-16,0.707106781186,
    -0.707106781187));
#17618 = DIRECTION('',(-1.619157848018E-16,-0.707106781187,
    -0.707106781186));
#17619 = DEFINITIONAL_REPRESENTATION('',(#17620),#17624);
#17620 = LINE('',#17621,#17622);
#17621 = CARTESIAN_POINT('',(-0.,0.));
#17622 = VECTOR('',#17623,1.);
#17623 = DIRECTION('',(1.,-7.395570986447E-32));
#17624 = ( GEOMETRIC_REPRESENTATION_CONTEXT(2) 
PARAMETRIC_REPRESENTATION_CONTEXT() REPRESENTATION_CONTEXT('2D SPACE',''
  ) );
#17625 = ORIENTED_EDGE('',*,*,#17626,.F.);
#17626 = EDGE_CURVE('',#17627,#17599,#17629,.T.);
#17627 = VERTEX_POINT('',#17628);
#17628 = CARTESIAN_POINT('',(0.175,0.92,-8.881784197001E-16));
#17629 = SURFACE_CURVE('',#17630,(#17634,#17641),.PCURVE_S1.);
#17630 = LINE('',#17631,#17632);
#17631 = CARTESIAN_POINT('',(0.175,0.92,-8.881784197001E-16));
#17632 = VECTOR('',#17633,1.);
#17633 = DIRECTION('',(0.,1.,-2.289834988289E-16));
#17634 = PCURVE('',#14897,#17635);
#17635 = DEFINITIONAL_REPRESENTATION('',(#17636),#17640);
#17636 = LINE('',#17637,#17638);
#17637 = CARTESIAN_POINT('',(-0.325779075398,-0.170500231015));
#17638 = VECTOR('',#17639,1.);
#17639 = DIRECTION('',(1.,-2.289834988289E-16));
#17640 = ( GEOMETRIC_REPRESENTATION_CONTEXT(2) 
PARAMETRIC_REPRESENTATION_CONTEXT() REPRESENTATION_CONTEXT('2D SPACE',''
  ) );
#17641 = PCURVE('',#17642,#17647);
#17642 = PLANE('',#17643);
#17643 = AXIS2_PLACEMENT_3D('',#17644,#17645,#17646);
#17644 = CARTESIAN_POINT('',(0.175,1.25,-9.992007221626E-16));
#17645 = DIRECTION('',(-2.289834988289E-16,-2.289834988289E-16,-1.));
#17646 = DIRECTION('',(0.,-1.,2.289834988289E-16));
#17647 = DEFINITIONAL_REPRESENTATION('',(#17648),#17652);
#17648 = LINE('',#17649,#17650);
#17649 = CARTESIAN_POINT('',(0.33,5.473822126269E-48));
#17650 = VECTOR('',#17651,1.);
#17651 = DIRECTION('',(-1.,0.));
#17652 = ( GEOMETRIC_REPRESENTATION_CONTEXT(2) 
PARAMETRIC_REPRESENTATION_CONTEXT() REPRESENTATION_CONTEXT('2D SPACE',''
  ) );
#17653 = ORIENTED_EDGE('',*,*,#17654,.T.);
#17654 = EDGE_CURVE('',#17627,#17655,#17657,.T.);
#17655 = VERTEX_POINT('',#17656);
#17656 = CARTESIAN_POINT('',(0.175,0.92,3.619548911246E-02));
#17657 = SURFACE_CURVE('',#17658,(#17662,#17669),.PCURVE_S1.);
#17658 = LINE('',#17659,#17660);
#17659 = CARTESIAN_POINT('',(0.175,0.92,-8.881784197001E-16));
#17660 = VECTOR('',#17661,1.);
#17661 = DIRECTION('',(2.289834988289E-16,2.289834988289E-16,1.));
#17662 = PCURVE('',#14897,#17663);
#17663 = DEFINITIONAL_REPRESENTATION('',(#17664),#17668);
#17664 = LINE('',#17665,#17666);
#17665 = CARTESIAN_POINT('',(-0.325779075398,-0.170500231015));
#17666 = VECTOR('',#17667,1.);
#17667 = DIRECTION('',(2.289834988289E-16,1.));
#17668 = ( GEOMETRIC_REPRESENTATION_CONTEXT(2) 
PARAMETRIC_REPRESENTATION_CONTEXT() REPRESENTATION_CONTEXT('2D SPACE',''
  ) );
#17669 = PCURVE('',#17670,#17675);
#17670 = PLANE('',#17671);
#17671 = AXIS2_PLACEMENT_3D('',#17672,#17673,#17674);
#17672 = CARTESIAN_POINT('',(0.175,0.92,-8.881784197001E-16));
#17673 = DIRECTION('',(0.,-1.,2.289834988289E-16));
#17674 = DIRECTION('',(2.289834988289E-16,2.289834988289E-16,1.));
#17675 = DEFINITIONAL_REPRESENTATION('',(#17676),#17680);
#17676 = LINE('',#17677,#17678);
#17677 = CARTESIAN_POINT('',(0.,0.));
#17678 = VECTOR('',#17679,1.);
#17679 = DIRECTION('',(1.,0.));
#17680 = ( GEOMETRIC_REPRESENTATION_CONTEXT(2) 
PARAMETRIC_REPRESENTATION_CONTEXT() REPRESENTATION_CONTEXT('2D SPACE',''
  ) );
#17681 = ORIENTED_EDGE('',*,*,#17682,.F.);
#17682 = EDGE_CURVE('',#17683,#17655,#17685,.T.);
#17683 = VERTEX_POINT('',#17684);
#17684 = CARTESIAN_POINT('',(0.175,0.943186633611,6.541154699934E-02));
#17685 = SURFACE_CURVE('',#17686,(#17691,#17698),.PCURVE_S1.);
#17686 = CIRCLE('',#17687,3.E-02);
#17687 = AXIS2_PLACEMENT_3D('',#17688,#17689,#17690);
#17688 = CARTESIAN_POINT('',(0.175,0.95,3.619548911246E-02));
#17689 = DIRECTION('',(1.,-5.243344273594E-32,-2.289834988289E-16));
#17690 = DIRECTION('',(-2.080052407982E-46,1.,-2.289834988289E-16));
#17691 = PCURVE('',#14897,#17692);
#17692 = DEFINITIONAL_REPRESENTATION('',(#17693),#17697);
#17693 = CIRCLE('',#17694,3.E-02);
#17694 = AXIS2_PLACEMENT_2D('',#17695,#17696);
#17695 = CARTESIAN_POINT('',(-0.295779075398,-0.134304741903));
#17696 = DIRECTION('',(1.,-2.289834988289E-16));
#17697 = ( GEOMETRIC_REPRESENTATION_CONTEXT(2) 
PARAMETRIC_REPRESENTATION_CONTEXT() REPRESENTATION_CONTEXT('2D SPACE',''
  ) );
#17698 = PCURVE('',#17699,#17704);
#17699 = CYLINDRICAL_SURFACE('',#17700,3.E-02);
#17700 = AXIS2_PLACEMENT_3D('',#17701,#17702,#17703);
#17701 = CARTESIAN_POINT('',(0.175,0.95,3.619548911246E-02));
#17702 = DIRECTION('',(1.,-5.243344273594E-32,-2.289834988289E-16));
#17703 = DIRECTION('',(-2.080052407982E-46,1.,-2.289834988289E-16));
#17704 = DEFINITIONAL_REPRESENTATION('',(#17705),#17709);
#17705 = LINE('',#17706,#17707);
#17706 = CARTESIAN_POINT('',(0.,-6.499045291949E-17));
#17707 = VECTOR('',#17708,1.);
#17708 = DIRECTION('',(1.,2.068710367184E-17));
#17709 = ( GEOMETRIC_REPRESENTATION_CONTEXT(2) 
PARAMETRIC_REPRESENTATION_CONTEXT() REPRESENTATION_CONTEXT('2D SPACE',''
  ) );
#17710 = ORIENTED_EDGE('',*,*,#17711,.T.);
#17711 = EDGE_CURVE('',#17683,#17712,#17714,.T.);
#17712 = VERTEX_POINT('',#17713);
#17713 = CARTESIAN_POINT('',(0.175,1.,7.866077735406E-02));
#17714 = SURFACE_CURVE('',#17715,(#17719,#17726),.PCURVE_S1.);
#17715 = LINE('',#17716,#17717);
#17716 = CARTESIAN_POINT('',(0.175,0.943186633611,6.541154699934E-02));
#17717 = VECTOR('',#17718,1.);
#17718 = DIRECTION('',(5.200494915182E-17,0.973868596229,0.227112212966)
  );
#17719 = PCURVE('',#14897,#17720);
#17720 = DEFINITIONAL_REPRESENTATION('',(#17721),#17725);
#17721 = LINE('',#17722,#17723);
#17722 = CARTESIAN_POINT('',(-0.302592441787,-0.105088684016));
#17723 = VECTOR('',#17724,1.);
#17724 = DIRECTION('',(0.973868596229,0.227112212966));
#17725 = ( GEOMETRIC_REPRESENTATION_CONTEXT(2) 
PARAMETRIC_REPRESENTATION_CONTEXT() REPRESENTATION_CONTEXT('2D SPACE',''
  ) );
#17726 = PCURVE('',#17727,#17732);
#17727 = PLANE('',#17728);
#17728 = AXIS2_PLACEMENT_3D('',#17729,#17730,#17731);
#17729 = CARTESIAN_POINT('',(0.175,0.943186633611,6.541154699934E-02));
#17730 = DIRECTION('',(2.229998385642E-16,-0.227112212966,0.973868596229
    ));
#17731 = DIRECTION('',(5.200494915182E-17,0.973868596229,0.227112212966)
  );
#17732 = DEFINITIONAL_REPRESENTATION('',(#17733),#17737);
#17733 = LINE('',#17734,#17735);
#17734 = CARTESIAN_POINT('',(0.,0.));
#17735 = VECTOR('',#17736,1.);
#17736 = DIRECTION('',(1.,-3.697785493223E-32));
#17737 = ( GEOMETRIC_REPRESENTATION_CONTEXT(2) 
PARAMETRIC_REPRESENTATION_CONTEXT() REPRESENTATION_CONTEXT('2D SPACE',''
  ) );
#17738 = ORIENTED_EDGE('',*,*,#17739,.F.);
#17739 = EDGE_CURVE('',#17417,#17712,#17740,.T.);
#17740 = SURFACE_CURVE('',#17741,(#17745,#17752),.PCURVE_S1.);
#17741 = LINE('',#17742,#17743);
#17742 = CARTESIAN_POINT('',(0.175,1.,0.841614));
#17743 = VECTOR('',#17744,1.);
#17744 = DIRECTION('',(-2.289834988289E-16,-1.065228634467E-16,-1.));
#17745 = PCURVE('',#14897,#17746);
#17746 = DEFINITIONAL_REPRESENTATION('',(#17747),#17751);
#17747 = LINE('',#17748,#17749);
#17748 = CARTESIAN_POINT('',(-0.245779075398,0.671113768985));
#17749 = VECTOR('',#17750,1.);
#17750 = DIRECTION('',(-1.065228634467E-16,-1.));
#17751 = ( GEOMETRIC_REPRESENTATION_CONTEXT(2) 
PARAMETRIC_REPRESENTATION_CONTEXT() REPRESENTATION_CONTEXT('2D SPACE',''
  ) );
#17752 = PCURVE('',#17753,#17758);
#17753 = PLANE('',#17754);
#17754 = AXIS2_PLACEMENT_3D('',#17755,#17756,#17757);
#17755 = CARTESIAN_POINT('',(0.325,1.,7.866077735406E-02));
#17756 = DIRECTION('',(2.804146475864E-32,1.,-1.065228634467E-16));
#17757 = DIRECTION('',(-2.289834988289E-16,-1.065228634467E-16,-1.));
#17758 = DEFINITIONAL_REPRESENTATION('',(#17759),#17763);
#17759 = LINE('',#17760,#17761);
#17760 = CARTESIAN_POINT('',(-0.762953222646,0.15));
#17761 = VECTOR('',#17762,1.);
#17762 = DIRECTION('',(1.,0.));
#17763 = ( GEOMETRIC_REPRESENTATION_CONTEXT(2) 
PARAMETRIC_REPRESENTATION_CONTEXT() REPRESENTATION_CONTEXT('2D SPACE',''
  ) );
#17764 = ADVANCED_FACE('',(#17765),#17753,.F.);
#17765 = FACE_BOUND('',#17766,.T.);
#17766 = EDGE_LOOP('',(#17767,#17790,#17791,#17814));
#17767 = ORIENTED_EDGE('',*,*,#17768,.F.);
#17768 = EDGE_CURVE('',#17417,#17769,#17771,.T.);
#17769 = VERTEX_POINT('',#17770);
#17770 = CARTESIAN_POINT('',(0.325,1.,8.E-02));
#17771 = SURFACE_CURVE('',#17772,(#17776,#17783),.PCURVE_S1.);
#17772 = LINE('',#17773,#17774);
#17773 = CARTESIAN_POINT('',(5.5,1.,8.E-02));
#17774 = VECTOR('',#17775,1.);
#17775 = DIRECTION('',(1.,-5.243344273594E-32,-2.289834988289E-16));
#17776 = PCURVE('',#17753,#17777);
#17777 = DEFINITIONAL_REPRESENTATION('',(#17778),#17782);
#17778 = LINE('',#17779,#17780);
#17779 = CARTESIAN_POINT('',(-1.339222645935E-03,-5.175));
#17780 = VECTOR('',#17781,1.);
#17781 = DIRECTION('',(0.,-1.));
#17782 = ( GEOMETRIC_REPRESENTATION_CONTEXT(2) 
PARAMETRIC_REPRESENTATION_CONTEXT() REPRESENTATION_CONTEXT('2D SPACE',''
  ) );
#17783 = PCURVE('',#17455,#17784);
#17784 = DEFINITIONAL_REPRESENTATION('',(#17785),#17789);
#17785 = LINE('',#17786,#17787);
#17786 = CARTESIAN_POINT('',(-2.79645027925E-31,-5.3375));
#17787 = VECTOR('',#17788,1.);
#17788 = DIRECTION('',(-2.080052407982E-46,-1.));
#17789 = ( GEOMETRIC_REPRESENTATION_CONTEXT(2) 
PARAMETRIC_REPRESENTATION_CONTEXT() REPRESENTATION_CONTEXT('2D SPACE',''
  ) );
#17790 = ORIENTED_EDGE('',*,*,#17739,.T.);
#17791 = ORIENTED_EDGE('',*,*,#17792,.F.);
#17792 = EDGE_CURVE('',#17793,#17712,#17795,.T.);
#17793 = VERTEX_POINT('',#17794);
#17794 = CARTESIAN_POINT('',(0.325,1.,7.866077735406E-02));
#17795 = SURFACE_CURVE('',#17796,(#17800,#17807),.PCURVE_S1.);
#17796 = LINE('',#17797,#17798);
#17797 = CARTESIAN_POINT('',(5.5,1.,7.866077735406E-02));
#17798 = VECTOR('',#17799,1.);
#17799 = DIRECTION('',(-1.,5.243344273594E-32,2.289834988289E-16));
#17800 = PCURVE('',#17753,#17801);
#17801 = DEFINITIONAL_REPRESENTATION('',(#17802),#17806);
#17802 = LINE('',#17803,#17804);
#17803 = CARTESIAN_POINT('',(-2.968111867396E-16,-5.175));
#17804 = VECTOR('',#17805,1.);
#17805 = DIRECTION('',(0.,1.));
#17806 = ( GEOMETRIC_REPRESENTATION_CONTEXT(2) 
PARAMETRIC_REPRESENTATION_CONTEXT() REPRESENTATION_CONTEXT('2D SPACE',''
  ) );
#17807 = PCURVE('',#17727,#17808);
#17808 = DEFINITIONAL_REPRESENTATION('',(#17809),#17813);
#17809 = LINE('',#17810,#17811);
#17810 = CARTESIAN_POINT('',(5.833781539828E-02,-5.325));
#17811 = VECTOR('',#17812,1.);
#17812 = DIRECTION('',(9.244463733059E-32,1.));
#17813 = ( GEOMETRIC_REPRESENTATION_CONTEXT(2) 
PARAMETRIC_REPRESENTATION_CONTEXT() REPRESENTATION_CONTEXT('2D SPACE',''
  ) );
#17814 = ORIENTED_EDGE('',*,*,#17815,.F.);
#17815 = EDGE_CURVE('',#17769,#17793,#17816,.T.);
#17816 = SURFACE_CURVE('',#17817,(#17821,#17828),.PCURVE_S1.);
#17817 = LINE('',#17818,#17819);
#17818 = CARTESIAN_POINT('',(0.325,1.,0.841614));
#17819 = VECTOR('',#17820,1.);
#17820 = DIRECTION('',(-2.289834988289E-16,-1.065228634467E-16,-1.));
#17821 = PCURVE('',#17753,#17822);
#17822 = DEFINITIONAL_REPRESENTATION('',(#17823),#17827);
#17823 = LINE('',#17824,#17825);
#17824 = CARTESIAN_POINT('',(-0.762953222646,1.747036983643E-16));
#17825 = VECTOR('',#17826,1.);
#17826 = DIRECTION('',(1.,0.));
#17827 = ( GEOMETRIC_REPRESENTATION_CONTEXT(2) 
PARAMETRIC_REPRESENTATION_CONTEXT() REPRESENTATION_CONTEXT('2D SPACE',''
  ) );
#17828 = PCURVE('',#14841,#17829);
#17829 = DEFINITIONAL_REPRESENTATION('',(#17830),#17834);
#17830 = LINE('',#17831,#17832);
#17831 = CARTESIAN_POINT('',(-0.245779075398,0.671113768985));
#17832 = VECTOR('',#17833,1.);
#17833 = DIRECTION('',(-1.065228634467E-16,-1.));
#17834 = ( GEOMETRIC_REPRESENTATION_CONTEXT(2) 
PARAMETRIC_REPRESENTATION_CONTEXT() REPRESENTATION_CONTEXT('2D SPACE',''
  ) );
#17835 = ADVANCED_FACE('',(#17836),#14841,.T.);
#17836 = FACE_BOUND('',#17837,.T.);
#17837 = EDGE_LOOP('',(#17838,#17839,#17862,#17886,#17909,#17932,#17955,
    #17978,#18002,#18023,#18024));
#17838 = ORIENTED_EDGE('',*,*,#17815,.T.);
#17839 = ORIENTED_EDGE('',*,*,#17840,.F.);
#17840 = EDGE_CURVE('',#17841,#17793,#17843,.T.);
#17841 = VERTEX_POINT('',#17842);
#17842 = CARTESIAN_POINT('',(0.325,0.943186633611,6.541154699934E-02));
#17843 = SURFACE_CURVE('',#17844,(#17848,#17855),.PCURVE_S1.);
#17844 = LINE('',#17845,#17846);
#17845 = CARTESIAN_POINT('',(0.325,0.694863,7.500931358165E-03));
#17846 = VECTOR('',#17847,1.);
#17847 = DIRECTION('',(5.200494915182E-17,0.973868596229,0.227112212966)
  );
#17848 = PCURVE('',#14841,#17849);
#17849 = DEFINITIONAL_REPRESENTATION('',(#17850),#17854);
#17850 = LINE('',#17851,#17852);
#17851 = CARTESIAN_POINT('',(-0.550916075398,-0.162999299657));
#17852 = VECTOR('',#17853,1.);
#17853 = DIRECTION('',(0.973868596229,0.227112212966));
#17854 = ( GEOMETRIC_REPRESENTATION_CONTEXT(2) 
PARAMETRIC_REPRESENTATION_CONTEXT() REPRESENTATION_CONTEXT('2D SPACE',''
  ) );
#17855 = PCURVE('',#17727,#17856);
#17856 = DEFINITIONAL_REPRESENTATION('',(#17857),#17861);
#17857 = LINE('',#17858,#17859);
#17858 = CARTESIAN_POINT('',(-0.254986796548,-0.15));
#17859 = VECTOR('',#17860,1.);
#17860 = DIRECTION('',(1.,-3.697785493223E-32));
#17861 = ( GEOMETRIC_REPRESENTATION_CONTEXT(2) 
PARAMETRIC_REPRESENTATION_CONTEXT() REPRESENTATION_CONTEXT('2D SPACE',''
  ) );
#17862 = ORIENTED_EDGE('',*,*,#17863,.T.);
#17863 = EDGE_CURVE('',#17841,#17864,#17866,.T.);
#17864 = VERTEX_POINT('',#17865);
#17865 = CARTESIAN_POINT('',(0.325,0.92,3.619548911246E-02));
#17866 = SURFACE_CURVE('',#17867,(#17872,#17879),.PCURVE_S1.);
#17867 = CIRCLE('',#17868,3.E-02);
#17868 = AXIS2_PLACEMENT_3D('',#17869,#17870,#17871);
#17869 = CARTESIAN_POINT('',(0.325,0.95,3.619548911246E-02));
#17870 = DIRECTION('',(1.,-5.243344273594E-32,-2.289834988289E-16));
#17871 = DIRECTION('',(-2.080052407982E-46,1.,-2.289834988289E-16));
#17872 = PCURVE('',#14841,#17873);
#17873 = DEFINITIONAL_REPRESENTATION('',(#17874),#17878);
#17874 = CIRCLE('',#17875,3.E-02);
#17875 = AXIS2_PLACEMENT_2D('',#17876,#17877);
#17876 = CARTESIAN_POINT('',(-0.295779075398,-0.134304741903));
#17877 = DIRECTION('',(1.,-2.289834988289E-16));
#17878 = ( GEOMETRIC_REPRESENTATION_CONTEXT(2) 
PARAMETRIC_REPRESENTATION_CONTEXT() REPRESENTATION_CONTEXT('2D SPACE',''
  ) );
#17879 = PCURVE('',#17699,#17880);
#17880 = DEFINITIONAL_REPRESENTATION('',(#17881),#17885);
#17881 = LINE('',#17882,#17883);
#17882 = CARTESIAN_POINT('',(4.440892098501E-16,0.15));
#17883 = VECTOR('',#17884,1.);
#17884 = DIRECTION('',(1.,0.));
#17885 = ( GEOMETRIC_REPRESENTATION_CONTEXT(2) 
PARAMETRIC_REPRESENTATION_CONTEXT() REPRESENTATION_CONTEXT('2D SPACE',''
  ) );
#17886 = ORIENTED_EDGE('',*,*,#17887,.F.);
#17887 = EDGE_CURVE('',#17888,#17864,#17890,.T.);
#17888 = VERTEX_POINT('',#17889);
#17889 = CARTESIAN_POINT('',(0.325,0.92,-9.992007221626E-16));
#17890 = SURFACE_CURVE('',#17891,(#17895,#17902),.PCURVE_S1.);
#17891 = LINE('',#17892,#17893);
#17892 = CARTESIAN_POINT('',(0.325,0.92,0.841614));
#17893 = VECTOR('',#17894,1.);
#17894 = DIRECTION('',(2.289834988289E-16,2.289834988289E-16,1.));
#17895 = PCURVE('',#14841,#17896);
#17896 = DEFINITIONAL_REPRESENTATION('',(#17897),#17901);
#17897 = LINE('',#17898,#17899);
#17898 = CARTESIAN_POINT('',(-0.325779075398,0.671113768985));
#17899 = VECTOR('',#17900,1.);
#17900 = DIRECTION('',(2.289834988289E-16,1.));
#17901 = ( GEOMETRIC_REPRESENTATION_CONTEXT(2) 
PARAMETRIC_REPRESENTATION_CONTEXT() REPRESENTATION_CONTEXT('2D SPACE',''
  ) );
#17902 = PCURVE('',#17670,#17903);
#17903 = DEFINITIONAL_REPRESENTATION('',(#17904),#17908);
#17904 = LINE('',#17905,#17906);
#17905 = CARTESIAN_POINT('',(0.841614,-0.15));
#17906 = VECTOR('',#17907,1.);
#17907 = DIRECTION('',(1.,0.));
#17908 = ( GEOMETRIC_REPRESENTATION_CONTEXT(2) 
PARAMETRIC_REPRESENTATION_CONTEXT() REPRESENTATION_CONTEXT('2D SPACE',''
  ) );
#17909 = ORIENTED_EDGE('',*,*,#17910,.F.);
#17910 = EDGE_CURVE('',#17911,#17888,#17913,.T.);
#17911 = VERTEX_POINT('',#17912);
#17912 = CARTESIAN_POINT('',(0.325,1.25,-1.110223024625E-15));
#17913 = SURFACE_CURVE('',#17914,(#17918,#17925),.PCURVE_S1.);
#17914 = LINE('',#17915,#17916);
#17915 = CARTESIAN_POINT('',(0.325,0.694863,-9.992007221626E-16));
#17916 = VECTOR('',#17917,1.);
#17917 = DIRECTION('',(0.,-1.,2.289834988289E-16));
#17918 = PCURVE('',#14841,#17919);
#17919 = DEFINITIONAL_REPRESENTATION('',(#17920),#17924);
#17920 = LINE('',#17921,#17922);
#17921 = CARTESIAN_POINT('',(-0.550916075398,-0.170500231015));
#17922 = VECTOR('',#17923,1.);
#17923 = DIRECTION('',(-1.,2.289834988289E-16));
#17924 = ( GEOMETRIC_REPRESENTATION_CONTEXT(2) 
PARAMETRIC_REPRESENTATION_CONTEXT() REPRESENTATION_CONTEXT('2D SPACE',''
  ) );
#17925 = PCURVE('',#17642,#17926);
#17926 = DEFINITIONAL_REPRESENTATION('',(#17927),#17931);
#17927 = LINE('',#17928,#17929);
#17928 = CARTESIAN_POINT('',(0.555137,-0.15));
#17929 = VECTOR('',#17930,1.);
#17930 = DIRECTION('',(1.,0.));
#17931 = ( GEOMETRIC_REPRESENTATION_CONTEXT(2) 
PARAMETRIC_REPRESENTATION_CONTEXT() REPRESENTATION_CONTEXT('2D SPACE',''
  ) );
#17932 = ORIENTED_EDGE('',*,*,#17933,.F.);
#17933 = EDGE_CURVE('',#17934,#17911,#17936,.T.);
#17934 = VERTEX_POINT('',#17935);
#17935 = CARTESIAN_POINT('',(0.325,1.3,5.E-02));
#17936 = SURFACE_CURVE('',#17937,(#17941,#17948),.PCURVE_S1.);
#17937 = LINE('',#17938,#17939);
#17938 = CARTESIAN_POINT('',(0.325,0.694863,-0.555137));
#17939 = VECTOR('',#17940,1.);
#17940 = DIRECTION('',(-1.619157848018E-16,-0.707106781187,
    -0.707106781186));
#17941 = PCURVE('',#14841,#17942);
#17942 = DEFINITIONAL_REPRESENTATION('',(#17943),#17947);
#17943 = LINE('',#17944,#17945);
#17944 = CARTESIAN_POINT('',(-0.550916075398,-0.725637231015));
#17945 = VECTOR('',#17946,1.);
#17946 = DIRECTION('',(-0.707106781187,-0.707106781186));
#17947 = ( GEOMETRIC_REPRESENTATION_CONTEXT(2) 
PARAMETRIC_REPRESENTATION_CONTEXT() REPRESENTATION_CONTEXT('2D SPACE',''
  ) );
#17948 = PCURVE('',#17614,#17949);
#17949 = DEFINITIONAL_REPRESENTATION('',(#17950),#17954);
#17950 = LINE('',#17951,#17952);
#17951 = CARTESIAN_POINT('',(0.855792952494,-0.15));
#17952 = VECTOR('',#17953,1.);
#17953 = DIRECTION('',(1.,-7.395570986447E-32));
#17954 = ( GEOMETRIC_REPRESENTATION_CONTEXT(2) 
PARAMETRIC_REPRESENTATION_CONTEXT() REPRESENTATION_CONTEXT('2D SPACE',''
  ) );
#17955 = ORIENTED_EDGE('',*,*,#17956,.F.);
#17956 = EDGE_CURVE('',#17957,#17934,#17959,.T.);
#17957 = VERTEX_POINT('',#17958);
#17958 = CARTESIAN_POINT('',(0.325,1.3,0.11));
#17959 = SURFACE_CURVE('',#17960,(#17964,#17971),.PCURVE_S1.);
#17960 = LINE('',#17961,#17962);
#17961 = CARTESIAN_POINT('',(0.325,1.3,0.841614));
#17962 = VECTOR('',#17963,1.);
#17963 = DIRECTION('',(-2.289834988289E-16,-2.289834988289E-16,-1.));
#17964 = PCURVE('',#14841,#17965);
#17965 = DEFINITIONAL_REPRESENTATION('',(#17966),#17970);
#17966 = LINE('',#17967,#17968);
#17967 = CARTESIAN_POINT('',(5.422092460224E-02,0.671113768985));
#17968 = VECTOR('',#17969,1.);
#17969 = DIRECTION('',(-2.289834988289E-16,-1.));
#17970 = ( GEOMETRIC_REPRESENTATION_CONTEXT(2) 
PARAMETRIC_REPRESENTATION_CONTEXT() REPRESENTATION_CONTEXT('2D SPACE',''
  ) );
#17971 = PCURVE('',#17586,#17972);
#17972 = DEFINITIONAL_REPRESENTATION('',(#17973),#17977);
#17973 = LINE('',#17974,#17975);
#17974 = CARTESIAN_POINT('',(-0.731614,-0.15));
#17975 = VECTOR('',#17976,1.);
#17976 = DIRECTION('',(1.,0.));
#17977 = ( GEOMETRIC_REPRESENTATION_CONTEXT(2) 
PARAMETRIC_REPRESENTATION_CONTEXT() REPRESENTATION_CONTEXT('2D SPACE',''
  ) );
#17978 = ORIENTED_EDGE('',*,*,#17979,.F.);
#17979 = EDGE_CURVE('',#17980,#17957,#17982,.T.);
#17980 = VERTEX_POINT('',#17981);
#17981 = CARTESIAN_POINT('',(0.325,1.35,0.16));
#17982 = SURFACE_CURVE('',#17983,(#17988,#17995),.PCURVE_S1.);
#17983 = CIRCLE('',#17984,5.E-02);
#17984 = AXIS2_PLACEMENT_3D('',#17985,#17986,#17987);
#17985 = CARTESIAN_POINT('',(0.325,1.35,0.11));
#17986 = DIRECTION('',(1.,-5.243344273594E-32,-2.289834988289E-16));
#17987 = DIRECTION('',(-2.080052407982E-46,1.,-2.289834988289E-16));
#17988 = PCURVE('',#14841,#17989);
#17989 = DEFINITIONAL_REPRESENTATION('',(#17990),#17994);
#17990 = CIRCLE('',#17991,5.E-02);
#17991 = AXIS2_PLACEMENT_2D('',#17992,#17993);
#17992 = CARTESIAN_POINT('',(0.104220924602,-6.050023101547E-02));
#17993 = DIRECTION('',(1.,-2.289834988289E-16));
#17994 = ( GEOMETRIC_REPRESENTATION_CONTEXT(2) 
PARAMETRIC_REPRESENTATION_CONTEXT() REPRESENTATION_CONTEXT('2D SPACE',''
  ) );
#17995 = PCURVE('',#17558,#17996);
#17996 = DEFINITIONAL_REPRESENTATION('',(#17997),#18001);
#17997 = LINE('',#17998,#17999);
#17998 = CARTESIAN_POINT('',(-2.22044604925E-16,0.15));
#17999 = VECTOR('',#18000,1.);
#18000 = DIRECTION('',(1.,3.533949646071E-17));
#18001 = ( GEOMETRIC_REPRESENTATION_CONTEXT(2) 
PARAMETRIC_REPRESENTATION_CONTEXT() REPRESENTATION_CONTEXT('2D SPACE',''
  ) );
#18002 = ORIENTED_EDGE('',*,*,#18003,.F.);
#18003 = EDGE_CURVE('',#14826,#17980,#18004,.T.);
#18004 = SURFACE_CURVE('',#18005,(#18009,#18016),.PCURVE_S1.);
#18005 = LINE('',#18006,#18007);
#18006 = CARTESIAN_POINT('',(0.325,1.35,0.841614));
#18007 = VECTOR('',#18008,1.);
#18008 = DIRECTION('',(-2.289834988289E-16,-2.289834988289E-16,-1.));
#18009 = PCURVE('',#14841,#18010);
#18010 = DEFINITIONAL_REPRESENTATION('',(#18011),#18015);
#18011 = LINE('',#18012,#18013);
#18012 = CARTESIAN_POINT('',(0.104220924602,0.671113768985));
#18013 = VECTOR('',#18014,1.);
#18014 = DIRECTION('',(-2.289834988289E-16,-1.));
#18015 = ( GEOMETRIC_REPRESENTATION_CONTEXT(2) 
PARAMETRIC_REPRESENTATION_CONTEXT() REPRESENTATION_CONTEXT('2D SPACE',''
  ) );
#18016 = PCURVE('',#14869,#18017);
#18017 = DEFINITIONAL_REPRESENTATION('',(#18018),#18022);
#18018 = LINE('',#18019,#18020);
#18019 = CARTESIAN_POINT('',(-0.531614,-0.15));
#18020 = VECTOR('',#18021,1.);
#18021 = DIRECTION('',(1.,0.));
#18022 = ( GEOMETRIC_REPRESENTATION_CONTEXT(2) 
PARAMETRIC_REPRESENTATION_CONTEXT() REPRESENTATION_CONTEXT('2D SPACE',''
  ) );
#18023 = ORIENTED_EDGE('',*,*,#14825,.F.);
#18024 = ORIENTED_EDGE('',*,*,#18025,.T.);
#18025 = EDGE_CURVE('',#14803,#17769,#18026,.T.);
#18026 = SURFACE_CURVE('',#18027,(#18031,#18038),.PCURVE_S1.);
#18027 = LINE('',#18028,#18029);
#18028 = CARTESIAN_POINT('',(0.325,1.,0.841614));
#18029 = VECTOR('',#18030,1.);
#18030 = DIRECTION('',(-2.289834988289E-16,-1.065228634467E-16,-1.));
#18031 = PCURVE('',#14841,#18032);
#18032 = DEFINITIONAL_REPRESENTATION('',(#18033),#18037);
#18033 = LINE('',#18034,#18035);
#18034 = CARTESIAN_POINT('',(-0.245779075398,0.671113768985));
#18035 = VECTOR('',#18036,1.);
#18036 = DIRECTION('',(-1.065228634467E-16,-1.));
#18037 = ( GEOMETRIC_REPRESENTATION_CONTEXT(2) 
PARAMETRIC_REPRESENTATION_CONTEXT() REPRESENTATION_CONTEXT('2D SPACE',''
  ) );
#18038 = PCURVE('',#9690,#18039);
#18039 = DEFINITIONAL_REPRESENTATION('',(#18040),#18044);
#18040 = LINE('',#18041,#18042);
#18041 = CARTESIAN_POINT('',(-0.531614,4.));
#18042 = VECTOR('',#18043,1.);
#18043 = DIRECTION('',(1.,0.));
#18044 = ( GEOMETRIC_REPRESENTATION_CONTEXT(2) 
PARAMETRIC_REPRESENTATION_CONTEXT() REPRESENTATION_CONTEXT('2D SPACE',''
  ) );
#18045 = ADVANCED_FACE('',(#18046),#9606,.T.);
#18046 = FACE_BOUND('',#18047,.T.);
#18047 = EDGE_LOOP('',(#18048,#18071,#18092,#18093));
#18048 = ORIENTED_EDGE('',*,*,#18049,.F.);
#18049 = EDGE_CURVE('',#18050,#17440,#18052,.T.);
#18050 = VERTEX_POINT('',#18051);
#18051 = CARTESIAN_POINT('',(0.1,0.92,8.E-02));
#18052 = SURFACE_CURVE('',#18053,(#18057,#18064),.PCURVE_S1.);
#18053 = LINE('',#18054,#18055);
#18054 = CARTESIAN_POINT('',(0.1,0.694863,8.E-02));
#18055 = VECTOR('',#18056,1.);
#18056 = DIRECTION('',(-1.224606353822E-16,1.,-2.289834988289E-16));
#18057 = PCURVE('',#9606,#18058);
#18058 = DEFINITIONAL_REPRESENTATION('',(#18059),#18063);
#18059 = LINE('',#18060,#18061);
#18060 = CARTESIAN_POINT('',(-3.535533905933E-02,-0.155137));
#18061 = VECTOR('',#18062,1.);
#18062 = DIRECTION('',(8.716389750491E-16,1.));
#18063 = ( GEOMETRIC_REPRESENTATION_CONTEXT(2) 
PARAMETRIC_REPRESENTATION_CONTEXT() REPRESENTATION_CONTEXT('2D SPACE',''
  ) );
#18064 = PCURVE('',#17455,#18065);
#18065 = DEFINITIONAL_REPRESENTATION('',(#18066),#18070);
#18066 = LINE('',#18067,#18068);
#18067 = CARTESIAN_POINT('',(0.305137,6.25E-02));
#18068 = VECTOR('',#18069,1.);
#18069 = DIRECTION('',(-1.,1.224606353822E-16));
#18070 = ( GEOMETRIC_REPRESENTATION_CONTEXT(2) 
PARAMETRIC_REPRESENTATION_CONTEXT() REPRESENTATION_CONTEXT('2D SPACE',''
  ) );
#18071 = ORIENTED_EDGE('',*,*,#18072,.T.);
#18072 = EDGE_CURVE('',#18050,#9591,#18073,.T.);
#18073 = SURFACE_CURVE('',#18074,(#18078,#18085),.PCURVE_S1.);
#18074 = LINE('',#18075,#18076);
#18075 = CARTESIAN_POINT('',(4.88325E-02,0.694863,2.88325E-02));
#18076 = VECTOR('',#18077,1.);
#18077 = DIRECTION('',(-0.216371161204,-0.952033109297,-0.216371161204)
  );
#18078 = PCURVE('',#9606,#18079);
#18079 = DEFINITIONAL_REPRESENTATION('',(#18080),#18084);
#18080 = LINE('',#18081,#18082);
#18081 = CARTESIAN_POINT('',(3.70064333934E-02,-0.155137));
#18082 = VECTOR('',#18083,1.);
#18083 = DIRECTION('',(0.305995030681,-0.952033109297));
#18084 = ( GEOMETRIC_REPRESENTATION_CONTEXT(2) 
PARAMETRIC_REPRESENTATION_CONTEXT() REPRESENTATION_CONTEXT('2D SPACE',''
  ) );
#18085 = PCURVE('',#9634,#18086);
#18086 = DEFINITIONAL_REPRESENTATION('',(#18087),#18091);
#18087 = LINE('',#18088,#18089);
#18088 = CARTESIAN_POINT('',(0.230878283572,0.1136675));
#18089 = VECTOR('',#18090,1.);
#18090 = DIRECTION('',(0.976311180208,0.216371161204));
#18091 = ( GEOMETRIC_REPRESENTATION_CONTEXT(2) 
PARAMETRIC_REPRESENTATION_CONTEXT() REPRESENTATION_CONTEXT('2D SPACE',''
  ) );
#18092 = ORIENTED_EDGE('',*,*,#9590,.F.);
#18093 = ORIENTED_EDGE('',*,*,#17467,.F.);
#18094 = ADVANCED_FACE('',(#18095),#17455,.T.);
#18095 = FACE_BOUND('',#18096,.T.);
#18096 = EDGE_LOOP('',(#18097,#18120,#18121,#18122,#18123,#18146));
#18097 = ORIENTED_EDGE('',*,*,#18098,.T.);
#18098 = EDGE_CURVE('',#18099,#18050,#18101,.T.);
#18099 = VERTEX_POINT('',#18100);
#18100 = CARTESIAN_POINT('',(0.4,0.92,8.E-02));
#18101 = SURFACE_CURVE('',#18102,(#18106,#18113),.PCURVE_S1.);
#18102 = LINE('',#18103,#18104);
#18103 = CARTESIAN_POINT('',(-15.5,0.92,8.E-02));
#18104 = VECTOR('',#18105,1.);
#18105 = DIRECTION('',(-1.,5.243344273594E-32,2.289834988289E-16));
#18106 = PCURVE('',#17455,#18107);
#18107 = DEFINITIONAL_REPRESENTATION('',(#18108),#18112);
#18108 = LINE('',#18109,#18110);
#18109 = CARTESIAN_POINT('',(8.E-02,15.6625));
#18110 = VECTOR('',#18111,1.);
#18111 = DIRECTION('',(2.080052407982E-46,1.));
#18112 = ( GEOMETRIC_REPRESENTATION_CONTEXT(2) 
PARAMETRIC_REPRESENTATION_CONTEXT() REPRESENTATION_CONTEXT('2D SPACE',''
  ) );
#18113 = PCURVE('',#9634,#18114);
#18114 = DEFINITIONAL_REPRESENTATION('',(#18115),#18119);
#18115 = LINE('',#18116,#18117);
#18116 = CARTESIAN_POINT('',(1.326357092528E-18,15.6625));
#18117 = VECTOR('',#18118,1.);
#18118 = DIRECTION('',(-1.848892746612E-31,1.));
#18119 = ( GEOMETRIC_REPRESENTATION_CONTEXT(2) 
PARAMETRIC_REPRESENTATION_CONTEXT() REPRESENTATION_CONTEXT('2D SPACE',''
  ) );
#18120 = ORIENTED_EDGE('',*,*,#18049,.T.);
#18121 = ORIENTED_EDGE('',*,*,#17439,.F.);
#18122 = ORIENTED_EDGE('',*,*,#17768,.T.);
#18123 = ORIENTED_EDGE('',*,*,#18124,.F.);
#18124 = EDGE_CURVE('',#18125,#17769,#18127,.T.);
#18125 = VERTEX_POINT('',#18126);
#18126 = CARTESIAN_POINT('',(0.4,1.,8.E-02));
#18127 = SURFACE_CURVE('',#18128,(#18132,#18139),.PCURVE_S1.);
#18128 = LINE('',#18129,#18130);
#18129 = CARTESIAN_POINT('',(-15.5,1.,8.E-02));
#18130 = VECTOR('',#18131,1.);
#18131 = DIRECTION('',(-1.,5.243344273594E-32,2.289834988289E-16));
#18132 = PCURVE('',#17455,#18133);
#18133 = DEFINITIONAL_REPRESENTATION('',(#18134),#18138);
#18134 = LINE('',#18135,#18136);
#18135 = CARTESIAN_POINT('',(8.198683773256E-31,15.6625));
#18136 = VECTOR('',#18137,1.);
#18137 = DIRECTION('',(2.080052407982E-46,1.));
#18138 = ( GEOMETRIC_REPRESENTATION_CONTEXT(2) 
PARAMETRIC_REPRESENTATION_CONTEXT() REPRESENTATION_CONTEXT('2D SPACE',''
  ) );
#18139 = PCURVE('',#9690,#18140);
#18140 = DEFINITIONAL_REPRESENTATION('',(#18141),#18145);
#18141 = LINE('',#18142,#18143);
#18142 = CARTESIAN_POINT('',(0.23,19.825));
#18143 = VECTOR('',#18144,1.);
#18144 = DIRECTION('',(0.,1.));
#18145 = ( GEOMETRIC_REPRESENTATION_CONTEXT(2) 
PARAMETRIC_REPRESENTATION_CONTEXT() REPRESENTATION_CONTEXT('2D SPACE',''
  ) );
#18146 = ORIENTED_EDGE('',*,*,#18147,.T.);
#18147 = EDGE_CURVE('',#18125,#18099,#18148,.T.);
#18148 = SURFACE_CURVE('',#18149,(#18153,#18160),.PCURVE_S1.);
#18149 = LINE('',#18150,#18151);
#18150 = CARTESIAN_POINT('',(0.4,0.694863,8.E-02));
#18151 = VECTOR('',#18152,1.);
#18152 = DIRECTION('',(-1.224606353822E-16,-1.,2.289834988289E-16));
#18153 = PCURVE('',#17455,#18154);
#18154 = DEFINITIONAL_REPRESENTATION('',(#18155),#18159);
#18155 = LINE('',#18156,#18157);
#18156 = CARTESIAN_POINT('',(0.305137,-0.2375));
#18157 = VECTOR('',#18158,1.);
#18158 = DIRECTION('',(1.,1.224606353822E-16));
#18159 = ( GEOMETRIC_REPRESENTATION_CONTEXT(2) 
PARAMETRIC_REPRESENTATION_CONTEXT() REPRESENTATION_CONTEXT('2D SPACE',''
  ) );
#18160 = PCURVE('',#9662,#18161);
#18161 = DEFINITIONAL_REPRESENTATION('',(#18162),#18166);
#18162 = LINE('',#18163,#18164);
#18163 = CARTESIAN_POINT('',(-3.535533905933E-02,0.155137));
#18164 = VECTOR('',#18165,1.);
#18165 = DIRECTION('',(-8.716389750491E-16,1.));
#18166 = ( GEOMETRIC_REPRESENTATION_CONTEXT(2) 
PARAMETRIC_REPRESENTATION_CONTEXT() REPRESENTATION_CONTEXT('2D SPACE',''
  ) );
#18167 = ADVANCED_FACE('',(#18168),#9634,.T.);
#18168 = FACE_BOUND('',#18169,.T.);
#18169 = EDGE_LOOP('',(#18170,#18171,#18172,#18173));
#18170 = ORIENTED_EDGE('',*,*,#9618,.T.);
#18171 = ORIENTED_EDGE('',*,*,#18072,.F.);
#18172 = ORIENTED_EDGE('',*,*,#18098,.F.);
#18173 = ORIENTED_EDGE('',*,*,#18174,.F.);
#18174 = EDGE_CURVE('',#9619,#18099,#18175,.T.);
#18175 = SURFACE_CURVE('',#18176,(#18180,#18187),.PCURVE_S1.);
#18176 = LINE('',#18177,#18178);
#18177 = CARTESIAN_POINT('',(0.4511675,0.694863,2.88325E-02));
#18178 = VECTOR('',#18179,1.);
#18179 = DIRECTION('',(-0.216371161204,0.952033109297,0.216371161204));
#18180 = PCURVE('',#9634,#18181);
#18181 = DEFINITIONAL_REPRESENTATION('',(#18182),#18186);
#18182 = LINE('',#18183,#18184);
#18183 = CARTESIAN_POINT('',(0.230878283572,-0.2886675));
#18184 = VECTOR('',#18185,1.);
#18185 = DIRECTION('',(-0.976311180208,0.216371161204));
#18186 = ( GEOMETRIC_REPRESENTATION_CONTEXT(2) 
PARAMETRIC_REPRESENTATION_CONTEXT() REPRESENTATION_CONTEXT('2D SPACE',''
  ) );
#18187 = PCURVE('',#9662,#18188);
#18188 = DEFINITIONAL_REPRESENTATION('',(#18189),#18193);
#18189 = LINE('',#18190,#18191);
#18190 = CARTESIAN_POINT('',(3.70064333934E-02,0.155137));
#18191 = VECTOR('',#18192,1.);
#18192 = DIRECTION('',(-0.305995030681,-0.952033109297));
#18193 = ( GEOMETRIC_REPRESENTATION_CONTEXT(2) 
PARAMETRIC_REPRESENTATION_CONTEXT() REPRESENTATION_CONTEXT('2D SPACE',''
  ) );
#18194 = ADVANCED_FACE('',(#18195),#9662,.T.);
#18195 = FACE_BOUND('',#18196,.T.);
#18196 = EDGE_LOOP('',(#18197,#18198,#18219,#18220));
#18197 = ORIENTED_EDGE('',*,*,#18147,.F.);
#18198 = ORIENTED_EDGE('',*,*,#18199,.F.);
#18199 = EDGE_CURVE('',#9647,#18125,#18200,.T.);
#18200 = SURFACE_CURVE('',#18201,(#18205,#18212),.PCURVE_S1.);
#18201 = LINE('',#18202,#18203);
#18202 = CARTESIAN_POINT('',(-15.,1.,15.48));
#18203 = VECTOR('',#18204,1.);
#18204 = DIRECTION('',(-0.707106781187,1.064046335705E-16,0.707106781187
    ));
#18205 = PCURVE('',#9662,#18206);
#18206 = DEFINITIONAL_REPRESENTATION('',(#18207),#18211);
#18207 = LINE('',#18208,#18209);
#18208 = CARTESIAN_POINT('',(-21.8142441996,-0.15));
#18209 = VECTOR('',#18210,1.);
#18210 = DIRECTION('',(-1.,-7.295350781106E-16));
#18211 = ( GEOMETRIC_REPRESENTATION_CONTEXT(2) 
PARAMETRIC_REPRESENTATION_CONTEXT() REPRESENTATION_CONTEXT('2D SPACE',''
  ) );
#18212 = PCURVE('',#9690,#18213);
#18213 = DEFINITIONAL_REPRESENTATION('',(#18214),#18218);
#18214 = LINE('',#18215,#18216);
#18215 = CARTESIAN_POINT('',(-15.17,19.325));
#18216 = VECTOR('',#18217,1.);
#18217 = DIRECTION('',(-0.707106781187,0.707106781187));
#18218 = ( GEOMETRIC_REPRESENTATION_CONTEXT(2) 
PARAMETRIC_REPRESENTATION_CONTEXT() REPRESENTATION_CONTEXT('2D SPACE',''
  ) );
#18219 = ORIENTED_EDGE('',*,*,#9646,.F.);
#18220 = ORIENTED_EDGE('',*,*,#18174,.T.);
#18221 = ADVANCED_FACE('',(#18222),#9718,.T.);
#18222 = FACE_BOUND('',#18223,.T.);
#18223 = EDGE_LOOP('',(#18224,#18249,#18270,#18271));
#18224 = ORIENTED_EDGE('',*,*,#18225,.F.);
#18225 = EDGE_CURVE('',#18226,#18228,#18230,.T.);
#18226 = VERTEX_POINT('',#18227);
#18227 = CARTESIAN_POINT('',(0.6,0.92,8.E-02));
#18228 = VERTEX_POINT('',#18229);
#18229 = CARTESIAN_POINT('',(0.6,1.,8.E-02));
#18230 = SURFACE_CURVE('',#18231,(#18235,#18242),.PCURVE_S1.);
#18231 = LINE('',#18232,#18233);
#18232 = CARTESIAN_POINT('',(0.6,0.694863,8.E-02));
#18233 = VECTOR('',#18234,1.);
#18234 = DIRECTION('',(-1.224606353822E-16,1.,-2.289834988289E-16));
#18235 = PCURVE('',#9718,#18236);
#18236 = DEFINITIONAL_REPRESENTATION('',(#18237),#18241);
#18237 = LINE('',#18238,#18239);
#18238 = CARTESIAN_POINT('',(-3.535533905933E-02,-0.155137));
#18239 = VECTOR('',#18240,1.);
#18240 = DIRECTION('',(8.716389750491E-16,1.));
#18241 = ( GEOMETRIC_REPRESENTATION_CONTEXT(2) 
PARAMETRIC_REPRESENTATION_CONTEXT() REPRESENTATION_CONTEXT('2D SPACE',''
  ) );
#18242 = PCURVE('',#16863,#18243);
#18243 = DEFINITIONAL_REPRESENTATION('',(#18244),#18248);
#18244 = LINE('',#18245,#18246);
#18245 = CARTESIAN_POINT('',(0.305137,6.25E-02));
#18246 = VECTOR('',#18247,1.);
#18247 = DIRECTION('',(-1.,1.224606353822E-16));
#18248 = ( GEOMETRIC_REPRESENTATION_CONTEXT(2) 
PARAMETRIC_REPRESENTATION_CONTEXT() REPRESENTATION_CONTEXT('2D SPACE',''
  ) );
#18249 = ORIENTED_EDGE('',*,*,#18250,.T.);
#18250 = EDGE_CURVE('',#18226,#9703,#18251,.T.);
#18251 = SURFACE_CURVE('',#18252,(#18256,#18263),.PCURVE_S1.);
#18252 = LINE('',#18253,#18254);
#18253 = CARTESIAN_POINT('',(0.5488325,0.694863,2.88325E-02));
#18254 = VECTOR('',#18255,1.);
#18255 = DIRECTION('',(-0.216371161204,-0.952033109297,-0.216371161204)
  );
#18256 = PCURVE('',#9718,#18257);
#18257 = DEFINITIONAL_REPRESENTATION('',(#18258),#18262);
#18258 = LINE('',#18259,#18260);
#18259 = CARTESIAN_POINT('',(3.70064333934E-02,-0.155137));
#18260 = VECTOR('',#18261,1.);
#18261 = DIRECTION('',(0.305995030681,-0.952033109297));
#18262 = ( GEOMETRIC_REPRESENTATION_CONTEXT(2) 
PARAMETRIC_REPRESENTATION_CONTEXT() REPRESENTATION_CONTEXT('2D SPACE',''
  ) );
#18263 = PCURVE('',#9746,#18264);
#18264 = DEFINITIONAL_REPRESENTATION('',(#18265),#18269);
#18265 = LINE('',#18266,#18267);
#18266 = CARTESIAN_POINT('',(0.230878283572,0.1136675));
#18267 = VECTOR('',#18268,1.);
#18268 = DIRECTION('',(0.976311180208,0.216371161204));
#18269 = ( GEOMETRIC_REPRESENTATION_CONTEXT(2) 
PARAMETRIC_REPRESENTATION_CONTEXT() REPRESENTATION_CONTEXT('2D SPACE',''
  ) );
#18270 = ORIENTED_EDGE('',*,*,#9702,.F.);
#18271 = ORIENTED_EDGE('',*,*,#18272,.F.);
#18272 = EDGE_CURVE('',#18228,#9675,#18273,.T.);
#18273 = SURFACE_CURVE('',#18274,(#18278,#18285),.PCURVE_S1.);
#18274 = LINE('',#18275,#18276);
#18275 = CARTESIAN_POINT('',(-15.,1.,-15.52));
#18276 = VECTOR('',#18277,1.);
#18277 = DIRECTION('',(-0.707106781187,-1.064046335705E-16,
    -0.707106781187));
#18278 = PCURVE('',#9718,#18279);
#18279 = DEFINITIONAL_REPRESENTATION('',(#18280),#18284);
#18280 = LINE('',#18281,#18282);
#18281 = CARTESIAN_POINT('',(22.026376233961,0.15));
#18282 = VECTOR('',#18283,1.);
#18283 = DIRECTION('',(1.,-7.295350781106E-16));
#18284 = ( GEOMETRIC_REPRESENTATION_CONTEXT(2) 
PARAMETRIC_REPRESENTATION_CONTEXT() REPRESENTATION_CONTEXT('2D SPACE',''
  ) );
#18285 = PCURVE('',#9690,#18286);
#18286 = DEFINITIONAL_REPRESENTATION('',(#18287),#18291);
#18287 = LINE('',#18288,#18289);
#18288 = CARTESIAN_POINT('',(15.83,19.325));
#18289 = VECTOR('',#18290,1.);
#18290 = DIRECTION('',(0.707106781187,0.707106781187));
#18291 = ( GEOMETRIC_REPRESENTATION_CONTEXT(2) 
PARAMETRIC_REPRESENTATION_CONTEXT() REPRESENTATION_CONTEXT('2D SPACE',''
  ) );
#18292 = ADVANCED_FACE('',(#18293),#9746,.T.);
#18293 = FACE_BOUND('',#18294,.T.);
#18294 = EDGE_LOOP('',(#18295,#18296,#18297,#18320));
#18295 = ORIENTED_EDGE('',*,*,#9730,.T.);
#18296 = ORIENTED_EDGE('',*,*,#18250,.F.);
#18297 = ORIENTED_EDGE('',*,*,#18298,.F.);
#18298 = EDGE_CURVE('',#18299,#18226,#18301,.T.);
#18299 = VERTEX_POINT('',#18300);
#18300 = CARTESIAN_POINT('',(0.9,0.92,8.E-02));
#18301 = SURFACE_CURVE('',#18302,(#18306,#18313),.PCURVE_S1.);
#18302 = LINE('',#18303,#18304);
#18303 = CARTESIAN_POINT('',(-15.,0.92,8.E-02));
#18304 = VECTOR('',#18305,1.);
#18305 = DIRECTION('',(-1.,5.243344273594E-32,2.289834988289E-16));
#18306 = PCURVE('',#9746,#18307);
#18307 = DEFINITIONAL_REPRESENTATION('',(#18308),#18312);
#18308 = LINE('',#18309,#18310);
#18309 = CARTESIAN_POINT('',(1.326357092528E-18,15.6625));
#18310 = VECTOR('',#18311,1.);
#18311 = DIRECTION('',(-1.848892746612E-31,1.));
#18312 = ( GEOMETRIC_REPRESENTATION_CONTEXT(2) 
PARAMETRIC_REPRESENTATION_CONTEXT() REPRESENTATION_CONTEXT('2D SPACE',''
  ) );
#18313 = PCURVE('',#16863,#18314);
#18314 = DEFINITIONAL_REPRESENTATION('',(#18315),#18319);
#18315 = LINE('',#18316,#18317);
#18316 = CARTESIAN_POINT('',(8.E-02,15.6625));
#18317 = VECTOR('',#18318,1.);
#18318 = DIRECTION('',(2.080052407982E-46,1.));
#18319 = ( GEOMETRIC_REPRESENTATION_CONTEXT(2) 
PARAMETRIC_REPRESENTATION_CONTEXT() REPRESENTATION_CONTEXT('2D SPACE',''
  ) );
#18320 = ORIENTED_EDGE('',*,*,#18321,.F.);
#18321 = EDGE_CURVE('',#9731,#18299,#18322,.T.);
#18322 = SURFACE_CURVE('',#18323,(#18327,#18334),.PCURVE_S1.);
#18323 = LINE('',#18324,#18325);
#18324 = CARTESIAN_POINT('',(0.9511675,0.694863,2.88325E-02));
#18325 = VECTOR('',#18326,1.);
#18326 = DIRECTION('',(-0.216371161204,0.952033109297,0.216371161204));
#18327 = PCURVE('',#9746,#18328);
#18328 = DEFINITIONAL_REPRESENTATION('',(#18329),#18333);
#18329 = LINE('',#18330,#18331);
#18330 = CARTESIAN_POINT('',(0.230878283572,-0.2886675));
#18331 = VECTOR('',#18332,1.);
#18332 = DIRECTION('',(-0.976311180208,0.216371161204));
#18333 = ( GEOMETRIC_REPRESENTATION_CONTEXT(2) 
PARAMETRIC_REPRESENTATION_CONTEXT() REPRESENTATION_CONTEXT('2D SPACE',''
  ) );
#18334 = PCURVE('',#9774,#18335);
#18335 = DEFINITIONAL_REPRESENTATION('',(#18336),#18340);
#18336 = LINE('',#18337,#18338);
#18337 = CARTESIAN_POINT('',(3.70064333934E-02,0.155137));
#18338 = VECTOR('',#18339,1.);
#18339 = DIRECTION('',(-0.305995030681,-0.952033109297));
#18340 = ( GEOMETRIC_REPRESENTATION_CONTEXT(2) 
PARAMETRIC_REPRESENTATION_CONTEXT() REPRESENTATION_CONTEXT('2D SPACE',''
  ) );
#18341 = ADVANCED_FACE('',(#18342),#16863,.T.);
#18342 = FACE_BOUND('',#18343,.T.);
#18343 = EDGE_LOOP('',(#18344,#18345,#18346,#18369,#18390,#18391));
#18344 = ORIENTED_EDGE('',*,*,#18298,.T.);
#18345 = ORIENTED_EDGE('',*,*,#18225,.T.);
#18346 = ORIENTED_EDGE('',*,*,#18347,.F.);
#18347 = EDGE_CURVE('',#18348,#18228,#18350,.T.);
#18348 = VERTEX_POINT('',#18349);
#18349 = CARTESIAN_POINT('',(0.675,1.,8.E-02));
#18350 = SURFACE_CURVE('',#18351,(#18355,#18362),.PCURVE_S1.);
#18351 = LINE('',#18352,#18353);
#18352 = CARTESIAN_POINT('',(-15.,1.,8.E-02));
#18353 = VECTOR('',#18354,1.);
#18354 = DIRECTION('',(-1.,5.243344273594E-32,2.289834988289E-16));
#18355 = PCURVE('',#16863,#18356);
#18356 = DEFINITIONAL_REPRESENTATION('',(#18357),#18361);
#18357 = LINE('',#18358,#18359);
#18358 = CARTESIAN_POINT('',(8.198683773256E-31,15.6625));
#18359 = VECTOR('',#18360,1.);
#18360 = DIRECTION('',(2.080052407982E-46,1.));
#18361 = ( GEOMETRIC_REPRESENTATION_CONTEXT(2) 
PARAMETRIC_REPRESENTATION_CONTEXT() REPRESENTATION_CONTEXT('2D SPACE',''
  ) );
#18362 = PCURVE('',#9690,#18363);
#18363 = DEFINITIONAL_REPRESENTATION('',(#18364),#18368);
#18364 = LINE('',#18365,#18366);
#18365 = CARTESIAN_POINT('',(0.23,19.325));
#18366 = VECTOR('',#18367,1.);
#18367 = DIRECTION('',(0.,1.));
#18368 = ( GEOMETRIC_REPRESENTATION_CONTEXT(2) 
PARAMETRIC_REPRESENTATION_CONTEXT() REPRESENTATION_CONTEXT('2D SPACE',''
  ) );
#18369 = ORIENTED_EDGE('',*,*,#18370,.T.);
#18370 = EDGE_CURVE('',#18348,#16507,#18371,.T.);
#18371 = SURFACE_CURVE('',#18372,(#18376,#18383),.PCURVE_S1.);
#18372 = LINE('',#18373,#18374);
#18373 = CARTESIAN_POINT('',(6.,1.,8.E-02));
#18374 = VECTOR('',#18375,1.);
#18375 = DIRECTION('',(1.,-5.243344273594E-32,-2.289834988289E-16));
#18376 = PCURVE('',#16863,#18377);
#18377 = DEFINITIONAL_REPRESENTATION('',(#18378),#18382);
#18378 = LINE('',#18379,#18380);
#18379 = CARTESIAN_POINT('',(-2.79645027925E-31,-5.3375));
#18380 = VECTOR('',#18381,1.);
#18381 = DIRECTION('',(-2.080052407982E-46,-1.));
#18382 = ( GEOMETRIC_REPRESENTATION_CONTEXT(2) 
PARAMETRIC_REPRESENTATION_CONTEXT() REPRESENTATION_CONTEXT('2D SPACE',''
  ) );
#18383 = PCURVE('',#16524,#18384);
#18384 = DEFINITIONAL_REPRESENTATION('',(#18385),#18389);
#18385 = LINE('',#18386,#18387);
#18386 = CARTESIAN_POINT('',(-1.339222645935E-03,-5.175));
#18387 = VECTOR('',#18388,1.);
#18388 = DIRECTION('',(0.,-1.));
#18389 = ( GEOMETRIC_REPRESENTATION_CONTEXT(2) 
PARAMETRIC_REPRESENTATION_CONTEXT() REPRESENTATION_CONTEXT('2D SPACE',''
  ) );
#18390 = ORIENTED_EDGE('',*,*,#16849,.F.);
#18391 = ORIENTED_EDGE('',*,*,#18392,.T.);
#18392 = EDGE_CURVE('',#16827,#18299,#18393,.T.);
#18393 = SURFACE_CURVE('',#18394,(#18398,#18405),.PCURVE_S1.);
#18394 = LINE('',#18395,#18396);
#18395 = CARTESIAN_POINT('',(0.9,0.694863,8.E-02));
#18396 = VECTOR('',#18397,1.);
#18397 = DIRECTION('',(-1.224606353822E-16,-1.,2.289834988289E-16));
#18398 = PCURVE('',#16863,#18399);
#18399 = DEFINITIONAL_REPRESENTATION('',(#18400),#18404);
#18400 = LINE('',#18401,#18402);
#18401 = CARTESIAN_POINT('',(0.305137,-0.2375));
#18402 = VECTOR('',#18403,1.);
#18403 = DIRECTION('',(1.,1.224606353822E-16));
#18404 = ( GEOMETRIC_REPRESENTATION_CONTEXT(2) 
PARAMETRIC_REPRESENTATION_CONTEXT() REPRESENTATION_CONTEXT('2D SPACE',''
  ) );
#18405 = PCURVE('',#9774,#18406);
#18406 = DEFINITIONAL_REPRESENTATION('',(#18407),#18411);
#18407 = LINE('',#18408,#18409);
#18408 = CARTESIAN_POINT('',(-3.535533905933E-02,0.155137));
#18409 = VECTOR('',#18410,1.);
#18410 = DIRECTION('',(-8.716389750491E-16,1.));
#18411 = ( GEOMETRIC_REPRESENTATION_CONTEXT(2) 
PARAMETRIC_REPRESENTATION_CONTEXT() REPRESENTATION_CONTEXT('2D SPACE',''
  ) );
#18412 = ADVANCED_FACE('',(#18413),#9690,.T.);
#18413 = FACE_BOUND('',#18414,.T.);
#18414 = EDGE_LOOP('',(#18415,#18436,#18437,#18438,#18439,#18440,#18441,
    #18442));
#18415 = ORIENTED_EDGE('',*,*,#18416,.T.);
#18416 = EDGE_CURVE('',#14775,#18348,#18417,.T.);
#18417 = SURFACE_CURVE('',#18418,(#18422,#18429),.PCURVE_S1.);
#18418 = LINE('',#18419,#18420);
#18419 = CARTESIAN_POINT('',(0.675,1.,0.841614));
#18420 = VECTOR('',#18421,1.);
#18421 = DIRECTION('',(-2.289834988289E-16,-1.065228634467E-16,-1.));
#18422 = PCURVE('',#9690,#18423);
#18423 = DEFINITIONAL_REPRESENTATION('',(#18424),#18428);
#18424 = LINE('',#18425,#18426);
#18425 = CARTESIAN_POINT('',(-0.531614,3.65));
#18426 = VECTOR('',#18427,1.);
#18427 = DIRECTION('',(1.,0.));
#18428 = ( GEOMETRIC_REPRESENTATION_CONTEXT(2) 
PARAMETRIC_REPRESENTATION_CONTEXT() REPRESENTATION_CONTEXT('2D SPACE',''
  ) );
#18429 = PCURVE('',#14790,#18430);
#18430 = DEFINITIONAL_REPRESENTATION('',(#18431),#18435);
#18431 = LINE('',#18432,#18433);
#18432 = CARTESIAN_POINT('',(-0.245779075398,0.671113768985));
#18433 = VECTOR('',#18434,1.);
#18434 = DIRECTION('',(-1.065228634467E-16,-1.));
#18435 = ( GEOMETRIC_REPRESENTATION_CONTEXT(2) 
PARAMETRIC_REPRESENTATION_CONTEXT() REPRESENTATION_CONTEXT('2D SPACE',''
  ) );
#18436 = ORIENTED_EDGE('',*,*,#18347,.T.);
#18437 = ORIENTED_EDGE('',*,*,#18272,.T.);
#18438 = ORIENTED_EDGE('',*,*,#9674,.F.);
#18439 = ORIENTED_EDGE('',*,*,#18199,.T.);
#18440 = ORIENTED_EDGE('',*,*,#18124,.T.);
#18441 = ORIENTED_EDGE('',*,*,#18025,.F.);
#18442 = ORIENTED_EDGE('',*,*,#14802,.T.);
#18443 = ADVANCED_FACE('',(#18444),#16524,.F.);
#18444 = FACE_BOUND('',#18445,.T.);
#18445 = EDGE_LOOP('',(#18446,#18447,#18470,#18491));
#18446 = ORIENTED_EDGE('',*,*,#18370,.F.);
#18447 = ORIENTED_EDGE('',*,*,#18448,.T.);
#18448 = EDGE_CURVE('',#18348,#18449,#18451,.T.);
#18449 = VERTEX_POINT('',#18450);
#18450 = CARTESIAN_POINT('',(0.675,1.,7.866077735406E-02));
#18451 = SURFACE_CURVE('',#18452,(#18456,#18463),.PCURVE_S1.);
#18452 = LINE('',#18453,#18454);
#18453 = CARTESIAN_POINT('',(0.675,1.,0.841614));
#18454 = VECTOR('',#18455,1.);
#18455 = DIRECTION('',(-2.289834988289E-16,-1.065228634467E-16,-1.));
#18456 = PCURVE('',#16524,#18457);
#18457 = DEFINITIONAL_REPRESENTATION('',(#18458),#18462);
#18458 = LINE('',#18459,#18460);
#18459 = CARTESIAN_POINT('',(-0.762953222646,0.15));
#18460 = VECTOR('',#18461,1.);
#18461 = DIRECTION('',(1.,0.));
#18462 = ( GEOMETRIC_REPRESENTATION_CONTEXT(2) 
PARAMETRIC_REPRESENTATION_CONTEXT() REPRESENTATION_CONTEXT('2D SPACE',''
  ) );
#18463 = PCURVE('',#14790,#18464);
#18464 = DEFINITIONAL_REPRESENTATION('',(#18465),#18469);
#18465 = LINE('',#18466,#18467);
#18466 = CARTESIAN_POINT('',(-0.245779075398,0.671113768985));
#18467 = VECTOR('',#18468,1.);
#18468 = DIRECTION('',(-1.065228634467E-16,-1.));
#18469 = ( GEOMETRIC_REPRESENTATION_CONTEXT(2) 
PARAMETRIC_REPRESENTATION_CONTEXT() REPRESENTATION_CONTEXT('2D SPACE',''
  ) );
#18470 = ORIENTED_EDGE('',*,*,#18471,.F.);
#18471 = EDGE_CURVE('',#16509,#18449,#18472,.T.);
#18472 = SURFACE_CURVE('',#18473,(#18477,#18484),.PCURVE_S1.);
#18473 = LINE('',#18474,#18475);
#18474 = CARTESIAN_POINT('',(6.,1.,7.866077735406E-02));
#18475 = VECTOR('',#18476,1.);
#18476 = DIRECTION('',(-1.,5.243344273594E-32,2.289834988289E-16));
#18477 = PCURVE('',#16524,#18478);
#18478 = DEFINITIONAL_REPRESENTATION('',(#18479),#18483);
#18479 = LINE('',#18480,#18481);
#18480 = CARTESIAN_POINT('',(-1.857888842771E-16,-5.175));
#18481 = VECTOR('',#18482,1.);
#18482 = DIRECTION('',(0.,1.));
#18483 = ( GEOMETRIC_REPRESENTATION_CONTEXT(2) 
PARAMETRIC_REPRESENTATION_CONTEXT() REPRESENTATION_CONTEXT('2D SPACE',''
  ) );
#18484 = PCURVE('',#16552,#18485);
#18485 = DEFINITIONAL_REPRESENTATION('',(#18486),#18490);
#18486 = LINE('',#18487,#18488);
#18487 = CARTESIAN_POINT('',(5.833781539828E-02,-5.325));
#18488 = VECTOR('',#18489,1.);
#18489 = DIRECTION('',(9.244463733059E-32,1.));
#18490 = ( GEOMETRIC_REPRESENTATION_CONTEXT(2) 
PARAMETRIC_REPRESENTATION_CONTEXT() REPRESENTATION_CONTEXT('2D SPACE',''
  ) );
#18491 = ORIENTED_EDGE('',*,*,#16506,.F.);
#18492 = ADVANCED_FACE('',(#18493),#14790,.F.);
#18493 = FACE_BOUND('',#18494,.T.);
#18494 = EDGE_LOOP('',(#18495,#18496,#18497,#18520,#18544,#18567,#18590,
    #18613,#18636,#18660,#18681));
#18495 = ORIENTED_EDGE('',*,*,#18416,.F.);
#18496 = ORIENTED_EDGE('',*,*,#14774,.F.);
#18497 = ORIENTED_EDGE('',*,*,#18498,.F.);
#18498 = EDGE_CURVE('',#18499,#14747,#18501,.T.);
#18499 = VERTEX_POINT('',#18500);
#18500 = CARTESIAN_POINT('',(0.675,1.35,0.16));
#18501 = SURFACE_CURVE('',#18502,(#18506,#18513),.PCURVE_S1.);
#18502 = LINE('',#18503,#18504);
#18503 = CARTESIAN_POINT('',(0.675,1.35,0.31));
#18504 = VECTOR('',#18505,1.);
#18505 = DIRECTION('',(2.289834988289E-16,2.289834988289E-16,1.));
#18506 = PCURVE('',#14790,#18507);
#18507 = DEFINITIONAL_REPRESENTATION('',(#18508),#18512);
#18508 = LINE('',#18509,#18510);
#18509 = CARTESIAN_POINT('',(0.104220924602,0.139499768985));
#18510 = VECTOR('',#18511,1.);
#18511 = DIRECTION('',(2.289834988289E-16,1.));
#18512 = ( GEOMETRIC_REPRESENTATION_CONTEXT(2) 
PARAMETRIC_REPRESENTATION_CONTEXT() REPRESENTATION_CONTEXT('2D SPACE',''
  ) );
#18513 = PCURVE('',#14762,#18514);
#18514 = DEFINITIONAL_REPRESENTATION('',(#18515),#18519);
#18515 = LINE('',#18516,#18517);
#18516 = CARTESIAN_POINT('',(-0.,0.));
#18517 = VECTOR('',#18518,1.);
#18518 = DIRECTION('',(-1.,0.));
#18519 = ( GEOMETRIC_REPRESENTATION_CONTEXT(2) 
PARAMETRIC_REPRESENTATION_CONTEXT() REPRESENTATION_CONTEXT('2D SPACE',''
  ) );
#18520 = ORIENTED_EDGE('',*,*,#18521,.T.);
#18521 = EDGE_CURVE('',#18499,#18522,#18524,.T.);
#18522 = VERTEX_POINT('',#18523);
#18523 = CARTESIAN_POINT('',(0.675,1.3,0.11));
#18524 = SURFACE_CURVE('',#18525,(#18530,#18537),.PCURVE_S1.);
#18525 = CIRCLE('',#18526,5.E-02);
#18526 = AXIS2_PLACEMENT_3D('',#18527,#18528,#18529);
#18527 = CARTESIAN_POINT('',(0.675,1.35,0.11));
#18528 = DIRECTION('',(1.,-5.243344273594E-32,-2.289834988289E-16));
#18529 = DIRECTION('',(-2.080052407982E-46,1.,-2.289834988289E-16));
#18530 = PCURVE('',#14790,#18531);
#18531 = DEFINITIONAL_REPRESENTATION('',(#18532),#18536);
#18532 = CIRCLE('',#18533,5.E-02);
#18533 = AXIS2_PLACEMENT_2D('',#18534,#18535);
#18534 = CARTESIAN_POINT('',(0.104220924602,-6.050023101547E-02));
#18535 = DIRECTION('',(1.,-2.289834988289E-16));
#18536 = ( GEOMETRIC_REPRESENTATION_CONTEXT(2) 
PARAMETRIC_REPRESENTATION_CONTEXT() REPRESENTATION_CONTEXT('2D SPACE',''
  ) );
#18537 = PCURVE('',#16722,#18538);
#18538 = DEFINITIONAL_REPRESENTATION('',(#18539),#18543);
#18539 = LINE('',#18540,#18541);
#18540 = CARTESIAN_POINT('',(-2.22044604925E-16,0.));
#18541 = VECTOR('',#18542,1.);
#18542 = DIRECTION('',(1.,0.));
#18543 = ( GEOMETRIC_REPRESENTATION_CONTEXT(2) 
PARAMETRIC_REPRESENTATION_CONTEXT() REPRESENTATION_CONTEXT('2D SPACE',''
  ) );
#18544 = ORIENTED_EDGE('',*,*,#18545,.T.);
#18545 = EDGE_CURVE('',#18522,#18546,#18548,.T.);
#18546 = VERTEX_POINT('',#18547);
#18547 = CARTESIAN_POINT('',(0.675,1.3,5.E-02));
#18548 = SURFACE_CURVE('',#18549,(#18553,#18560),.PCURVE_S1.);
#18549 = LINE('',#18550,#18551);
#18550 = CARTESIAN_POINT('',(0.675,1.3,0.11));
#18551 = VECTOR('',#18552,1.);
#18552 = DIRECTION('',(-2.289834988289E-16,-2.289834988289E-16,-1.));
#18553 = PCURVE('',#14790,#18554);
#18554 = DEFINITIONAL_REPRESENTATION('',(#18555),#18559);
#18555 = LINE('',#18556,#18557);
#18556 = CARTESIAN_POINT('',(5.422092460224E-02,-6.050023101547E-02));
#18557 = VECTOR('',#18558,1.);
#18558 = DIRECTION('',(-2.289834988289E-16,-1.));
#18559 = ( GEOMETRIC_REPRESENTATION_CONTEXT(2) 
PARAMETRIC_REPRESENTATION_CONTEXT() REPRESENTATION_CONTEXT('2D SPACE',''
  ) );
#18560 = PCURVE('',#16693,#18561);
#18561 = DEFINITIONAL_REPRESENTATION('',(#18562),#18566);
#18562 = LINE('',#18563,#18564);
#18563 = CARTESIAN_POINT('',(-0.,0.));
#18564 = VECTOR('',#18565,1.);
#18565 = DIRECTION('',(1.,0.));
#18566 = ( GEOMETRIC_REPRESENTATION_CONTEXT(2) 
PARAMETRIC_REPRESENTATION_CONTEXT() REPRESENTATION_CONTEXT('2D SPACE',''
  ) );
#18567 = ORIENTED_EDGE('',*,*,#18568,.T.);
#18568 = EDGE_CURVE('',#18546,#18569,#18571,.T.);
#18569 = VERTEX_POINT('',#18570);
#18570 = CARTESIAN_POINT('',(0.675,1.25,-1.110223024625E-15));
#18571 = SURFACE_CURVE('',#18572,(#18576,#18583),.PCURVE_S1.);
#18572 = LINE('',#18573,#18574);
#18573 = CARTESIAN_POINT('',(0.675,1.3,5.E-02));
#18574 = VECTOR('',#18575,1.);
#18575 = DIRECTION('',(-1.619157848018E-16,-0.707106781187,
    -0.707106781186));
#18576 = PCURVE('',#14790,#18577);
#18577 = DEFINITIONAL_REPRESENTATION('',(#18578),#18582);
#18578 = LINE('',#18579,#18580);
#18579 = CARTESIAN_POINT('',(5.422092460224E-02,-0.120500231015));
#18580 = VECTOR('',#18581,1.);
#18581 = DIRECTION('',(-0.707106781187,-0.707106781186));
#18582 = ( GEOMETRIC_REPRESENTATION_CONTEXT(2) 
PARAMETRIC_REPRESENTATION_CONTEXT() REPRESENTATION_CONTEXT('2D SPACE',''
  ) );
#18583 = PCURVE('',#16665,#18584);
#18584 = DEFINITIONAL_REPRESENTATION('',(#18585),#18589);
#18585 = LINE('',#18586,#18587);
#18586 = CARTESIAN_POINT('',(-0.,0.));
#18587 = VECTOR('',#18588,1.);
#18588 = DIRECTION('',(1.,-7.395570986447E-32));
#18589 = ( GEOMETRIC_REPRESENTATION_CONTEXT(2) 
PARAMETRIC_REPRESENTATION_CONTEXT() REPRESENTATION_CONTEXT('2D SPACE',''
  ) );
#18590 = ORIENTED_EDGE('',*,*,#18591,.F.);
#18591 = EDGE_CURVE('',#18592,#18569,#18594,.T.);
#18592 = VERTEX_POINT('',#18593);
#18593 = CARTESIAN_POINT('',(0.675,0.92,-9.992007221626E-16));
#18594 = SURFACE_CURVE('',#18595,(#18599,#18606),.PCURVE_S1.);
#18595 = LINE('',#18596,#18597);
#18596 = CARTESIAN_POINT('',(0.675,0.92,-9.992007221626E-16));
#18597 = VECTOR('',#18598,1.);
#18598 = DIRECTION('',(0.,1.,-2.289834988289E-16));
#18599 = PCURVE('',#14790,#18600);
#18600 = DEFINITIONAL_REPRESENTATION('',(#18601),#18605);
#18601 = LINE('',#18602,#18603);
#18602 = CARTESIAN_POINT('',(-0.325779075398,-0.170500231015));
#18603 = VECTOR('',#18604,1.);
#18604 = DIRECTION('',(1.,-2.289834988289E-16));
#18605 = ( GEOMETRIC_REPRESENTATION_CONTEXT(2) 
PARAMETRIC_REPRESENTATION_CONTEXT() REPRESENTATION_CONTEXT('2D SPACE',''
  ) );
#18606 = PCURVE('',#16637,#18607);
#18607 = DEFINITIONAL_REPRESENTATION('',(#18608),#18612);
#18608 = LINE('',#18609,#18610);
#18609 = CARTESIAN_POINT('',(0.33,5.473822126269E-48));
#18610 = VECTOR('',#18611,1.);
#18611 = DIRECTION('',(-1.,0.));
#18612 = ( GEOMETRIC_REPRESENTATION_CONTEXT(2) 
PARAMETRIC_REPRESENTATION_CONTEXT() REPRESENTATION_CONTEXT('2D SPACE',''
  ) );
#18613 = ORIENTED_EDGE('',*,*,#18614,.T.);
#18614 = EDGE_CURVE('',#18592,#18615,#18617,.T.);
#18615 = VERTEX_POINT('',#18616);
#18616 = CARTESIAN_POINT('',(0.675,0.92,3.619548911246E-02));
#18617 = SURFACE_CURVE('',#18618,(#18622,#18629),.PCURVE_S1.);
#18618 = LINE('',#18619,#18620);
#18619 = CARTESIAN_POINT('',(0.675,0.92,-9.992007221626E-16));
#18620 = VECTOR('',#18621,1.);
#18621 = DIRECTION('',(2.289834988289E-16,2.289834988289E-16,1.));
#18622 = PCURVE('',#14790,#18623);
#18623 = DEFINITIONAL_REPRESENTATION('',(#18624),#18628);
#18624 = LINE('',#18625,#18626);
#18625 = CARTESIAN_POINT('',(-0.325779075398,-0.170500231015));
#18626 = VECTOR('',#18627,1.);
#18627 = DIRECTION('',(2.289834988289E-16,1.));
#18628 = ( GEOMETRIC_REPRESENTATION_CONTEXT(2) 
PARAMETRIC_REPRESENTATION_CONTEXT() REPRESENTATION_CONTEXT('2D SPACE',''
  ) );
#18629 = PCURVE('',#16609,#18630);
#18630 = DEFINITIONAL_REPRESENTATION('',(#18631),#18635);
#18631 = LINE('',#18632,#18633);
#18632 = CARTESIAN_POINT('',(0.,0.));
#18633 = VECTOR('',#18634,1.);
#18634 = DIRECTION('',(1.,0.));
#18635 = ( GEOMETRIC_REPRESENTATION_CONTEXT(2) 
PARAMETRIC_REPRESENTATION_CONTEXT() REPRESENTATION_CONTEXT('2D SPACE',''
  ) );
#18636 = ORIENTED_EDGE('',*,*,#18637,.F.);
#18637 = EDGE_CURVE('',#18638,#18615,#18640,.T.);
#18638 = VERTEX_POINT('',#18639);
#18639 = CARTESIAN_POINT('',(0.675,0.943186633611,6.541154699934E-02));
#18640 = SURFACE_CURVE('',#18641,(#18646,#18653),.PCURVE_S1.);
#18641 = CIRCLE('',#18642,3.E-02);
#18642 = AXIS2_PLACEMENT_3D('',#18643,#18644,#18645);
#18643 = CARTESIAN_POINT('',(0.675,0.95,3.619548911246E-02));
#18644 = DIRECTION('',(1.,-5.243344273594E-32,-2.289834988289E-16));
#18645 = DIRECTION('',(-2.080052407982E-46,1.,-2.289834988289E-16));
#18646 = PCURVE('',#14790,#18647);
#18647 = DEFINITIONAL_REPRESENTATION('',(#18648),#18652);
#18648 = CIRCLE('',#18649,3.E-02);
#18649 = AXIS2_PLACEMENT_2D('',#18650,#18651);
#18650 = CARTESIAN_POINT('',(-0.295779075398,-0.134304741903));
#18651 = DIRECTION('',(1.,-2.289834988289E-16));
#18652 = ( GEOMETRIC_REPRESENTATION_CONTEXT(2) 
PARAMETRIC_REPRESENTATION_CONTEXT() REPRESENTATION_CONTEXT('2D SPACE',''
  ) );
#18653 = PCURVE('',#16581,#18654);
#18654 = DEFINITIONAL_REPRESENTATION('',(#18655),#18659);
#18655 = LINE('',#18656,#18657);
#18656 = CARTESIAN_POINT('',(0.,0.));
#18657 = VECTOR('',#18658,1.);
#18658 = DIRECTION('',(1.,0.));
#18659 = ( GEOMETRIC_REPRESENTATION_CONTEXT(2) 
PARAMETRIC_REPRESENTATION_CONTEXT() REPRESENTATION_CONTEXT('2D SPACE',''
  ) );
#18660 = ORIENTED_EDGE('',*,*,#18661,.T.);
#18661 = EDGE_CURVE('',#18638,#18449,#18662,.T.);
#18662 = SURFACE_CURVE('',#18663,(#18667,#18674),.PCURVE_S1.);
#18663 = LINE('',#18664,#18665);
#18664 = CARTESIAN_POINT('',(0.675,0.943186633611,6.541154699934E-02));
#18665 = VECTOR('',#18666,1.);
#18666 = DIRECTION('',(5.200494915182E-17,0.973868596229,0.227112212966)
  );
#18667 = PCURVE('',#14790,#18668);
#18668 = DEFINITIONAL_REPRESENTATION('',(#18669),#18673);
#18669 = LINE('',#18670,#18671);
#18670 = CARTESIAN_POINT('',(-0.302592441787,-0.105088684016));
#18671 = VECTOR('',#18672,1.);
#18672 = DIRECTION('',(0.973868596229,0.227112212966));
#18673 = ( GEOMETRIC_REPRESENTATION_CONTEXT(2) 
PARAMETRIC_REPRESENTATION_CONTEXT() REPRESENTATION_CONTEXT('2D SPACE',''
  ) );
#18674 = PCURVE('',#16552,#18675);
#18675 = DEFINITIONAL_REPRESENTATION('',(#18676),#18680);
#18676 = LINE('',#18677,#18678);
#18677 = CARTESIAN_POINT('',(0.,0.));
#18678 = VECTOR('',#18679,1.);
#18679 = DIRECTION('',(1.,-3.697785493223E-32));
#18680 = ( GEOMETRIC_REPRESENTATION_CONTEXT(2) 
PARAMETRIC_REPRESENTATION_CONTEXT() REPRESENTATION_CONTEXT('2D SPACE',''
  ) );
#18681 = ORIENTED_EDGE('',*,*,#18448,.F.);
#18682 = ADVANCED_FACE('',(#18683),#16552,.T.);
#18683 = FACE_BOUND('',#18684,.T.);
#18684 = EDGE_LOOP('',(#18685,#18706,#18707,#18708));
#18685 = ORIENTED_EDGE('',*,*,#18686,.T.);
#18686 = EDGE_CURVE('',#18638,#16537,#18687,.T.);
#18687 = SURFACE_CURVE('',#18688,(#18692,#18699),.PCURVE_S1.);
#18688 = LINE('',#18689,#18690);
#18689 = CARTESIAN_POINT('',(0.675,0.943186633611,6.541154699934E-02));
#18690 = VECTOR('',#18691,1.);
#18691 = DIRECTION('',(1.,-5.243344273594E-32,-2.289834988289E-16));
#18692 = PCURVE('',#16552,#18693);
#18693 = DEFINITIONAL_REPRESENTATION('',(#18694),#18698);
#18694 = LINE('',#18695,#18696);
#18695 = CARTESIAN_POINT('',(0.,0.));
#18696 = VECTOR('',#18697,1.);
#18697 = DIRECTION('',(-9.244463733059E-32,-1.));
#18698 = ( GEOMETRIC_REPRESENTATION_CONTEXT(2) 
PARAMETRIC_REPRESENTATION_CONTEXT() REPRESENTATION_CONTEXT('2D SPACE',''
  ) );
#18699 = PCURVE('',#16581,#18700);
#18700 = DEFINITIONAL_REPRESENTATION('',(#18701),#18705);
#18701 = LINE('',#18702,#18703);
#18702 = CARTESIAN_POINT('',(1.799907705522,0.));
#18703 = VECTOR('',#18704,1.);
#18704 = DIRECTION('',(0.,1.));
#18705 = ( GEOMETRIC_REPRESENTATION_CONTEXT(2) 
PARAMETRIC_REPRESENTATION_CONTEXT() REPRESENTATION_CONTEXT('2D SPACE',''
  ) );
#18706 = ORIENTED_EDGE('',*,*,#16536,.T.);
#18707 = ORIENTED_EDGE('',*,*,#18471,.T.);
#18708 = ORIENTED_EDGE('',*,*,#18661,.F.);
#18709 = ADVANCED_FACE('',(#18710),#16581,.T.);
#18710 = FACE_BOUND('',#18711,.T.);
#18711 = EDGE_LOOP('',(#18712,#18733,#18734,#18735));
#18712 = ORIENTED_EDGE('',*,*,#18713,.T.);
#18713 = EDGE_CURVE('',#18615,#16565,#18714,.T.);
#18714 = SURFACE_CURVE('',#18715,(#18719,#18726),.PCURVE_S1.);
#18715 = LINE('',#18716,#18717);
#18716 = CARTESIAN_POINT('',(0.675,0.92,3.619548911246E-02));
#18717 = VECTOR('',#18718,1.);
#18718 = DIRECTION('',(1.,-5.243344273594E-32,-2.289834988289E-16));
#18719 = PCURVE('',#16581,#18720);
#18720 = DEFINITIONAL_REPRESENTATION('',(#18721),#18725);
#18721 = LINE('',#18722,#18723);
#18722 = CARTESIAN_POINT('',(3.14159265359,0.));
#18723 = VECTOR('',#18724,1.);
#18724 = DIRECTION('',(0.,1.));
#18725 = ( GEOMETRIC_REPRESENTATION_CONTEXT(2) 
PARAMETRIC_REPRESENTATION_CONTEXT() REPRESENTATION_CONTEXT('2D SPACE',''
  ) );
#18726 = PCURVE('',#16609,#18727);
#18727 = DEFINITIONAL_REPRESENTATION('',(#18728),#18732);
#18728 = LINE('',#18729,#18730);
#18729 = CARTESIAN_POINT('',(3.619548911246E-02,8.288169738796E-18));
#18730 = VECTOR('',#18731,1.);
#18731 = DIRECTION('',(0.,-1.));
#18732 = ( GEOMETRIC_REPRESENTATION_CONTEXT(2) 
PARAMETRIC_REPRESENTATION_CONTEXT() REPRESENTATION_CONTEXT('2D SPACE',''
  ) );
#18733 = ORIENTED_EDGE('',*,*,#16564,.F.);
#18734 = ORIENTED_EDGE('',*,*,#18686,.F.);
#18735 = ORIENTED_EDGE('',*,*,#18637,.T.);
#18736 = ADVANCED_FACE('',(#18737),#16609,.T.);
#18737 = FACE_BOUND('',#18738,.T.);
#18738 = EDGE_LOOP('',(#18739,#18740,#18761,#18762));
#18739 = ORIENTED_EDGE('',*,*,#18614,.F.);
#18740 = ORIENTED_EDGE('',*,*,#18741,.T.);
#18741 = EDGE_CURVE('',#18592,#16594,#18742,.T.);
#18742 = SURFACE_CURVE('',#18743,(#18747,#18754),.PCURVE_S1.);
#18743 = LINE('',#18744,#18745);
#18744 = CARTESIAN_POINT('',(0.675,0.92,-9.992007221626E-16));
#18745 = VECTOR('',#18746,1.);
#18746 = DIRECTION('',(1.,-5.243344273594E-32,-2.289834988289E-16));
#18747 = PCURVE('',#16609,#18748);
#18748 = DEFINITIONAL_REPRESENTATION('',(#18749),#18753);
#18749 = LINE('',#18750,#18751);
#18750 = CARTESIAN_POINT('',(0.,0.));
#18751 = VECTOR('',#18752,1.);
#18752 = DIRECTION('',(0.,-1.));
#18753 = ( GEOMETRIC_REPRESENTATION_CONTEXT(2) 
PARAMETRIC_REPRESENTATION_CONTEXT() REPRESENTATION_CONTEXT('2D SPACE',''
  ) );
#18754 = PCURVE('',#16637,#18755);
#18755 = DEFINITIONAL_REPRESENTATION('',(#18756),#18760);
#18756 = LINE('',#18757,#18758);
#18757 = CARTESIAN_POINT('',(0.33,5.473822126269E-48));
#18758 = VECTOR('',#18759,1.);
#18759 = DIRECTION('',(-2.080052407982E-46,-1.));
#18760 = ( GEOMETRIC_REPRESENTATION_CONTEXT(2) 
PARAMETRIC_REPRESENTATION_CONTEXT() REPRESENTATION_CONTEXT('2D SPACE',''
  ) );
#18761 = ORIENTED_EDGE('',*,*,#16593,.T.);
#18762 = ORIENTED_EDGE('',*,*,#18713,.F.);
#18763 = ADVANCED_FACE('',(#18764),#16637,.T.);
#18764 = FACE_BOUND('',#18765,.T.);
#18765 = EDGE_LOOP('',(#18766,#18787,#18788,#18789));
#18766 = ORIENTED_EDGE('',*,*,#18767,.T.);
#18767 = EDGE_CURVE('',#18569,#16622,#18768,.T.);
#18768 = SURFACE_CURVE('',#18769,(#18773,#18780),.PCURVE_S1.);
#18769 = LINE('',#18770,#18771);
#18770 = CARTESIAN_POINT('',(0.675,1.25,-1.110223024625E-15));
#18771 = VECTOR('',#18772,1.);
#18772 = DIRECTION('',(1.,-5.243344273594E-32,-2.289834988289E-16));
#18773 = PCURVE('',#16637,#18774);
#18774 = DEFINITIONAL_REPRESENTATION('',(#18775),#18779);
#18775 = LINE('',#18776,#18777);
#18776 = CARTESIAN_POINT('',(0.,0.));
#18777 = VECTOR('',#18778,1.);
#18778 = DIRECTION('',(-2.080052407982E-46,-1.));
#18779 = ( GEOMETRIC_REPRESENTATION_CONTEXT(2) 
PARAMETRIC_REPRESENTATION_CONTEXT() REPRESENTATION_CONTEXT('2D SPACE',''
  ) );
#18780 = PCURVE('',#16665,#18781);
#18781 = DEFINITIONAL_REPRESENTATION('',(#18782),#18786);
#18782 = LINE('',#18783,#18784);
#18783 = CARTESIAN_POINT('',(7.071067811866E-02,-1.144917494145E-17));
#18784 = VECTOR('',#18785,1.);
#18785 = DIRECTION('',(2.465190328816E-32,-1.));
#18786 = ( GEOMETRIC_REPRESENTATION_CONTEXT(2) 
PARAMETRIC_REPRESENTATION_CONTEXT() REPRESENTATION_CONTEXT('2D SPACE',''
  ) );
#18787 = ORIENTED_EDGE('',*,*,#16621,.T.);
#18788 = ORIENTED_EDGE('',*,*,#18741,.F.);
#18789 = ORIENTED_EDGE('',*,*,#18591,.T.);
#18790 = ADVANCED_FACE('',(#18791),#16665,.T.);
#18791 = FACE_BOUND('',#18792,.T.);
#18792 = EDGE_LOOP('',(#18793,#18814,#18815,#18816));
#18793 = ORIENTED_EDGE('',*,*,#18794,.T.);
#18794 = EDGE_CURVE('',#18546,#16650,#18795,.T.);
#18795 = SURFACE_CURVE('',#18796,(#18800,#18807),.PCURVE_S1.);
#18796 = LINE('',#18797,#18798);
#18797 = CARTESIAN_POINT('',(0.675,1.3,5.E-02));
#18798 = VECTOR('',#18799,1.);
#18799 = DIRECTION('',(1.,-5.243344273594E-32,-2.289834988289E-16));
#18800 = PCURVE('',#16665,#18801);
#18801 = DEFINITIONAL_REPRESENTATION('',(#18802),#18806);
#18802 = LINE('',#18803,#18804);
#18803 = CARTESIAN_POINT('',(-0.,0.));
#18804 = VECTOR('',#18805,1.);
#18805 = DIRECTION('',(2.465190328816E-32,-1.));
#18806 = ( GEOMETRIC_REPRESENTATION_CONTEXT(2) 
PARAMETRIC_REPRESENTATION_CONTEXT() REPRESENTATION_CONTEXT('2D SPACE',''
  ) );
#18807 = PCURVE('',#16693,#18808);
#18808 = DEFINITIONAL_REPRESENTATION('',(#18809),#18813);
#18809 = LINE('',#18810,#18811);
#18810 = CARTESIAN_POINT('',(6.E-02,-1.373900992974E-17));
#18811 = VECTOR('',#18812,1.);
#18812 = DIRECTION('',(0.,-1.));
#18813 = ( GEOMETRIC_REPRESENTATION_CONTEXT(2) 
PARAMETRIC_REPRESENTATION_CONTEXT() REPRESENTATION_CONTEXT('2D SPACE',''
  ) );
#18814 = ORIENTED_EDGE('',*,*,#16649,.T.);
#18815 = ORIENTED_EDGE('',*,*,#18767,.F.);
#18816 = ORIENTED_EDGE('',*,*,#18568,.F.);
#18817 = ADVANCED_FACE('',(#18818),#16693,.T.);
#18818 = FACE_BOUND('',#18819,.T.);
#18819 = EDGE_LOOP('',(#18820,#18841,#18842,#18843));
#18820 = ORIENTED_EDGE('',*,*,#18821,.T.);
#18821 = EDGE_CURVE('',#18522,#16678,#18822,.T.);
#18822 = SURFACE_CURVE('',#18823,(#18827,#18834),.PCURVE_S1.);
#18823 = LINE('',#18824,#18825);
#18824 = CARTESIAN_POINT('',(0.675,1.3,0.11));
#18825 = VECTOR('',#18826,1.);
#18826 = DIRECTION('',(1.,-5.243344273594E-32,-2.289834988289E-16));
#18827 = PCURVE('',#16693,#18828);
#18828 = DEFINITIONAL_REPRESENTATION('',(#18829),#18833);
#18829 = LINE('',#18830,#18831);
#18830 = CARTESIAN_POINT('',(-0.,0.));
#18831 = VECTOR('',#18832,1.);
#18832 = DIRECTION('',(0.,-1.));
#18833 = ( GEOMETRIC_REPRESENTATION_CONTEXT(2) 
PARAMETRIC_REPRESENTATION_CONTEXT() REPRESENTATION_CONTEXT('2D SPACE',''
  ) );
#18834 = PCURVE('',#16722,#18835);
#18835 = DEFINITIONAL_REPRESENTATION('',(#18836),#18840);
#18836 = LINE('',#18837,#18838);
#18837 = CARTESIAN_POINT('',(3.14159265359,0.));
#18838 = VECTOR('',#18839,1.);
#18839 = DIRECTION('',(0.,1.));
#18840 = ( GEOMETRIC_REPRESENTATION_CONTEXT(2) 
PARAMETRIC_REPRESENTATION_CONTEXT() REPRESENTATION_CONTEXT('2D SPACE',''
  ) );
#18841 = ORIENTED_EDGE('',*,*,#16677,.T.);
#18842 = ORIENTED_EDGE('',*,*,#18794,.F.);
#18843 = ORIENTED_EDGE('',*,*,#18545,.F.);
#18844 = ADVANCED_FACE('',(#18845),#16722,.F.);
#18845 = FACE_BOUND('',#18846,.F.);
#18846 = EDGE_LOOP('',(#18847,#18848,#18849,#18850));
#18847 = ORIENTED_EDGE('',*,*,#18521,.T.);
#18848 = ORIENTED_EDGE('',*,*,#18821,.T.);
#18849 = ORIENTED_EDGE('',*,*,#16705,.F.);
#18850 = ORIENTED_EDGE('',*,*,#18851,.F.);
#18851 = EDGE_CURVE('',#18499,#16706,#18852,.T.);
#18852 = SURFACE_CURVE('',#18853,(#18857,#18864),.PCURVE_S1.);
#18853 = LINE('',#18854,#18855);
#18854 = CARTESIAN_POINT('',(0.675,1.35,0.16));
#18855 = VECTOR('',#18856,1.);
#18856 = DIRECTION('',(1.,-5.243344273594E-32,-2.289834988289E-16));
#18857 = PCURVE('',#16722,#18858);
#18858 = DEFINITIONAL_REPRESENTATION('',(#18859),#18863);
#18859 = LINE('',#18860,#18861);
#18860 = CARTESIAN_POINT('',(1.570796326795,0.));
#18861 = VECTOR('',#18862,1.);
#18862 = DIRECTION('',(0.,1.));
#18863 = ( GEOMETRIC_REPRESENTATION_CONTEXT(2) 
PARAMETRIC_REPRESENTATION_CONTEXT() REPRESENTATION_CONTEXT('2D SPACE',''
  ) );
#18864 = PCURVE('',#14762,#18865);
#18865 = DEFINITIONAL_REPRESENTATION('',(#18866),#18870);
#18866 = LINE('',#18867,#18868);
#18867 = CARTESIAN_POINT('',(0.15,-3.434752482434E-17));
#18868 = VECTOR('',#18869,1.);
#18869 = DIRECTION('',(0.,-1.));
#18870 = ( GEOMETRIC_REPRESENTATION_CONTEXT(2) 
PARAMETRIC_REPRESENTATION_CONTEXT() REPRESENTATION_CONTEXT('2D SPACE',''
  ) );
#18871 = ADVANCED_FACE('',(#18872),#14762,.T.);
#18872 = FACE_BOUND('',#18873,.T.);
#18873 = EDGE_LOOP('',(#18874,#18875,#18876,#18877));
#18874 = ORIENTED_EDGE('',*,*,#14746,.T.);
#18875 = ORIENTED_EDGE('',*,*,#16734,.T.);
#18876 = ORIENTED_EDGE('',*,*,#18851,.F.);
#18877 = ORIENTED_EDGE('',*,*,#18498,.T.);
#18878 = ADVANCED_FACE('',(#18879),#9774,.T.);
#18879 = FACE_BOUND('',#18880,.T.);
#18880 = EDGE_LOOP('',(#18881,#18882,#18883,#18884));
#18881 = ORIENTED_EDGE('',*,*,#18392,.F.);
#18882 = ORIENTED_EDGE('',*,*,#16826,.F.);
#18883 = ORIENTED_EDGE('',*,*,#9758,.F.);
#18884 = ORIENTED_EDGE('',*,*,#18321,.T.);
#18885 = ADVANCED_FACE('',(#18886),#14869,.T.);
#18886 = FACE_BOUND('',#18887,.T.);
#18887 = EDGE_LOOP('',(#18888,#18889,#18890,#18911));
#18888 = ORIENTED_EDGE('',*,*,#14853,.T.);
#18889 = ORIENTED_EDGE('',*,*,#18003,.T.);
#18890 = ORIENTED_EDGE('',*,*,#18891,.F.);
#18891 = EDGE_CURVE('',#17519,#17980,#18892,.T.);
#18892 = SURFACE_CURVE('',#18893,(#18897,#18904),.PCURVE_S1.);
#18893 = LINE('',#18894,#18895);
#18894 = CARTESIAN_POINT('',(0.175,1.35,0.16));
#18895 = VECTOR('',#18896,1.);
#18896 = DIRECTION('',(1.,-5.243344273594E-32,-2.289834988289E-16));
#18897 = PCURVE('',#14869,#18898);
#18898 = DEFINITIONAL_REPRESENTATION('',(#18899),#18903);
#18899 = LINE('',#18900,#18901);
#18900 = CARTESIAN_POINT('',(0.15,-3.434752482434E-17));
#18901 = VECTOR('',#18902,1.);
#18902 = DIRECTION('',(0.,-1.));
#18903 = ( GEOMETRIC_REPRESENTATION_CONTEXT(2) 
PARAMETRIC_REPRESENTATION_CONTEXT() REPRESENTATION_CONTEXT('2D SPACE',''
  ) );
#18904 = PCURVE('',#17558,#18905);
#18905 = DEFINITIONAL_REPRESENTATION('',(#18906),#18910);
#18906 = LINE('',#18907,#18908);
#18907 = CARTESIAN_POINT('',(1.570796326795,0.));
#18908 = VECTOR('',#18909,1.);
#18909 = DIRECTION('',(0.,1.));
#18910 = ( GEOMETRIC_REPRESENTATION_CONTEXT(2) 
PARAMETRIC_REPRESENTATION_CONTEXT() REPRESENTATION_CONTEXT('2D SPACE',''
  ) );
#18911 = ORIENTED_EDGE('',*,*,#17518,.T.);
#18912 = ADVANCED_FACE('',(#18913),#17558,.F.);
#18913 = FACE_BOUND('',#18914,.F.);
#18914 = EDGE_LOOP('',(#18915,#18916,#18937,#18938));
#18915 = ORIENTED_EDGE('',*,*,#17541,.T.);
#18916 = ORIENTED_EDGE('',*,*,#18917,.T.);
#18917 = EDGE_CURVE('',#17542,#17957,#18918,.T.);
#18918 = SURFACE_CURVE('',#18919,(#18923,#18930),.PCURVE_S1.);
#18919 = LINE('',#18920,#18921);
#18920 = CARTESIAN_POINT('',(0.175,1.3,0.11));
#18921 = VECTOR('',#18922,1.);
#18922 = DIRECTION('',(1.,-5.243344273594E-32,-2.289834988289E-16));
#18923 = PCURVE('',#17558,#18924);
#18924 = DEFINITIONAL_REPRESENTATION('',(#18925),#18929);
#18925 = LINE('',#18926,#18927);
#18926 = CARTESIAN_POINT('',(3.14159265359,0.));
#18927 = VECTOR('',#18928,1.);
#18928 = DIRECTION('',(0.,1.));
#18929 = ( GEOMETRIC_REPRESENTATION_CONTEXT(2) 
PARAMETRIC_REPRESENTATION_CONTEXT() REPRESENTATION_CONTEXT('2D SPACE',''
  ) );
#18930 = PCURVE('',#17586,#18931);
#18931 = DEFINITIONAL_REPRESENTATION('',(#18932),#18936);
#18932 = LINE('',#18933,#18934);
#18933 = CARTESIAN_POINT('',(-0.,0.));
#18934 = VECTOR('',#18935,1.);
#18935 = DIRECTION('',(0.,-1.));
#18936 = ( GEOMETRIC_REPRESENTATION_CONTEXT(2) 
PARAMETRIC_REPRESENTATION_CONTEXT() REPRESENTATION_CONTEXT('2D SPACE',''
  ) );
#18937 = ORIENTED_EDGE('',*,*,#17979,.F.);
#18938 = ORIENTED_EDGE('',*,*,#18891,.F.);
#18939 = ADVANCED_FACE('',(#18940),#17586,.T.);
#18940 = FACE_BOUND('',#18941,.T.);
#18941 = EDGE_LOOP('',(#18942,#18943,#18944,#18965));
#18942 = ORIENTED_EDGE('',*,*,#18917,.T.);
#18943 = ORIENTED_EDGE('',*,*,#17956,.T.);
#18944 = ORIENTED_EDGE('',*,*,#18945,.F.);
#18945 = EDGE_CURVE('',#17571,#17934,#18946,.T.);
#18946 = SURFACE_CURVE('',#18947,(#18951,#18958),.PCURVE_S1.);
#18947 = LINE('',#18948,#18949);
#18948 = CARTESIAN_POINT('',(0.175,1.3,5.E-02));
#18949 = VECTOR('',#18950,1.);
#18950 = DIRECTION('',(1.,-5.243344273594E-32,-2.289834988289E-16));
#18951 = PCURVE('',#17586,#18952);
#18952 = DEFINITIONAL_REPRESENTATION('',(#18953),#18957);
#18953 = LINE('',#18954,#18955);
#18954 = CARTESIAN_POINT('',(6.E-02,-1.373900992974E-17));
#18955 = VECTOR('',#18956,1.);
#18956 = DIRECTION('',(0.,-1.));
#18957 = ( GEOMETRIC_REPRESENTATION_CONTEXT(2) 
PARAMETRIC_REPRESENTATION_CONTEXT() REPRESENTATION_CONTEXT('2D SPACE',''
  ) );
#18958 = PCURVE('',#17614,#18959);
#18959 = DEFINITIONAL_REPRESENTATION('',(#18960),#18964);
#18960 = LINE('',#18961,#18962);
#18961 = CARTESIAN_POINT('',(-0.,0.));
#18962 = VECTOR('',#18963,1.);
#18963 = DIRECTION('',(2.465190328816E-32,-1.));
#18964 = ( GEOMETRIC_REPRESENTATION_CONTEXT(2) 
PARAMETRIC_REPRESENTATION_CONTEXT() REPRESENTATION_CONTEXT('2D SPACE',''
  ) );
#18965 = ORIENTED_EDGE('',*,*,#17570,.F.);
#18966 = ADVANCED_FACE('',(#18967),#17614,.T.);
#18967 = FACE_BOUND('',#18968,.T.);
#18968 = EDGE_LOOP('',(#18969,#18970,#18971,#18992));
#18969 = ORIENTED_EDGE('',*,*,#18945,.T.);
#18970 = ORIENTED_EDGE('',*,*,#17933,.T.);
#18971 = ORIENTED_EDGE('',*,*,#18972,.F.);
#18972 = EDGE_CURVE('',#17599,#17911,#18973,.T.);
#18973 = SURFACE_CURVE('',#18974,(#18978,#18985),.PCURVE_S1.);
#18974 = LINE('',#18975,#18976);
#18975 = CARTESIAN_POINT('',(0.175,1.25,-9.992007221626E-16));
#18976 = VECTOR('',#18977,1.);
#18977 = DIRECTION('',(1.,-5.243344273594E-32,-2.289834988289E-16));
#18978 = PCURVE('',#17614,#18979);
#18979 = DEFINITIONAL_REPRESENTATION('',(#18980),#18984);
#18980 = LINE('',#18981,#18982);
#18981 = CARTESIAN_POINT('',(7.071067811866E-02,-1.144917494145E-17));
#18982 = VECTOR('',#18983,1.);
#18983 = DIRECTION('',(2.465190328816E-32,-1.));
#18984 = ( GEOMETRIC_REPRESENTATION_CONTEXT(2) 
PARAMETRIC_REPRESENTATION_CONTEXT() REPRESENTATION_CONTEXT('2D SPACE',''
  ) );
#18985 = PCURVE('',#17642,#18986);
#18986 = DEFINITIONAL_REPRESENTATION('',(#18987),#18991);
#18987 = LINE('',#18988,#18989);
#18988 = CARTESIAN_POINT('',(0.,0.));
#18989 = VECTOR('',#18990,1.);
#18990 = DIRECTION('',(-2.080052407982E-46,-1.));
#18991 = ( GEOMETRIC_REPRESENTATION_CONTEXT(2) 
PARAMETRIC_REPRESENTATION_CONTEXT() REPRESENTATION_CONTEXT('2D SPACE',''
  ) );
#18992 = ORIENTED_EDGE('',*,*,#17598,.F.);
#18993 = ADVANCED_FACE('',(#18994),#17642,.T.);
#18994 = FACE_BOUND('',#18995,.T.);
#18995 = EDGE_LOOP('',(#18996,#18997,#18998,#19019));
#18996 = ORIENTED_EDGE('',*,*,#18972,.T.);
#18997 = ORIENTED_EDGE('',*,*,#17910,.T.);
#18998 = ORIENTED_EDGE('',*,*,#18999,.F.);
#18999 = EDGE_CURVE('',#17627,#17888,#19000,.T.);
#19000 = SURFACE_CURVE('',#19001,(#19005,#19012),.PCURVE_S1.);
#19001 = LINE('',#19002,#19003);
#19002 = CARTESIAN_POINT('',(0.175,0.92,-8.881784197001E-16));
#19003 = VECTOR('',#19004,1.);
#19004 = DIRECTION('',(1.,-5.243344273594E-32,-2.289834988289E-16));
#19005 = PCURVE('',#17642,#19006);
#19006 = DEFINITIONAL_REPRESENTATION('',(#19007),#19011);
#19007 = LINE('',#19008,#19009);
#19008 = CARTESIAN_POINT('',(0.33,5.473822126269E-48));
#19009 = VECTOR('',#19010,1.);
#19010 = DIRECTION('',(-2.080052407982E-46,-1.));
#19011 = ( GEOMETRIC_REPRESENTATION_CONTEXT(2) 
PARAMETRIC_REPRESENTATION_CONTEXT() REPRESENTATION_CONTEXT('2D SPACE',''
  ) );
#19012 = PCURVE('',#17670,#19013);
#19013 = DEFINITIONAL_REPRESENTATION('',(#19014),#19018);
#19014 = LINE('',#19015,#19016);
#19015 = CARTESIAN_POINT('',(0.,0.));
#19016 = VECTOR('',#19017,1.);
#19017 = DIRECTION('',(0.,-1.));
#19018 = ( GEOMETRIC_REPRESENTATION_CONTEXT(2) 
PARAMETRIC_REPRESENTATION_CONTEXT() REPRESENTATION_CONTEXT('2D SPACE',''
  ) );
#19019 = ORIENTED_EDGE('',*,*,#17626,.T.);
#19020 = ADVANCED_FACE('',(#19021),#17670,.T.);
#19021 = FACE_BOUND('',#19022,.T.);
#19022 = EDGE_LOOP('',(#19023,#19024,#19025,#19026));
#19023 = ORIENTED_EDGE('',*,*,#17654,.F.);
#19024 = ORIENTED_EDGE('',*,*,#18999,.T.);
#19025 = ORIENTED_EDGE('',*,*,#17887,.T.);
#19026 = ORIENTED_EDGE('',*,*,#19027,.F.);
#19027 = EDGE_CURVE('',#17655,#17864,#19028,.T.);
#19028 = SURFACE_CURVE('',#19029,(#19033,#19040),.PCURVE_S1.);
#19029 = LINE('',#19030,#19031);
#19030 = CARTESIAN_POINT('',(0.175,0.92,3.619548911246E-02));
#19031 = VECTOR('',#19032,1.);
#19032 = DIRECTION('',(1.,-5.243344273594E-32,-2.289834988289E-16));
#19033 = PCURVE('',#17670,#19034);
#19034 = DEFINITIONAL_REPRESENTATION('',(#19035),#19039);
#19035 = LINE('',#19036,#19037);
#19036 = CARTESIAN_POINT('',(3.619548911246E-02,8.288169738796E-18));
#19037 = VECTOR('',#19038,1.);
#19038 = DIRECTION('',(0.,-1.));
#19039 = ( GEOMETRIC_REPRESENTATION_CONTEXT(2) 
PARAMETRIC_REPRESENTATION_CONTEXT() REPRESENTATION_CONTEXT('2D SPACE',''
  ) );
#19040 = PCURVE('',#17699,#19041);
#19041 = DEFINITIONAL_REPRESENTATION('',(#19042),#19046);
#19042 = LINE('',#19043,#19044);
#19043 = CARTESIAN_POINT('',(3.14159265359,0.));
#19044 = VECTOR('',#19045,1.);
#19045 = DIRECTION('',(0.,1.));
#19046 = ( GEOMETRIC_REPRESENTATION_CONTEXT(2) 
PARAMETRIC_REPRESENTATION_CONTEXT() REPRESENTATION_CONTEXT('2D SPACE',''
  ) );
#19047 = ADVANCED_FACE('',(#19048),#17699,.T.);
#19048 = FACE_BOUND('',#19049,.T.);
#19049 = EDGE_LOOP('',(#19050,#19051,#19052,#19073));
#19050 = ORIENTED_EDGE('',*,*,#19027,.T.);
#19051 = ORIENTED_EDGE('',*,*,#17863,.F.);
#19052 = ORIENTED_EDGE('',*,*,#19053,.F.);
#19053 = EDGE_CURVE('',#17683,#17841,#19054,.T.);
#19054 = SURFACE_CURVE('',#19055,(#19059,#19066),.PCURVE_S1.);
#19055 = LINE('',#19056,#19057);
#19056 = CARTESIAN_POINT('',(0.175,0.943186633611,6.541154699934E-02));
#19057 = VECTOR('',#19058,1.);
#19058 = DIRECTION('',(1.,-5.243344273594E-32,-2.289834988289E-16));
#19059 = PCURVE('',#17699,#19060);
#19060 = DEFINITIONAL_REPRESENTATION('',(#19061),#19065);
#19061 = LINE('',#19062,#19063);
#19062 = CARTESIAN_POINT('',(1.799907705522,-2.775557561563E-17));
#19063 = VECTOR('',#19064,1.);
#19064 = DIRECTION('',(0.,1.));
#19065 = ( GEOMETRIC_REPRESENTATION_CONTEXT(2) 
PARAMETRIC_REPRESENTATION_CONTEXT() REPRESENTATION_CONTEXT('2D SPACE',''
  ) );
#19066 = PCURVE('',#17727,#19067);
#19067 = DEFINITIONAL_REPRESENTATION('',(#19068),#19072);
#19068 = LINE('',#19069,#19070);
#19069 = CARTESIAN_POINT('',(0.,0.));
#19070 = VECTOR('',#19071,1.);
#19071 = DIRECTION('',(-9.244463733059E-32,-1.));
#19072 = ( GEOMETRIC_REPRESENTATION_CONTEXT(2) 
PARAMETRIC_REPRESENTATION_CONTEXT() REPRESENTATION_CONTEXT('2D SPACE',''
  ) );
#19073 = ORIENTED_EDGE('',*,*,#17682,.T.);
#19074 = ADVANCED_FACE('',(#19075),#17727,.T.);
#19075 = FACE_BOUND('',#19076,.T.);
#19076 = EDGE_LOOP('',(#19077,#19078,#19079,#19080));
#19077 = ORIENTED_EDGE('',*,*,#19053,.T.);
#19078 = ORIENTED_EDGE('',*,*,#17840,.T.);
#19079 = ORIENTED_EDGE('',*,*,#17792,.T.);
#19080 = ORIENTED_EDGE('',*,*,#17711,.F.);
#19081 = ADVANCED_FACE('',(#19082),#9550,.T.);
#19082 = FACE_BOUND('',#19083,.T.);
#19083 = EDGE_LOOP('',(#19084,#19085,#19086,#19087));
#19084 = ORIENTED_EDGE('',*,*,#11520,.F.);
#19085 = ORIENTED_EDGE('',*,*,#17489,.F.);
#19086 = ORIENTED_EDGE('',*,*,#9534,.F.);
#19087 = ORIENTED_EDGE('',*,*,#11928,.T.);
#19088 = ADVANCED_FACE('',(#19089),#9903,.T.);
#19089 = FACE_BOUND('',#19090,.T.);
#19090 = EDGE_LOOP('',(#19091,#19116,#19137,#19138));
#19091 = ORIENTED_EDGE('',*,*,#19092,.F.);
#19092 = EDGE_CURVE('',#19093,#19095,#19097,.T.);
#19093 = VERTEX_POINT('',#19094);
#19094 = CARTESIAN_POINT('',(1.6,0.92,8.E-02));
#19095 = VERTEX_POINT('',#19096);
#19096 = CARTESIAN_POINT('',(1.6,1.,8.E-02));
#19097 = SURFACE_CURVE('',#19098,(#19102,#19109),.PCURVE_S1.);
#19098 = LINE('',#19099,#19100);
#19099 = CARTESIAN_POINT('',(1.6,0.694863,8.E-02));
#19100 = VECTOR('',#19101,1.);
#19101 = DIRECTION('',(-1.224606353822E-16,1.,-2.289834988289E-16));
#19102 = PCURVE('',#9903,#19103);
#19103 = DEFINITIONAL_REPRESENTATION('',(#19104),#19108);
#19104 = LINE('',#19105,#19106);
#19105 = CARTESIAN_POINT('',(-3.535533905933E-02,-0.155137));
#19106 = VECTOR('',#19107,1.);
#19107 = DIRECTION('',(8.716389750491E-16,1.));
#19108 = ( GEOMETRIC_REPRESENTATION_CONTEXT(2) 
PARAMETRIC_REPRESENTATION_CONTEXT() REPRESENTATION_CONTEXT('2D SPACE',''
  ) );
#19109 = PCURVE('',#4004,#19110);
#19110 = DEFINITIONAL_REPRESENTATION('',(#19111),#19115);
#19111 = LINE('',#19112,#19113);
#19112 = CARTESIAN_POINT('',(0.305137,6.25E-02));
#19113 = VECTOR('',#19114,1.);
#19114 = DIRECTION('',(-1.,1.224606353822E-16));
#19115 = ( GEOMETRIC_REPRESENTATION_CONTEXT(2) 
PARAMETRIC_REPRESENTATION_CONTEXT() REPRESENTATION_CONTEXT('2D SPACE',''
  ) );
#19116 = ORIENTED_EDGE('',*,*,#19117,.T.);
#19117 = EDGE_CURVE('',#19093,#9888,#19118,.T.);
#19118 = SURFACE_CURVE('',#19119,(#19123,#19130),.PCURVE_S1.);
#19119 = LINE('',#19120,#19121);
#19120 = CARTESIAN_POINT('',(1.5488325,0.694863,2.88325E-02));
#19121 = VECTOR('',#19122,1.);
#19122 = DIRECTION('',(-0.216371161204,-0.952033109297,-0.216371161204)
  );
#19123 = PCURVE('',#9903,#19124);
#19124 = DEFINITIONAL_REPRESENTATION('',(#19125),#19129);
#19125 = LINE('',#19126,#19127);
#19126 = CARTESIAN_POINT('',(3.70064333934E-02,-0.155137));
#19127 = VECTOR('',#19128,1.);
#19128 = DIRECTION('',(0.305995030681,-0.952033109297));
#19129 = ( GEOMETRIC_REPRESENTATION_CONTEXT(2) 
PARAMETRIC_REPRESENTATION_CONTEXT() REPRESENTATION_CONTEXT('2D SPACE',''
  ) );
#19130 = PCURVE('',#4081,#19131);
#19131 = DEFINITIONAL_REPRESENTATION('',(#19132),#19136);
#19132 = LINE('',#19133,#19134);
#19133 = CARTESIAN_POINT('',(0.230878283572,0.1136675));
#19134 = VECTOR('',#19135,1.);
#19135 = DIRECTION('',(0.976311180208,0.216371161204));
#19136 = ( GEOMETRIC_REPRESENTATION_CONTEXT(2) 
PARAMETRIC_REPRESENTATION_CONTEXT() REPRESENTATION_CONTEXT('2D SPACE',''
  ) );
#19137 = ORIENTED_EDGE('',*,*,#9887,.F.);
#19138 = ORIENTED_EDGE('',*,*,#19139,.F.);
#19139 = EDGE_CURVE('',#19095,#9860,#19140,.T.);
#19140 = SURFACE_CURVE('',#19141,(#19145,#19152),.PCURVE_S1.);
#19141 = LINE('',#19142,#19143);
#19142 = CARTESIAN_POINT('',(-14.,1.,-15.52));
#19143 = VECTOR('',#19144,1.);
#19144 = DIRECTION('',(-0.707106781187,-1.064046335705E-16,
    -0.707106781187));
#19145 = PCURVE('',#9903,#19146);
#19146 = DEFINITIONAL_REPRESENTATION('',(#19147),#19151);
#19147 = LINE('',#19148,#19149);
#19148 = CARTESIAN_POINT('',(22.026376233961,0.15));
#19149 = VECTOR('',#19150,1.);
#19150 = DIRECTION('',(1.,-7.295350781106E-16));
#19151 = ( GEOMETRIC_REPRESENTATION_CONTEXT(2) 
PARAMETRIC_REPRESENTATION_CONTEXT() REPRESENTATION_CONTEXT('2D SPACE',''
  ) );
#19152 = PCURVE('',#9875,#19153);
#19153 = DEFINITIONAL_REPRESENTATION('',(#19154),#19158);
#19154 = LINE('',#19155,#19156);
#19155 = CARTESIAN_POINT('',(15.83,19.325));
#19156 = VECTOR('',#19157,1.);
#19157 = DIRECTION('',(0.707106781187,0.707106781187));
#19158 = ( GEOMETRIC_REPRESENTATION_CONTEXT(2) 
PARAMETRIC_REPRESENTATION_CONTEXT() REPRESENTATION_CONTEXT('2D SPACE',''
  ) );
#19159 = ADVANCED_FACE('',(#19160),#4081,.T.);
#19160 = FACE_BOUND('',#19161,.T.);
#19161 = EDGE_LOOP('',(#19162,#19163,#19164,#19185));
#19162 = ORIENTED_EDGE('',*,*,#9915,.T.);
#19163 = ORIENTED_EDGE('',*,*,#19117,.F.);
#19164 = ORIENTED_EDGE('',*,*,#19165,.F.);
#19165 = EDGE_CURVE('',#3984,#19093,#19166,.T.);
#19166 = SURFACE_CURVE('',#19167,(#19171,#19178),.PCURVE_S1.);
#19167 = LINE('',#19168,#19169);
#19168 = CARTESIAN_POINT('',(-14.,0.92,8.E-02));
#19169 = VECTOR('',#19170,1.);
#19170 = DIRECTION('',(-1.,5.243344273594E-32,2.289834988289E-16));
#19171 = PCURVE('',#4081,#19172);
#19172 = DEFINITIONAL_REPRESENTATION('',(#19173),#19177);
#19173 = LINE('',#19174,#19175);
#19174 = CARTESIAN_POINT('',(-1.749253556813E-18,15.6625));
#19175 = VECTOR('',#19176,1.);
#19176 = DIRECTION('',(-1.848892746612E-31,1.));
#19177 = ( GEOMETRIC_REPRESENTATION_CONTEXT(2) 
PARAMETRIC_REPRESENTATION_CONTEXT() REPRESENTATION_CONTEXT('2D SPACE',''
  ) );
#19178 = PCURVE('',#4004,#19179);
#19179 = DEFINITIONAL_REPRESENTATION('',(#19180),#19184);
#19180 = LINE('',#19181,#19182);
#19181 = CARTESIAN_POINT('',(8.E-02,15.6625));
#19182 = VECTOR('',#19183,1.);
#19183 = DIRECTION('',(2.080052407982E-46,1.));
#19184 = ( GEOMETRIC_REPRESENTATION_CONTEXT(2) 
PARAMETRIC_REPRESENTATION_CONTEXT() REPRESENTATION_CONTEXT('2D SPACE',''
  ) );
#19185 = ORIENTED_EDGE('',*,*,#4067,.F.);
#19186 = ADVANCED_FACE('',(#19187),#4004,.T.);
#19187 = FACE_BOUND('',#19188,.T.);
#19188 = EDGE_LOOP('',(#19189,#19190,#19191,#19212,#19213,#19234));
#19189 = ORIENTED_EDGE('',*,*,#19165,.T.);
#19190 = ORIENTED_EDGE('',*,*,#19092,.T.);
#19191 = ORIENTED_EDGE('',*,*,#19192,.F.);
#19192 = EDGE_CURVE('',#16030,#19095,#19193,.T.);
#19193 = SURFACE_CURVE('',#19194,(#19198,#19205),.PCURVE_S1.);
#19194 = LINE('',#19195,#19196);
#19195 = CARTESIAN_POINT('',(-14.,1.,8.E-02));
#19196 = VECTOR('',#19197,1.);
#19197 = DIRECTION('',(-1.,5.243344273594E-32,2.289834988289E-16));
#19198 = PCURVE('',#4004,#19199);
#19199 = DEFINITIONAL_REPRESENTATION('',(#19200),#19204);
#19200 = LINE('',#19201,#19202);
#19201 = CARTESIAN_POINT('',(8.198683773256E-31,15.6625));
#19202 = VECTOR('',#19203,1.);
#19203 = DIRECTION('',(2.080052407982E-46,1.));
#19204 = ( GEOMETRIC_REPRESENTATION_CONTEXT(2) 
PARAMETRIC_REPRESENTATION_CONTEXT() REPRESENTATION_CONTEXT('2D SPACE',''
  ) );
#19205 = PCURVE('',#9875,#19206);
#19206 = DEFINITIONAL_REPRESENTATION('',(#19207),#19211);
#19207 = LINE('',#19208,#19209);
#19208 = CARTESIAN_POINT('',(0.23,19.325));
#19209 = VECTOR('',#19210,1.);
#19210 = DIRECTION('',(0.,1.));
#19211 = ( GEOMETRIC_REPRESENTATION_CONTEXT(2) 
PARAMETRIC_REPRESENTATION_CONTEXT() REPRESENTATION_CONTEXT('2D SPACE',''
  ) );
#19212 = ORIENTED_EDGE('',*,*,#16029,.T.);
#19213 = ORIENTED_EDGE('',*,*,#19214,.F.);
#19214 = EDGE_CURVE('',#3982,#15756,#19215,.T.);
#19215 = SURFACE_CURVE('',#19216,(#19220,#19227),.PCURVE_S1.);
#19216 = LINE('',#19217,#19218);
#19217 = CARTESIAN_POINT('',(-14.,1.,8.E-02));
#19218 = VECTOR('',#19219,1.);
#19219 = DIRECTION('',(-1.,5.243344273594E-32,2.289834988289E-16));
#19220 = PCURVE('',#4004,#19221);
#19221 = DEFINITIONAL_REPRESENTATION('',(#19222),#19226);
#19222 = LINE('',#19223,#19224);
#19223 = CARTESIAN_POINT('',(-9.992007221626E-16,15.6625));
#19224 = VECTOR('',#19225,1.);
#19225 = DIRECTION('',(2.080052407982E-46,1.));
#19226 = ( GEOMETRIC_REPRESENTATION_CONTEXT(2) 
PARAMETRIC_REPRESENTATION_CONTEXT() REPRESENTATION_CONTEXT('2D SPACE',''
  ) );
#19227 = PCURVE('',#4032,#19228);
#19228 = DEFINITIONAL_REPRESENTATION('',(#19229),#19233);
#19229 = LINE('',#19230,#19231);
#19230 = CARTESIAN_POINT('',(0.23,16.325));
#19231 = VECTOR('',#19232,1.);
#19232 = DIRECTION('',(0.,1.));
#19233 = ( GEOMETRIC_REPRESENTATION_CONTEXT(2) 
PARAMETRIC_REPRESENTATION_CONTEXT() REPRESENTATION_CONTEXT('2D SPACE',''
  ) );
#19234 = ORIENTED_EDGE('',*,*,#3981,.T.);
#19235 = ADVANCED_FACE('',(#19236),#9875,.T.);
#19236 = FACE_BOUND('',#19237,.T.);
#19237 = EDGE_LOOP('',(#19238,#19239,#19240,#19241,#19242,#19243,#19244,
    #19245));
#19238 = ORIENTED_EDGE('',*,*,#16100,.T.);
#19239 = ORIENTED_EDGE('',*,*,#19192,.T.);
#19240 = ORIENTED_EDGE('',*,*,#19139,.T.);
#19241 = ORIENTED_EDGE('',*,*,#9859,.F.);
#19242 = ORIENTED_EDGE('',*,*,#11879,.T.);
#19243 = ORIENTED_EDGE('',*,*,#17359,.T.);
#19244 = ORIENTED_EDGE('',*,*,#14423,.F.);
#19245 = ORIENTED_EDGE('',*,*,#14622,.T.);
#19246 = ADVANCED_FACE('',(#19247),#4032,.T.);
#19247 = FACE_BOUND('',#19248,.T.);
#19248 = EDGE_LOOP('',(#19249,#19250,#19251,#19252,#19253,#19254,#19255,
    #19256));
#19249 = ORIENTED_EDGE('',*,*,#11126,.T.);
#19250 = ORIENTED_EDGE('',*,*,#8820,.F.);
#19251 = ORIENTED_EDGE('',*,*,#8556,.T.);
#19252 = ORIENTED_EDGE('',*,*,#9937,.F.);
#19253 = ORIENTED_EDGE('',*,*,#4016,.T.);
#19254 = ORIENTED_EDGE('',*,*,#19214,.T.);
#19255 = ORIENTED_EDGE('',*,*,#16005,.T.);
#19256 = ORIENTED_EDGE('',*,*,#14515,.T.);
#19257 = ADVANCED_FACE('',(#19258),#11637,.T.);
#19258 = FACE_BOUND('',#19259,.T.);
#19259 = EDGE_LOOP('',(#19260,#19261,#19262,#19263,#19264,#19265,#19266,
    #19267,#19268,#19269,#19270));
#19260 = ORIENTED_EDGE('',*,*,#11623,.T.);
#19261 = ORIENTED_EDGE('',*,*,#15731,.F.);
#19262 = ORIENTED_EDGE('',*,*,#15680,.T.);
#19263 = ORIENTED_EDGE('',*,*,#15631,.F.);
#19264 = ORIENTED_EDGE('',*,*,#15582,.T.);
#19265 = ORIENTED_EDGE('',*,*,#15533,.F.);
#19266 = ORIENTED_EDGE('',*,*,#15483,.F.);
#19267 = ORIENTED_EDGE('',*,*,#15455,.F.);
#19268 = ORIENTED_EDGE('',*,*,#15384,.T.);
#19269 = ORIENTED_EDGE('',*,*,#14470,.T.);
#19270 = ORIENTED_EDGE('',*,*,#14014,.T.);
#19271 = ( GEOMETRIC_REPRESENTATION_CONTEXT(3) 
GLOBAL_UNCERTAINTY_ASSIGNED_CONTEXT((#19275)) 
GLOBAL_UNIT_ASSIGNED_CONTEXT((#19272,#19273,#19274)) 
REPRESENTATION_CONTEXT('Context #1',
  '3D Context with UNIT and UNCERTAINTY') );
#19272 = ( LENGTH_UNIT() NAMED_UNIT(*) SI_UNIT(.MILLI.,.METRE.) );
#19273 = ( NAMED_UNIT(*) PLANE_ANGLE_UNIT() SI_UNIT($,.RADIAN.) );
#19274 = ( NAMED_UNIT(*) SI_UNIT($,.STERADIAN.) SOLID_ANGLE_UNIT() );
#19275 = UNCERTAINTY_MEASURE_WITH_UNIT(LENGTH_MEASURE(1.E-07),#19272,
  'distance_accuracy_value','confusion accuracy');
#19276 = CONTEXT_DEPENDENT_SHAPE_REPRESENTATION(#19277,#19279);
#19277 = ( REPRESENTATION_RELATIONSHIP('','',#32,#10) 
REPRESENTATION_RELATIONSHIP_WITH_TRANSFORMATION(#19278) 
SHAPE_REPRESENTATION_RELATIONSHIP() );
#19278 = ITEM_DEFINED_TRANSFORMATION('','',#11,#15);
#19279 = PRODUCT_DEFINITION_SHAPE('Placement','Placement of an item',
  #19280);
#19280 = NEXT_ASSEMBLY_USAGE_OCCURRENCE('8','Connector','',#5,#27,$);
#19281 = PRODUCT_RELATED_PRODUCT_CATEGORY('part',$,(#29));
#19282 = MECHANICAL_DESIGN_GEOMETRIC_PRESENTATION_REPRESENTATION('',(
    #19283),#19271);
#19283 = STYLED_ITEM('color',(#19284),#33);
#19284 = PRESENTATION_STYLE_ASSIGNMENT((#19285));
#19285 = SURFACE_STYLE_USAGE(.BOTH.,#19286);
#19286 = SURFACE_SIDE_STYLE('',(#19287));
#19287 = SURFACE_STYLE_FILL_AREA(#19288);
#19288 = FILL_AREA_STYLE('',(#19289));
#19289 = FILL_AREA_STYLE_COLOUR('',#19290);
#19290 = COLOUR_RGB('',0.1599999992,0.170000001676,0.180000002302);
ENDSEC;
END-ISO-10303-21;
